-- phpMyAdmin SQL Dump
-- version 4.9.2
-- https://www.phpmyadmin.net/
--
-- Máy chủ: 127.0.0.1
-- Thời gian đã tạo: Th2 02, 2021 lúc 03:56 AM
-- Phiên bản máy phục vụ: 10.4.11-MariaDB
-- Phiên bản PHP: 7.3.13

SET SQL_MODE = "NO_AUTO_VALUE_ON_ZERO";
SET AUTOCOMMIT = 0;
START TRANSACTION;
SET time_zone = "+00:00";


/*!40101 SET @OLD_CHARACTER_SET_CLIENT=@@CHARACTER_SET_CLIENT */;
/*!40101 SET @OLD_CHARACTER_SET_RESULTS=@@CHARACTER_SET_RESULTS */;
/*!40101 SET @OLD_COLLATION_CONNECTION=@@COLLATION_CONNECTION */;
/*!40101 SET NAMES utf8mb4 */;

--
-- Cơ sở dữ liệu: `doan4`
--

-- --------------------------------------------------------

--
-- Cấu trúc bảng cho bảng `ctdiemdanh`
--

CREATE TABLE `ctdiemdanh` (
  `ID` int(11) NOT NULL,
  `MaDD` int(11) NOT NULL,
  `MaHS` int(11) NOT NULL,
  `TrangThai` int(1) NOT NULL,
  `created_at` timestamp NULL DEFAULT NULL,
  `updated_at` timestamp NULL DEFAULT NULL
) ENGINE=InnoDB DEFAULT CHARSET=utf8mb4 COLLATE=utf8mb4_vietnamese_ci;

--
-- Đang đổ dữ liệu cho bảng `ctdiemdanh`
--

INSERT INTO `ctdiemdanh` (`ID`, `MaDD`, `MaHS`, `TrangThai`, `created_at`, `updated_at`) VALUES
(61, 10, 10117050, 0, '2020-07-03 19:35:12', '2020-07-03 19:35:12'),
(62, 10, 10117113, 1, '2020-07-03 19:35:12', '2020-07-03 19:35:12'),
(63, 10, 10117141, 0, '2020-07-03 19:35:12', '2020-07-03 19:35:12'),
(64, 10, 10117168, 1, '2020-07-03 19:35:12', '2020-07-03 19:35:12'),
(65, 10, 10117190, 0, '2020-07-03 19:35:12', '2020-07-03 19:35:12'),
(66, 10, 10117209, 1, '2020-07-03 19:35:12', '2020-07-03 19:35:12'),
(67, 10, 10117232, 0, '2020-07-03 19:35:12', '2020-07-03 19:35:12'),
(68, 10, 10117240, 0, '2020-07-03 19:35:12', '2020-07-03 19:35:12'),
(69, 10, 10117285, 0, '2020-07-03 19:35:12', '2020-07-03 19:35:12'),
(70, 10, 10117352, 0, '2020-07-03 19:35:12', '2020-07-03 19:35:12'),
(71, 10, 10117355, 0, '2020-07-03 19:35:12', '2020-07-03 19:35:12'),
(72, 10, 10117385, 0, '2020-07-03 19:35:12', '2020-07-03 19:35:12'),
(73, 10, 10117391, 0, '2020-07-03 19:35:12', '2020-07-03 19:35:12'),
(74, 10, 10117392, 0, '2020-07-03 19:35:12', '2020-07-03 19:35:12');

-- --------------------------------------------------------

--
-- Cấu trúc bảng cho bảng `day`
--

CREATE TABLE `day` (
  `MaDayHoc` varchar(5) COLLATE utf8_vietnamese_ci NOT NULL,
  `MaMonHoc` varchar(5) COLLATE utf8_vietnamese_ci NOT NULL,
  `Magv` varchar(8) COLLATE utf8_vietnamese_ci NOT NULL,
  `MaLopHoc` varchar(10) COLLATE utf8_vietnamese_ci NOT NULL,
  `MaHocKy` varchar(5) COLLATE utf8_vietnamese_ci NOT NULL,
  `MoTaPhanCong` varchar(50) COLLATE utf8_vietnamese_ci NOT NULL,
  `created_at` timestamp NULL DEFAULT NULL,
  `updated_at` timestamp NULL DEFAULT NULL
) ENGINE=InnoDB DEFAULT CHARSET=utf8 COLLATE=utf8_vietnamese_ci;

--
-- Đang đổ dữ liệu cho bảng `day`
--

INSERT INTO `day` (`MaDayHoc`, `MaMonHoc`, `Magv`, `MaLopHoc`, `MaHocKy`, `MoTaPhanCong`, `created_at`, `updated_at`) VALUES
('1', 'T', '1010', '10A1', '12016', 'nhan', NULL, NULL),
('2', 'A', '1012', '10A2', '12016', 'Phân Công Môn Toán', NULL, NULL),
('3', 'T', '1010', '10A2', '12016', 'sdsd', NULL, NULL);

-- --------------------------------------------------------

--
-- Cấu trúc bảng cho bảng `diem`
--

CREATE TABLE `diem` (
  `id` int(6) NOT NULL,
  `MaHocKy` varchar(5) COLLATE utf8_vietnamese_ci NOT NULL,
  `MaMonHoc` varchar(5) COLLATE utf8_vietnamese_ci NOT NULL,
  `MaHS` int(8) NOT NULL,
  `MaLopHoc` varchar(10) COLLATE utf8_vietnamese_ci NOT NULL,
  `DiemMieng` varchar(8) COLLATE utf8_vietnamese_ci NOT NULL,
  `Diem15Phut` varchar(8) COLLATE utf8_vietnamese_ci NOT NULL,
  `Diem1Tiet` varchar(8) COLLATE utf8_vietnamese_ci NOT NULL,
  `DiemHK` varchar(4) COLLATE utf8_vietnamese_ci NOT NULL,
  `DiemTB` float NOT NULL,
  `created_at` timestamp NULL DEFAULT NULL,
  `updated_at` timestamp NULL DEFAULT NULL
) ENGINE=InnoDB DEFAULT CHARSET=utf8 COLLATE=utf8_vietnamese_ci;

--
-- Đang đổ dữ liệu cho bảng `diem`
--

INSERT INTO `diem` (`id`, `MaHocKy`, `MaMonHoc`, `MaHS`, `MaLopHoc`, `DiemMieng`, `Diem15Phut`, `Diem1Tiet`, `DiemHK`, `DiemTB`, `created_at`, `updated_at`) VALUES
(1, '22019', 'A', 10117367, '10A1', '5', '8, 10', '8, 8', '6', 6.64, NULL, NULL),
(2, '22019', 'A', 10117173, '10A1', '6', '9, 7', '9, 5', '9', 7, NULL, NULL),
(3, '22019', 'A', 10117155, '10A1', '10', '6, 10', '6, 10', '10', 8, NULL, NULL),
(4, '22019', 'A', 10117214, '10A1', '9', '10, 10', '10, 9', '5', 7.45, NULL, NULL),
(5, '22019', 'A', 10117159, '10A1', '5', '7, 8', '7, 10', '10', 7.64, NULL, NULL),
(6, '22019', 'A', 10117224, '10A1', '6', '8, 7', '9, 9', '5', 6.55, NULL, NULL),
(7, '22019', 'A', 10117160, '10A1', '6', '9, 6', '8, 9', '7', 6.91, NULL, NULL),
(8, '22019', 'A', 10117211, '10A1', '10', '8, 5', '10, 6', '8', 7.18, NULL, NULL),
(9, '22019', 'A', 10117414, '10A1', '7', '10, 6', '8, 5', '6', 6.09, NULL, NULL),
(10, '22019', 'A', 10117378, '10A1', '6', '6, 8', '6, 7', '5', 5.55, NULL, NULL),
(11, '22019', 'A', 10117121, '10A1', '5', '9, 9', '8, 9', '9', 7.64, NULL, NULL),
(12, '22019', 'A', 10117230, '10A1', '9', '5, 8', '7, 8', '5', 6.09, NULL, NULL),
(13, '22019', 'A', 10117154, '10A1', '6', '7, 7', '5, 9', '7', 6.27, NULL, NULL),
(14, '22019', 'A', 10117394, '10A1', '5', '8, 6', '7, 10', '6', 6.45, NULL, NULL),
(15, '22019', 'A', 10117203, '10A1', '6', '10, 6', '9, 10', '7', 7.36, NULL, NULL),
(16, '22019', 'A', 10117197, '10A2', '10', '8, 5', '7, 8', '10', 7.55, NULL, NULL),
(17, '22019', 'A', 10117215, '10A2', '5', '7, 8', '5, 8', '9', 6.64, NULL, NULL),
(18, '22019', 'A', 10117396, '10A2', '7', '6, 9', '7, 5', '10', 6.91, NULL, NULL),
(19, '22019', 'A', 10117416, '10A2', '6', '5, 6', '10, 7', '6', 6.27, NULL, NULL),
(20, '22019', 'A', 10117063, '10A2', '5', '8, 10', '7, 9', '7', 6.91, NULL, NULL),
(21, '22019', 'A', 10117174, '10A2', '6', '8, 6', '6, 5', '9', 6.27, NULL, NULL),
(22, '22019', 'A', 10117227, '10A2', '6', '8, 7', '9, 7', '6', 6.45, NULL, NULL),
(23, '22019', 'A', 10117279, '10A2', '6', '5, 9', '5, 10', '7', 6.45, NULL, NULL),
(24, '22019', 'A', 10117277, '10A2', '8', '7, 9', '6, 10', '8', 7.27, NULL, NULL),
(25, '22019', 'A', 10117208, '10A2', '7', '9, 6', '10, 10', '5', 7, NULL, NULL),
(26, '22019', 'A', 10117200, '10A2', '10', '6, 10', '5, 5', '7', 6.09, NULL, NULL),
(27, '22019', 'A', 10117413, '10A2', '8', '5, 5', '6, 7', '7', 5.91, NULL, NULL),
(28, '22019', 'A', 10117244, '10A2', '7', '9, 8', '10, 5', '8', 7.09, NULL, NULL),
(29, '22019', 'A', 10117228, '10A2', '8', '6, 10', '7, 10', '7', 7.18, NULL, NULL),
(30, '22019', 'A', 10117237, '10A2', '8', '7, 7', '7, 6', '5', 5.73, NULL, NULL),
(31, '22019', 'A', 10117285, '10A3', '7', '10, 6', '9, 9', '7', 7.27, NULL, NULL),
(32, '22019', 'A', 10117352, '10A3', '9', '7, 5', '10, 10', '5', 6.91, NULL, NULL),
(33, '22019', 'A', 10117355, '10A3', '5', '7, 10', '9, 5', '5', 5.91, NULL, NULL),
(34, '22019', 'A', 10117141, '10A3', '7', '7, 7', '5, 8', '10', 7, NULL, NULL),
(35, '22019', 'A', 10117240, '10A3', '9', '8, 5', '10, 8', '10', 8, NULL, NULL),
(36, '22019', 'A', 10117209, '10A3', '10', '5, 7', '6, 10', '8', 7.09, NULL, NULL),
(37, '22019', 'A', 10117232, '10A3', '6', '10, 6', '9, 5', '6', 6.18, NULL, NULL),
(38, '22019', 'A', 10117113, '10A3', '10', '5, 9', '7, 8', '10', 7.64, NULL, NULL),
(39, '22019', 'A', 10117391, '10A3', '8', '6, 7', '7, 8', '9', 7.09, NULL, NULL),
(40, '22019', 'A', 10117385, '10A3', '10', '10, 6', '7, 10', '8', 7.64, NULL, NULL),
(41, '22019', 'A', 10117190, '10A3', '10', '9, 5', '9, 9', '10', 8.18, NULL, NULL),
(42, '22019', 'A', 10117392, '10A3', '10', '9, 8', '5, 7', '5', 6, NULL, NULL),
(43, '22019', 'A', 10117168, '10A3', '8', '8, 9', '8, 10', '8', 7.73, NULL, NULL),
(44, '22019', 'A', 10117050, '10A3', '6', '9, 8', '10, 8', '7', 7.27, NULL, NULL),
(45, '22019', 'A', 10117077, '10A4', '6', '9, 5', '10, 9', '9', 8.43, NULL, '2020-06-28 01:56:38'),
(46, '22019', 'A', 10117015, '10A4', '9', '9, 5', '10, 9', '9', 8.86, NULL, '2020-06-28 01:56:38'),
(47, '22019', 'A', 10117056, '10A4', '5', '9, 8', '7, 7', '5', 6.07, NULL, '2020-06-28 01:56:38'),
(48, '22019', 'A', 10116175, '10A4', '8', '9, 5', '10, 9', '9', 8.71, NULL, '2020-06-28 01:56:38'),
(49, '22019', 'A', 10117006, '10A4', '8', '9, 5', '10, 9', '9', 8.71, NULL, '2020-06-28 01:56:38'),
(50, '22019', 'A', 10117029, '10A4', '8', '9, 5', '10, 9', '9', 8.71, NULL, '2020-06-28 01:56:38'),
(51, '22019', 'A', 10117408, '10A4', '10', '9, 5', '10, 9', '10', 9.43, NULL, '2020-06-28 01:56:38'),
(52, '22019', 'A', 10117252, '10A4', '8', '9, 5', '10, 9', '9', 8.71, NULL, '2020-06-28 01:56:38'),
(53, '22019', 'A', 10117009, '10A4', '8', '9, 5', '10, 9', '9', 8.71, NULL, '2020-06-28 01:56:38'),
(54, '22019', 'A', 10117005, '10A4', '8', '9, 5', '10, 9', '9', 8.71, NULL, '2020-06-28 01:56:38'),
(55, '22019', 'A', 10616111, '10A4', '8', '9, 5', '10, 9', '9', 8.71, NULL, '2020-06-28 01:56:38'),
(56, '22019', 'A', 10116199, '10A4', '7', '8, 7', '7, 9', '8', 7.79, NULL, '2020-06-28 01:56:38'),
(57, '22019', 'A', 10117085, '10A4', '8', '9, 5', '10, 9', '9', 8.71, NULL, '2020-06-28 01:56:38'),
(58, '22019', 'A', 10116322, '10A4', '8', '9, 5', '10, 9', '9', 8.71, NULL, '2020-06-28 01:56:38'),
(59, '22019', 'A', 10117404, '10A4', '7', '7, 8', '8, 7', '8', 7.64, NULL, '2020-06-28 01:56:38'),
(60, '22019', 'A', 10117097, '10A5', '9', '10, 10', '9, 5', '8', 7.36, NULL, NULL),
(61, '22019', 'A', 10117073, '10A5', '5', '10, 8', '8, 10', '8', 7.55, NULL, NULL),
(62, '22019', 'A', 10117060, '10A5', '9', '10, 5', '10, 5', '10', 7.64, NULL, NULL),
(63, '22019', 'A', 10117049, '10A5', '9', '10, 7', '9, 6', '9', 7.55, NULL, NULL),
(64, '22019', 'A', 10117098, '10A5', '5', '10, 10', '7, 8', '5', 6.36, NULL, NULL),
(65, '22019', 'A', 10117040, '10A5', '8', '10, 8', '8, 6', '6', 6.55, NULL, NULL),
(66, '22019', 'A', 10117370, '10A5', '10', '5, 10', '9, 6', '7', 6.91, NULL, NULL),
(67, '22019', 'A', 10117018, '10A5', '9', '6, 10', '5, 7', '8', 6.64, NULL, NULL),
(68, '22019', 'A', 10117371, '10A5', '6', '7, 8', '6, 9', '7', 6.55, NULL, NULL),
(69, '22019', 'A', 10117066, '10A5', '6', '10, 7', '5, 10', '6', 6.45, NULL, NULL),
(70, '22019', 'A', 10117424, '10A5', '6', '7, 6', '5, 5', '9', 6, NULL, NULL),
(71, '22019', 'A', 10117112, '10A5', '8', '7, 8', '7, 6', '5', 5.82, NULL, NULL),
(72, '22019', 'A', 10117059, '10A5', '5', '8, 5', '10, 10', '5', 6.64, NULL, NULL),
(73, '22019', 'A', 10117004, '10A5', '6', '8, 9', '5, 9', '5', 6, NULL, NULL),
(74, '22019', 'A', 10117089, '10A5', '8', '6, 9', '6, 9', '9', 7.27, NULL, NULL),
(75, '22019', 'A', 10117038, '11A1', '7', '5, 10', '9, 7', '7', 6.82, NULL, NULL),
(76, '22019', 'A', 10117071, '11A1', '9', '5, 5', '8, 10', '9', 7.45, NULL, NULL),
(77, '22019', 'A', 10117067, '11A1', '9', '9, 8', '6, 9', '10', 7.82, NULL, NULL),
(78, '22019', 'A', 10117399, '11A1', '9', '7, 5', '7, 8', '9', 7.09, NULL, NULL),
(79, '22019', 'A', 10117034, '11A1', '9', '5, 7', '8, 10', '7', 7.09, NULL, NULL),
(80, '22019', 'A', 10117115, '11A1', '8', '10, 7', '6, 10', '6', 6.82, NULL, NULL),
(81, '22019', 'A', 10117152, '11A1', '9', '7, 8', '10, 8', '5', 6.82, NULL, NULL),
(82, '22019', 'A', 10117375, '11A1', '9', '10, 8', '8, 10', '10', 8.45, NULL, NULL),
(83, '22019', 'A', 10117376, '11A1', '9', '10, 9', '9, 8', '7', 7.55, NULL, NULL),
(84, '22019', 'A', 10117101, '11A1', '10', '10, 8', '10, 9', '7', 7.91, NULL, NULL),
(85, '22019', 'A', 10117243, '11A1', '7', '7, 5', '10, 9', '9', 7.64, NULL, NULL),
(86, '22019', 'A', 10116158, '11A1', '7', '9, 8', '8, 5', '5', 5.91, NULL, NULL),
(87, '22019', 'A', 10117143, '11A1', '9', '9, 9', '6, 9', '9', 7.64, NULL, NULL),
(88, '22019', 'A', 10117053, '11A1', '6', '9, 9', '5, 7', '5', 5.73, NULL, NULL),
(89, '22019', 'A', 10117036, '11A1', '10', '7, 8', '6, 6', '7', 6.36, NULL, NULL),
(90, '22019', 'A', 10117058, '11A2', '6', '7, 8', '10, 9', '7', 7.27, NULL, NULL),
(91, '22019', 'A', 10117289, '11A2', '6', '7, 8', '8, 10', '5', 6.55, NULL, NULL),
(92, '22019', 'A', 10117202, '11A2', '6', '9, 5', '5, 10', '5', 5.91, NULL, NULL),
(93, '22019', 'A', 10117074, '11A2', '7', '8, 6', '8, 7', '8', 6.82, NULL, NULL),
(94, '22019', 'A', 10117276, '11A2', '6', '7, 10', '9, 5', '9', 7.09, NULL, NULL),
(95, '22019', 'A', 10117185, '11A2', '10', '8, 8', '9, 5', '7', 6.82, NULL, NULL),
(96, '22019', 'A', 10117195, '11A2', '6', '10, 8', '6, 7', '9', 7, NULL, NULL),
(97, '22019', 'A', 10117192, '11A2', '5', '5, 5', '7, 10', '5', 5.82, NULL, NULL),
(98, '22019', 'A', 10117125, '11A2', '5', '7, 10', '5, 7', '5', 5.55, NULL, NULL),
(99, '22019', 'A', 10117199, '11A2', '7', '5, 8', '7, 6', '6', 5.82, NULL, NULL),
(100, '22019', 'A', 10117003, '11A2', '10', '7, 10', '6, 9', '8', 7.36, NULL, NULL),
(101, '22019', 'A', 10117196, '11A2', '5', '9, 8', '7, 9', '5', 6.27, NULL, NULL),
(102, '22019', 'A', 10117052, '11A2', '10', '7, 6', '8, 6', '7', 6.55, NULL, NULL),
(103, '22019', 'A', 10117223, '11A2', '8', '8, 7', '6, 7', '7', 6.36, NULL, NULL),
(104, '22019', 'A', 10117263, '11A2', '6', '10, 10', '9, 5', '7', 6.82, NULL, NULL),
(105, '22019', 'A', 10117234, '11A3', '10', '8, 9', '9, 7', '10', 8.09, NULL, NULL),
(106, '22019', 'A', 10117368, '11A3', '9', '5, 5', '6, 8', '7', 6.18, NULL, NULL),
(107, '22019', 'A', 10117055, '11A3', '8', '9, 5', '9, 7', '10', 7.64, NULL, NULL),
(108, '22019', 'A', 10117162, '11A3', '5', '8, 6', '10, 5', '7', 6.36, NULL, NULL),
(109, '22019', 'A', 10117390, '11A3', '9', '9, 5', '9, 5', '8', 6.82, NULL, NULL),
(110, '22019', 'A', 10117369, '11A3', '9', '7, 8', '7, 10', '6', 6.91, NULL, NULL),
(111, '22019', 'A', 10117286, '11A3', '7', '7, 7', '10, 9', '6', 7, NULL, NULL),
(112, '22019', 'A', 10117007, '11A3', '5', '5, 6', '7, 8', '5', 5.55, NULL, NULL),
(113, '22019', 'A', 10117262, '11A3', '9', '8, 10', '10, 9', '7', 7.82, NULL, NULL),
(114, '22019', 'A', 10117133, '11A3', '9', '7, 5', '10, 8', '8', 7.36, NULL, NULL),
(115, '22019', 'A', 10117253, '11A3', '8', '7, 8', '5, 5', '10', 6.64, NULL, NULL),
(116, '22019', 'A', 10117379, '11A3', '5', '10, 7', '5, 10', '7', 6.64, NULL, NULL),
(117, '22019', 'A', 10117216, '11A3', '7', '10, 7', '6, 8', '5', 6.09, NULL, NULL),
(118, '22019', 'A', 10117275, '11A3', '5', '8, 6', '5, 9', '5', 5.64, NULL, NULL),
(119, '22019', 'A', 10117136, '11A3', '10', '10, 6', '7, 5', '7', 6.45, NULL, NULL),
(120, '22019', 'A', 10117167, '11A4', '8', '9, 7', '5, 8', '10', 7.27, NULL, NULL),
(121, '22019', 'A', 10117039, '11A4', '9', '5, 5', '10, 10', '10', 8.09, NULL, NULL),
(122, '22019', 'A', 10117041, '11A4', '8', '7, 9', '6, 6', '9', 6.82, NULL, NULL),
(123, '22019', 'A', 10117080, '11A4', '9', '7, 6', '7, 8', '5', 6.09, NULL, NULL),
(124, '22019', 'A', 10116219, '11A4', '8', '7, 6', '6, 9', '8', 6.82, NULL, NULL),
(125, '22019', 'A', 10117088, '11A4', '9', '9, 5', '9, 10', '6', 7.18, NULL, NULL),
(126, '22019', 'A', 10117373, '11A4', '7', '9, 7', '7, 6', '5', 5.82, NULL, NULL),
(127, '22019', 'A', 10117177, '11A4', '9', '7, 7', '6, 8', '8', 6.82, NULL, NULL),
(128, '22019', 'A', 10117090, '11A4', '5', '7, 7', '10, 10', '10', 8.09, NULL, NULL),
(129, '22019', 'A', 10117420, '11A4', '5', '8, 8', '8, 7', '5', 6, NULL, NULL),
(130, '22019', 'A', 11417090, '11A4', '9', '6, 10', '10, 7', '8', 7.55, NULL, NULL),
(131, '22019', 'A', 10117241, '11A4', '8', '5, 7', '10, 7', '5', 6.27, NULL, NULL),
(132, '22019', 'A', 10117198, '11A4', '8', '5, 10', '8, 7', '6', 6.45, NULL, NULL),
(133, '22019', 'A', 10117238, '11A4', '7', '8, 5', '9, 8', '5', 6.27, NULL, NULL),
(134, '22019', 'A', 10117118, '11A4', '8', '7, 5', '9, 6', '9', 7, NULL, NULL),
(135, '22019', 'A', 10117225, '12A1', '9', '8, 10', '7, 10', '8', 7.73, NULL, NULL),
(136, '22019', 'A', 10117139, '12A1', '6', '5, 8', '9, 8', '5', 6.18, NULL, NULL),
(137, '22019', 'A', 10117082, '12A1', '9', '10, 6', '9, 10', '7', 7.64, NULL, NULL),
(138, '22019', 'A', 10117070, '12A1', '8', '9, 9', '5, 5', '10', 6.91, NULL, NULL),
(139, '22019', 'A', 10117166, '12A1', '10', '8, 8', '6, 10', '8', 7.45, NULL, NULL),
(140, '22019', 'A', 10117163, '12A1', '7', '5, 7', '9, 6', '6', 6.09, NULL, NULL),
(141, '22019', 'A', 10117178, '12A1', '9', '10, 5', '10, 5', '5', 6.27, NULL, NULL),
(142, '22019', 'A', 10117022, '12A1', '5', '9, 6', '7, 9', '10', 7.45, NULL, NULL),
(143, '22019', 'A', 10117095, '12A1', '10', '5, 7', '9, 7', '6', 6.55, NULL, NULL),
(144, '22019', 'A', 10117282, '12A1', '9', '5, 7', '8, 6', '5', 5.82, NULL, NULL),
(145, '22019', 'A', 10117179, '12A1', '6', '10, 8', '6, 10', '10', 7.82, NULL, NULL),
(146, '22019', 'A', 10117247, '12A1', '6', '8, 10', '7, 6', '5', 5.91, NULL, NULL),
(147, '22019', 'A', 10117142, '12A1', '9', '8, 6', '7, 7', '6', 6.27, NULL, NULL),
(148, '22019', 'A', 10117410, '12A1', '6', '5, 8', '5, 9', '6', 5.91, NULL, NULL),
(149, '22019', 'A', 10117256, '12A1', '9', '7, 8', '8, 7', '8', 7.09, NULL, NULL),
(150, '22019', 'A', 10117025, '12A2', '10', '9, 5', '8, 10', '9', 7.91, NULL, NULL),
(151, '22019', 'A', 10117207, '12A2', '6', '6, 7', '7, 9', '5', 6, NULL, NULL),
(152, '22019', 'A', 10117248, '12A2', '10', '5, 9', '5, 7', '7', 6.27, NULL, NULL),
(153, '22019', 'A', 11217347, '12A2', '9', '5, 9', '6, 10', '6', 6.64, NULL, NULL),
(154, '22019', 'A', 10117193, '12A2', '8', '10, 8', '6, 7', '10', 7.45, NULL, NULL),
(155, '22019', 'A', 10117175, '12A2', '6', '6, 10', '5, 5', '6', 5.45, NULL, NULL),
(156, '22019', 'A', 10117020, '12A2', '5', '8, 7', '7, 8', '10', 7.27, NULL, NULL),
(157, '22019', 'A', 10117151, '12A2', '10', '5, 5', '5, 5', '7', 5.55, NULL, NULL),
(158, '22019', 'A', 10117181, '12A2', '9', '5, 6', '10, 7', '9', 7.36, NULL, NULL),
(159, '22019', 'A', 10117189, '12A2', '8', '8, 7', '5, 6', '7', 6, NULL, NULL),
(160, '22019', 'A', 10117161, '12A2', '6', '5, 9', '6, 10', '10', 7.45, NULL, NULL),
(161, '22019', 'A', 10117381, '12A2', '10', '9, 6', '8, 6', '6', 6.45, NULL, NULL),
(162, '22019', 'A', 10117254, '12A2', '6', '9, 7', '5, 8', '6', 6, NULL, NULL),
(163, '22019', 'A', 10117102, '12A2', '9', '5, 9', '5, 10', '9', 7.27, NULL, NULL),
(164, '22019', 'A', 10117398, '12A2', '7', '10, 10', '9, 9', '5', 7.09, NULL, NULL),
(165, '22019', 'A', 11217376, '12A3', '6', '10, 6', '6, 10', '8', 7.09, NULL, NULL),
(166, '22019', 'A', 10117037, '12A3', '8', '9, 5', '9, 9', '6', 6.91, NULL, NULL),
(167, '22019', 'A', 10117264, '12A3', '5', '8, 5', '8, 5', '9', 6.45, NULL, NULL),
(168, '22019', 'A', 10117145, '12A3', '10', '10, 10', '8, 10', '6', 7.64, NULL, NULL),
(169, '22019', 'A', 10117406, '12A3', '8', '9, 9', '9, 8', '5', 6.82, NULL, NULL),
(170, '22019', 'A', 10117383, '12A3', '9', '6, 8', '7, 9', '8', 7.18, NULL, NULL),
(171, '22019', 'A', 10117135, '12A3', '5', '5, 5', '8, 9', '8', 6.64, NULL, NULL),
(172, '22019', 'A', 10117086, '12A3', '8', '6, 8', '10, 5', '7', 6.64, NULL, NULL),
(173, '22019', 'A', 10117054, '12A3', '5', '5, 10', '8, 9', '7', 6.82, NULL, NULL),
(174, '22019', 'A', 10117150, '12A3', '5', '7, 8', '6, 9', '5', 5.91, NULL, NULL),
(175, '22019', 'CN', 10117367, '10A1', '5', '7, 6', '7, 5', '5', 5.18, NULL, NULL),
(176, '22019', 'CN', 10117173, '10A1', '7', '7, 5', '8, 9', '6', 6.45, NULL, NULL),
(177, '22019', 'CN', 10117155, '10A1', '10', '9, 7', '5, 9', '5', 6.27, NULL, NULL),
(178, '22019', 'CN', 10117214, '10A1', '10', '6, 6', '10, 5', '10', 7.45, NULL, NULL),
(179, '22019', 'CN', 10117159, '10A1', '6', '10, 9', '8, 8', '10', 7.91, NULL, NULL),
(180, '22019', 'CN', 10117224, '10A1', '5', '9, 6', '7, 8', '9', 7, NULL, NULL),
(181, '22019', 'CN', 10117160, '10A1', '5', '10, 7', '8, 10', '10', 8, NULL, NULL),
(182, '22019', 'CN', 10117211, '10A1', '8', '9, 8', '9, 5', '8', 7, NULL, NULL),
(183, '22019', 'CN', 10117414, '10A1', '6', '6, 7', '7, 7', '7', 6.18, NULL, NULL),
(184, '22019', 'CN', 10117378, '10A1', '7', '5, 6', '8, 10', '10', 7.64, NULL, NULL),
(185, '22019', 'CN', 10117121, '10A1', '9', '9, 7', '10, 5', '10', 7.73, NULL, NULL),
(186, '22019', 'CN', 10117230, '10A1', '8', '10, 8', '9, 9', '7', 7.55, NULL, NULL),
(187, '22019', 'CN', 10117154, '10A1', '7', '6, 6', '6, 10', '5', 6, NULL, NULL),
(188, '22019', 'CN', 10117394, '10A1', '10', '8, 6', '9, 5', '9', 7.18, NULL, NULL),
(189, '22019', 'CN', 10117203, '10A1', '5', '5, 5', '8, 10', '10', 7.36, NULL, NULL),
(190, '22019', 'CN', 10117197, '10A2', '5', '6, 9', '8, 8', '6', 6.36, NULL, NULL),
(191, '22019', 'CN', 10117215, '10A2', '5', '9, 6', '8, 8', '9', 7.18, NULL, NULL),
(192, '22019', 'CN', 10117396, '10A2', '8', '9, 10', '6, 9', '10', 7.91, NULL, NULL),
(193, '22019', 'CN', 10117416, '10A2', '7', '5, 5', '7, 5', '6', 5.36, NULL, NULL),
(194, '22019', 'CN', 10117063, '10A2', '8', '6, 5', '9, 5', '5', 5.64, NULL, NULL),
(195, '22019', 'CN', 10117174, '10A2', '10', '10, 7', '6, 10', '9', 7.82, NULL, NULL),
(196, '22019', 'CN', 10117227, '10A2', '7', '7, 6', '10, 10', '8', 7.64, NULL, NULL),
(197, '22019', 'CN', 10117279, '10A2', '7', '10, 9', '6, 8', '9', 7.36, NULL, NULL),
(198, '22019', 'CN', 10117277, '10A2', '7', '5, 5', '7, 7', '9', 6.55, NULL, NULL),
(199, '22019', 'CN', 10117208, '10A2', '10', '7, 9', '6, 10', '6', 6.91, NULL, NULL),
(200, '22019', 'CN', 10117200, '10A2', '8', '5, 7', '9, 7', '5', 6.09, NULL, NULL),
(201, '22019', 'CN', 10117413, '10A2', '9', '10, 8', '9, 8', '8', 7.73, NULL, NULL),
(202, '22019', 'CN', 10117244, '10A2', '6', '5, 10', '7, 7', '7', 6.36, NULL, NULL),
(203, '22019', 'CN', 10117228, '10A2', '7', '8, 10', '7, 5', '10', 7.18, NULL, NULL),
(204, '22019', 'CN', 10117237, '10A2', '8', '10, 7', '6, 6', '10', 7.18, NULL, NULL),
(205, '22019', 'CN', 10117285, '10A3', '7', '7, 8', '9, 8', '5', 6.45, NULL, NULL),
(206, '22019', 'CN', 10117352, '10A3', '10', '5, 8', '8, 7', '8', 7, NULL, NULL),
(207, '22019', 'CN', 10117355, '10A3', '7', '6, 6', '8, 8', '9', 7.09, NULL, NULL),
(208, '22019', 'CN', 10117141, '10A3', '6', '10, 8', '10, 6', '5', 6.45, NULL, NULL),
(209, '22019', 'CN', 10117240, '10A3', '9', '9, 9', '6, 5', '9', 6.91, NULL, NULL),
(210, '22019', 'CN', 10117209, '10A3', '5', '10, 8', '9, 5', '7', 6.55, NULL, NULL),
(211, '22019', 'CN', 10117232, '10A3', '9', '6, 7', '9, 5', '8', 6.73, NULL, NULL),
(212, '22019', 'CN', 10117113, '10A3', '5', '9, 6', '5, 10', '7', 6.45, NULL, NULL),
(213, '22019', 'CN', 10117391, '10A3', '8', '7, 6', '10, 6', '8', 7, NULL, NULL),
(214, '22019', 'CN', 10117385, '10A3', '6', '5, 8', '5, 9', '6', 5.91, NULL, NULL),
(215, '22019', 'CN', 10117190, '10A3', '9', '6, 7', '10, 9', '8', 7.64, NULL, NULL),
(216, '22019', 'CN', 10117392, '10A3', '5', '6, 10', '8, 8', '10', 7.55, NULL, NULL),
(217, '22019', 'CN', 10117168, '10A3', '5', '8, 5', '8, 7', '6', 6, NULL, NULL),
(218, '22019', 'CN', 10117050, '10A3', '7', '5, 5', '10, 9', '9', 7.45, NULL, NULL),
(219, '22019', 'CN', 10117077, '10A4', '8', '7, 10', '5, 6', '10', 7, NULL, NULL),
(220, '22019', 'CN', 10117015, '10A4', '5', '9, 6', '7, 8', '5', 5.91, NULL, NULL),
(221, '22019', 'CN', 10117056, '10A4', '6', '8, 9', '10, 9', '5', 6.91, NULL, NULL),
(222, '22019', 'CN', 10116175, '10A4', '9', '8, 7', '9, 5', '9', 7.18, NULL, NULL),
(223, '22019', 'CN', 10117006, '10A4', '6', '7, 5', '10, 7', '6', 6.36, NULL, NULL),
(224, '22019', 'CN', 10117029, '10A4', '10', '6, 10', '8, 10', '7', 7.55, NULL, NULL),
(225, '22019', 'CN', 10117408, '10A4', '9', '8, 7', '8, 8', '10', 7.82, NULL, NULL),
(226, '22019', 'CN', 10117252, '10A4', '8', '7, 5', '5, 7', '7', 5.91, NULL, NULL),
(227, '22019', 'CN', 10117009, '10A4', '10', '10, 8', '9, 7', '10', 8.18, NULL, NULL),
(228, '22019', 'CN', 10117005, '10A4', '6', '9, 10', '7, 6', '5', 6, NULL, NULL),
(229, '22019', 'CN', 10616111, '10A4', '5', '6, 8', '5, 10', '10', 7.18, NULL, NULL),
(230, '22019', 'CN', 10116199, '10A4', '6', '9, 9', '5, 8', '5', 5.91, NULL, NULL),
(231, '22019', 'CN', 10117085, '10A4', '10', '10, 7', '6, 6', '7', 6.55, NULL, NULL),
(232, '22019', 'CN', 10116322, '10A4', '8', '7, 7', '10, 6', '10', 7.64, NULL, NULL),
(233, '22019', 'CN', 10117404, '10A4', '9', '6, 7', '8, 8', '7', 6.82, NULL, NULL),
(234, '22019', 'CN', 10117097, '10A5', '10', '7, 5', '8, 10', '9', 7.73, NULL, NULL),
(235, '22019', 'CN', 10117073, '10A5', '8', '8, 10', '9, 5', '6', 6.55, NULL, NULL),
(236, '22019', 'CN', 10117060, '10A5', '9', '10, 5', '9, 8', '7', 7.18, NULL, NULL),
(237, '22019', 'CN', 10117049, '10A5', '8', '8, 10', '9, 7', '10', 8, NULL, NULL),
(238, '22019', 'CN', 10117098, '10A5', '8', '9, 9', '5, 5', '6', 5.82, NULL, NULL),
(239, '22019', 'CN', 10117040, '10A5', '5', '6, 8', '8, 9', '5', 6.18, NULL, NULL),
(240, '22019', 'CN', 10117370, '10A5', '10', '7, 8', '6, 7', '10', 7.36, NULL, NULL),
(241, '22019', 'CN', 10117018, '10A5', '8', '5, 5', '5, 6', '5', 5, NULL, NULL),
(242, '22019', 'CN', 10117371, '10A5', '9', '7, 5', '7, 9', '8', 7, NULL, NULL),
(243, '22019', 'CN', 10117066, '10A5', '9', '8, 8', '9, 5', '7', 6.73, NULL, NULL),
(244, '22019', 'CN', 10117424, '10A5', '8', '6, 5', '6, 6', '10', 6.64, NULL, NULL),
(245, '22019', 'CN', 10117112, '10A5', '5', '5, 8', '6, 6', '8', 6, NULL, NULL),
(246, '22019', 'CN', 10117059, '10A5', '9', '7, 10', '7, 10', '7', 7.36, NULL, NULL),
(247, '22019', 'CN', 10117004, '10A5', '5', '10, 5', '8, 8', '7', 6.64, NULL, NULL),
(248, '22019', 'CN', 10117089, '10A5', '7', '5, 10', '10, 7', '6', 6.73, NULL, NULL),
(249, '22019', 'CN', 10117038, '11A1', '10', '6, 8', '7, 6', '10', 7.27, NULL, NULL),
(250, '22019', 'CN', 10117071, '11A1', '7', '10, 5', '7, 8', '7', 6.64, NULL, NULL),
(251, '22019', 'CN', 10117067, '11A1', '7', '10, 10', '7, 8', '9', 7.64, NULL, NULL),
(252, '22019', 'CN', 10117399, '11A1', '8', '8, 9', '9, 9', '6', 7.18, NULL, NULL),
(253, '22019', 'CN', 10117034, '11A1', '5', '10, 5', '8, 10', '9', 7.55, NULL, NULL),
(254, '22019', 'CN', 10117115, '11A1', '7', '6, 6', '5, 8', '8', 6.27, NULL, NULL),
(255, '22019', 'CN', 10117152, '11A1', '8', '5, 9', '9, 5', '9', 7, NULL, NULL),
(256, '22019', 'CN', 10117375, '11A1', '8', '6, 7', '5, 9', '6', 6.09, NULL, NULL),
(257, '22019', 'CN', 10117376, '11A1', '10', '5, 5', '6, 9', '6', 6.18, NULL, NULL),
(258, '22019', 'CN', 10117101, '11A1', '8', '6, 6', '7, 6', '8', 6.36, NULL, NULL),
(259, '22019', 'CN', 10117243, '11A1', '10', '10, 8', '7, 6', '5', 6.27, NULL, NULL),
(260, '22019', 'CN', 10116158, '11A1', '6', '9, 9', '7, 6', '6', 6.18, NULL, NULL),
(261, '22019', 'CN', 10117143, '11A1', '5', '6, 6', '10, 10', '5', 6.55, NULL, NULL),
(262, '22019', 'CN', 10117053, '11A1', '10', '8, 6', '10, 8', '8', 7.64, NULL, NULL),
(263, '22019', 'CN', 10117036, '11A1', '9', '8, 10', '10, 5', '7', 7.09, NULL, NULL),
(264, '22019', 'CN', 10117058, '11A2', '10', '5, 9', '8, 8', '9', 7.55, NULL, NULL),
(265, '22019', 'CN', 10117289, '11A2', '9', '5, 6', '9, 6', '7', 6.45, NULL, NULL),
(266, '22019', 'CN', 10117202, '11A2', '8', '8, 5', '9, 6', '9', 7.09, NULL, NULL),
(267, '22019', 'CN', 10117074, '11A2', '6', '8, 5', '8, 5', '5', 5.45, NULL, NULL),
(268, '22019', 'CN', 10117276, '11A2', '7', '8, 5', '7, 9', '8', 6.91, NULL, NULL),
(269, '22019', 'CN', 10117185, '11A2', '5', '6, 6', '9, 8', '9', 7.09, NULL, NULL),
(270, '22019', 'CN', 10117195, '11A2', '8', '7, 10', '10, 10', '6', 7.55, NULL, NULL),
(271, '22019', 'CN', 10117192, '11A2', '10', '5, 10', '6, 6', '10', 7.18, NULL, NULL),
(272, '22019', 'CN', 10117125, '11A2', '9', '9, 8', '6, 5', '7', 6.27, NULL, NULL),
(273, '22019', 'CN', 10117199, '11A2', '10', '6, 6', '7, 9', '10', 7.64, NULL, NULL),
(274, '22019', 'CN', 10117003, '11A2', '8', '6, 10', '9, 5', '5', 6.09, NULL, NULL),
(275, '22019', 'CN', 10117196, '11A2', '8', '5, 7', '10, 9', '8', 7.45, NULL, NULL),
(276, '22019', 'CN', 10117052, '11A2', '9', '10, 9', '6, 9', '7', 7.18, NULL, NULL),
(277, '22019', 'CN', 10117223, '11A2', '10', '7, 9', '8, 5', '7', 6.64, NULL, NULL),
(278, '22019', 'CN', 10117263, '11A2', '10', '9, 7', '7, 5', '5', 5.91, NULL, NULL),
(279, '22019', 'CN', 10117234, '11A3', '9', '10, 7', '8, 10', '9', 8.09, NULL, NULL),
(280, '22019', 'CN', 10117368, '11A3', '5', '5, 9', '8, 7', '6', 6.09, NULL, NULL),
(281, '22019', 'CN', 10117055, '11A3', '6', '8, 7', '5, 5', '5', 5.09, NULL, NULL),
(282, '22019', 'CN', 10117162, '11A3', '7', '5, 7', '6, 9', '9', 6.91, NULL, NULL),
(283, '22019', 'CN', 10117390, '11A3', '9', '5, 7', '6, 10', '8', 7, NULL, NULL),
(284, '22019', 'CN', 10117369, '11A3', '7', '8, 8', '9, 7', '8', 7.18, NULL, NULL),
(285, '22019', 'CN', 10117286, '11A3', '9', '5, 6', '10, 6', '8', 6.91, NULL, NULL),
(286, '22019', 'CN', 10117007, '11A3', '6', '7, 7', '9, 6', '10', 7.27, NULL, NULL),
(287, '22019', 'CN', 10117262, '11A3', '6', '5, 9', '5, 10', '6', 6.18, NULL, NULL),
(288, '22019', 'CN', 10117133, '11A3', '6', '7, 10', '10, 5', '5', 6.18, NULL, NULL),
(289, '22019', 'CN', 10117253, '11A3', '10', '9, 5', '7, 6', '5', 5.91, NULL, NULL),
(290, '22019', 'CN', 10117379, '11A3', '8', '6, 5', '5, 7', '9', 6.36, NULL, NULL),
(291, '22019', 'CN', 10117216, '11A3', '6', '10, 8', '7, 6', '8', 6.73, NULL, NULL),
(292, '22019', 'CN', 10117275, '11A3', '8', '6, 5', '8, 7', '5', 5.82, NULL, NULL),
(293, '22019', 'CN', 10117136, '11A3', '10', '9, 10', '5, 9', '5', 6.55, NULL, NULL),
(294, '22019', 'CN', 10117167, '11A4', '7', '6, 8', '7, 5', '5', 5.45, NULL, NULL),
(295, '22019', 'CN', 10117039, '11A4', '5', '6, 10', '6, 7', '5', 5.64, NULL, NULL),
(296, '22019', 'CN', 10117041, '11A4', '10', '10, 5', '10, 7', '9', 7.82, NULL, NULL),
(297, '22019', 'CN', 10117080, '11A4', '9', '10, 8', '9, 10', '6', 7.55, NULL, NULL),
(298, '22019', 'CN', 10116219, '11A4', '7', '6, 8', '5, 8', '9', 6.73, NULL, NULL),
(299, '22019', 'CN', 10117088, '11A4', '5', '7, 5', '7, 9', '6', 6.09, NULL, NULL),
(300, '22019', 'CN', 10117373, '11A4', '7', '10, 10', '7, 10', '5', 6.91, NULL, NULL),
(301, '22019', 'CN', 10117177, '11A4', '9', '5, 8', '5, 10', '8', 6.91, NULL, NULL),
(302, '22019', 'CN', 10117090, '11A4', '6', '9, 8', '6, 7', '10', 7.18, NULL, NULL),
(303, '22019', 'CN', 10117420, '11A4', '8', '5, 9', '8, 8', '5', 6.27, NULL, NULL),
(304, '22019', 'CN', 11417090, '11A4', '9', '9, 10', '7, 5', '9', 7.18, NULL, NULL),
(305, '22019', 'CN', 10117241, '11A4', '10', '10, 9', '5, 9', '5', 6.55, NULL, NULL),
(306, '22019', 'CN', 10117198, '11A4', '10', '10, 10', '9, 5', '8', 7.45, NULL, NULL),
(307, '22019', 'CN', 10117238, '11A4', '6', '6, 5', '8, 5', '7', 5.82, NULL, NULL),
(308, '22019', 'CN', 10117118, '11A4', '6', '10, 9', '6, 7', '7', 6.55, NULL, NULL),
(309, '22019', 'CN', 10117225, '12A1', '5', '8, 6', '8, 7', '8', 6.64, NULL, NULL),
(310, '22019', 'CN', 10117139, '12A1', '9', '9, 10', '10, 10', '10', 8.91, NULL, NULL),
(311, '22019', 'CN', 10117082, '12A1', '5', '6, 5', '9, 8', '6', 6.18, NULL, NULL),
(312, '22019', 'CN', 10117070, '12A1', '10', '5, 7', '5, 8', '5', 5.73, NULL, NULL),
(313, '22019', 'CN', 10117166, '12A1', '6', '5, 7', '8, 6', '8', 6.36, NULL, NULL),
(314, '22019', 'CN', 10117163, '12A1', '10', '7, 5', '6, 5', '7', 5.91, NULL, NULL),
(315, '22019', 'CN', 10117178, '12A1', '10', '7, 6', '8, 5', '8', 6.64, NULL, NULL),
(316, '22019', 'CN', 10117022, '12A1', '5', '10, 5', '10, 7', '8', 7.09, NULL, NULL),
(317, '22019', 'CN', 10117095, '12A1', '9', '5, 7', '10, 9', '9', 7.82, NULL, NULL),
(318, '22019', 'CN', 10117282, '12A1', '6', '8, 9', '5, 6', '5', 5.45, NULL, NULL),
(319, '22019', 'CN', 10117179, '12A1', '7', '8, 10', '6, 8', '6', 6.45, NULL, NULL),
(320, '22019', 'CN', 10117247, '12A1', '8', '6, 8', '5, 7', '10', 6.91, NULL, NULL),
(321, '22019', 'CN', 10117142, '12A1', '5', '7, 8', '7, 8', '6', 6.18, NULL, NULL),
(322, '22019', 'CN', 10117410, '12A1', '6', '7, 5', '7, 5', '5', 5.18, NULL, NULL),
(323, '22019', 'CN', 10117256, '12A1', '9', '7, 10', '6, 7', '6', 6.36, NULL, NULL),
(324, '22019', 'CN', 10117025, '12A2', '10', '10, 7', '5, 10', '7', 7.09, NULL, NULL),
(325, '22019', 'CN', 10117207, '12A2', '7', '8, 6', '5, 10', '10', 7.36, NULL, NULL),
(326, '22019', 'CN', 10117248, '12A2', '6', '7, 9', '9, 8', '10', 7.82, NULL, NULL),
(327, '22019', 'CN', 11217347, '12A2', '9', '8, 8', '7, 10', '6', 7, NULL, NULL),
(328, '22019', 'CN', 10117193, '12A2', '9', '9, 8', '7, 5', '7', 6.45, NULL, NULL),
(329, '22019', 'CN', 10117175, '12A2', '6', '10, 8', '9, 7', '7', 7, NULL, NULL),
(330, '22019', 'CN', 10117020, '12A2', '6', '8, 10', '10, 10', '9', 8.27, NULL, NULL),
(331, '22019', 'CN', 10117151, '12A2', '7', '6, 6', '5, 7', '10', 6.64, NULL, NULL),
(332, '22019', 'CN', 10117181, '12A2', '10', '6, 8', '7, 10', '7', 7.18, NULL, NULL),
(333, '22019', 'CN', 10117189, '12A2', '8', '10, 7', '8, 6', '10', 7.55, NULL, NULL),
(334, '22019', 'CN', 10117161, '12A2', '10', '10, 9', '6, 9', '7', 7.27, NULL, NULL),
(335, '22019', 'CN', 10117381, '12A2', '9', '5, 5', '6, 10', '10', 7.36, NULL, NULL),
(336, '22019', 'CN', 10117254, '12A2', '8', '8, 6', '8, 5', '7', 6.27, NULL, NULL),
(337, '22019', 'CN', 10117102, '12A2', '7', '8, 7', '6, 6', '5', 5.55, NULL, NULL),
(338, '22019', 'CN', 10117398, '12A2', '9', '10, 6', '10, 6', '8', 7.36, NULL, NULL),
(339, '22019', 'CN', 11217376, '12A3', '6', '10, 5', '6, 10', '9', 7.27, NULL, NULL),
(340, '22019', 'CN', 10117037, '12A3', '10', '6, 9', '5, 6', '9', 6.73, NULL, NULL),
(341, '22019', 'CN', 10117264, '12A3', '5', '8, 9', '7, 6', '10', 7.09, NULL, NULL),
(342, '22019', 'CN', 10117145, '12A3', '10', '8, 8', '5, 6', '9', 6.82, NULL, NULL),
(343, '22019', 'CN', 10117406, '12A3', '5', '6, 5', '10, 9', '10', 7.64, NULL, NULL),
(344, '22019', 'CN', 10117383, '12A3', '10', '9, 6', '7, 8', '10', 7.73, NULL, NULL),
(345, '22019', 'CN', 10117135, '12A3', '10', '6, 6', '8, 9', '9', 7.55, NULL, NULL),
(346, '22019', 'CN', 10117086, '12A3', '10', '9, 5', '10, 7', '7', 7.18, NULL, NULL),
(347, '22019', 'CN', 10117054, '12A3', '10', '8, 6', '10, 8', '9', 7.91, NULL, NULL),
(348, '22019', 'CN', 10117150, '12A3', '10', '6, 5', '10, 10', '7', 7.45, NULL, NULL),
(349, '22019', 'GD', 10117367, '10A1', '6', '5, 10', '9, 5', '6', 6.09, NULL, NULL),
(350, '22019', 'GD', 10117173, '10A1', '8', '5, 7', '8, 5', '10', 6.91, NULL, NULL),
(351, '22019', 'GD', 10117155, '10A1', '10', '5, 6', '6, 5', '5', 5.27, NULL, NULL),
(352, '22019', 'GD', 10117214, '10A1', '9', '10, 9', '10, 9', '6', 7.64, NULL, NULL),
(353, '22019', 'GD', 10117159, '10A1', '6', '6, 9', '9, 5', '9', 6.91, NULL, NULL),
(354, '22019', 'GD', 10117224, '10A1', '5', '7, 9', '8, 8', '6', 6.45, NULL, NULL),
(355, '22019', 'GD', 10117160, '10A1', '10', '10, 7', '9, 5', '8', 7.18, NULL, NULL),
(356, '22019', 'GD', 10117211, '10A1', '6', '7, 10', '6, 5', '9', 6.55, NULL, NULL),
(357, '22019', 'GD', 10117414, '10A1', '9', '6, 9', '6, 8', '10', 7.45, NULL, NULL),
(358, '22019', 'GD', 10117378, '10A1', '7', '8, 6', '10, 6', '9', 7.27, NULL, NULL),
(359, '22019', 'GD', 10117121, '10A1', '9', '8, 8', '9, 5', '5', 6.18, NULL, NULL),
(360, '22019', 'GD', 10117230, '10A1', '5', '10, 7', '9, 10', '6', 7.09, NULL, NULL),
(361, '22019', 'GD', 10117154, '10A1', '7', '8, 6', '10, 8', '10', 7.91, NULL, NULL),
(362, '22019', 'GD', 10117394, '10A1', '8', '10, 5', '10, 8', '6', 7, NULL, NULL),
(363, '22019', 'GD', 10117203, '10A1', '10', '8, 6', '6, 7', '7', 6.45, NULL, NULL),
(364, '22019', 'GD', 10117197, '10A2', '8', '8, 8', '10, 8', '9', 7.91, NULL, NULL),
(365, '22019', 'GD', 10117215, '10A2', '10', '9, 9', '7, 9', '10', 8.18, NULL, NULL),
(366, '22019', 'GD', 10117396, '10A2', '9', '6, 9', '5, 10', '6', 6.55, NULL, NULL),
(367, '22019', 'GD', 10117416, '10A2', '8', '10, 10', '9, 7', '6', 7.09, NULL, NULL),
(368, '22019', 'GD', 10117063, '10A2', '6', '10, 10', '6, 5', '9', 6.82, NULL, NULL),
(369, '22019', 'GD', 10117174, '10A2', '8', '7, 7', '5, 9', '8', 6.73, NULL, NULL),
(370, '22019', 'GD', 10117227, '10A2', '10', '10, 9', '5, 5', '9', 6.91, NULL, NULL),
(371, '22019', 'GD', 10117279, '10A2', '5', '6, 10', '7, 7', '7', 6.36, NULL, NULL),
(372, '22019', 'GD', 10117277, '10A2', '6', '10, 10', '8, 5', '5', 6.09, NULL, NULL),
(373, '22019', 'GD', 10117208, '10A2', '6', '5, 10', '7, 10', '9', 7.45, NULL, NULL),
(374, '22019', 'GD', 10117200, '10A2', '10', '5, 9', '5, 9', '9', 7.18, NULL, NULL),
(375, '22019', 'GD', 10117413, '10A2', '7', '7, 7', '8, 6', '9', 6.91, NULL, NULL),
(376, '22019', 'GD', 10117244, '10A2', '9', '7, 9', '5, 9', '8', 7, NULL, NULL),
(377, '22019', 'GD', 10117228, '10A2', '5', '10, 7', '10, 9', '8', 7.64, NULL, NULL),
(378, '22019', 'GD', 10117237, '10A2', '5', '8, 6', '8, 5', '9', 6.55, NULL, NULL),
(379, '22019', 'GD', 10117285, '10A3', '9', '8, 9', '8, 5', '6', 6.36, NULL, NULL),
(380, '22019', 'GD', 10117352, '10A3', '7', '5, 10', '6, 9', '7', 6.64, NULL, NULL),
(381, '22019', 'GD', 10117355, '10A3', '9', '7, 8', '8, 7', '5', 6.27, NULL, NULL),
(382, '22019', 'GD', 10117141, '10A3', '6', '8, 6', '5, 7', '6', 5.64, NULL, NULL),
(383, '22019', 'GD', 10117240, '10A3', '10', '8, 6', '9, 7', '9', 7.55, NULL, NULL),
(384, '22019', 'GD', 10117209, '10A3', '5', '8, 6', '7, 7', '10', 7, NULL, NULL),
(385, '22019', 'GD', 10117232, '10A3', '8', '7, 5', '10, 6', '7', 6.64, NULL, NULL),
(386, '22019', 'GD', 10117113, '10A3', '10', '10, 7', '6, 9', '7', 7.09, NULL, NULL),
(387, '22019', 'GD', 10117391, '10A3', '10', '6, 5', '7, 10', '10', 7.73, NULL, NULL),
(388, '22019', 'GD', 10117385, '10A3', '7', '8, 7', '6, 10', '8', 7.09, NULL, NULL),
(389, '22019', 'GD', 10117190, '10A3', '5', '6, 8', '8, 7', '6', 6.09, NULL, NULL),
(390, '22019', 'GD', 10117392, '10A3', '5', '7, 6', '5, 8', '10', 6.73, NULL, NULL),
(391, '22019', 'GD', 10117168, '10A3', '10', '7, 6', '7, 10', '8', 7.36, NULL, NULL),
(392, '22019', 'GD', 10117050, '10A3', '5', '10, 8', '8, 10', '10', 8.09, NULL, NULL),
(393, '22019', 'GD', 10117077, '10A4', '8', '5, 7', '5, 9', '6', 6, NULL, NULL),
(394, '22019', 'GD', 10117015, '10A4', '6', '6, 10', '6, 6', '5', 5.55, NULL, NULL),
(395, '22019', 'GD', 10117056, '10A4', '7', '10, 6', '10, 10', '8', 7.91, NULL, NULL),
(396, '22019', 'GD', 10116175, '10A4', '6', '8, 5', '10, 5', '10', 7.18, NULL, NULL),
(397, '22019', 'GD', 10117006, '10A4', '8', '9, 8', '6, 8', '7', 6.73, NULL, NULL),
(398, '22019', 'GD', 10117029, '10A4', '6', '8, 5', '5, 10', '9', 6.91, NULL, NULL),
(399, '22019', 'GD', 10117408, '10A4', '10', '10, 10', '6, 6', '7', 6.82, NULL, NULL),
(400, '22019', 'GD', 10117252, '10A4', '8', '7, 6', '5, 7', '10', 6.82, NULL, NULL),
(401, '22019', 'GD', 10117009, '10A4', '6', '9, 8', '10, 5', '6', 6.45, NULL, NULL),
(402, '22019', 'GD', 10117005, '10A4', '8', '5, 5', '6, 8', '10', 6.91, NULL, NULL),
(403, '22019', 'GD', 10616111, '10A4', '8', '9, 5', '10, 8', '7', 7.18, NULL, NULL),
(404, '22019', 'GD', 10116199, '10A4', '7', '5, 9', '6, 5', '8', 6.09, NULL, NULL),
(405, '22019', 'GD', 10117085, '10A4', '6', '8, 8', '7, 10', '7', 7, NULL, NULL),
(406, '22019', 'GD', 10116322, '10A4', '6', '9, 7', '10, 6', '7', 6.82, NULL, NULL),
(407, '22019', 'GD', 10117404, '10A4', '8', '6, 8', '6, 8', '10', 7.27, NULL, NULL),
(408, '22019', 'GD', 10117097, '10A5', '9', '5, 6', '10, 8', '6', 6.73, NULL, NULL),
(409, '22019', 'GD', 10117073, '10A5', '10', '10, 6', '10, 8', '8', 7.82, NULL, NULL),
(410, '22019', 'GD', 10117060, '10A5', '7', '9, 6', '9, 5', '5', 5.91, NULL, NULL),
(411, '22019', 'GD', 10117049, '10A5', '5', '10, 9', '6, 6', '6', 6, NULL, NULL),
(412, '22019', 'GD', 10117098, '10A5', '7', '9, 6', '6, 7', '9', 6.82, NULL, NULL),
(413, '22019', 'GD', 10117040, '10A5', '7', '8, 8', '6, 8', '6', 6.27, NULL, NULL),
(414, '22019', 'GD', 10117370, '10A5', '7', '6, 5', '8, 9', '5', 6.09, NULL, NULL),
(415, '22019', 'GD', 10117018, '10A5', '7', '9, 8', '7, 10', '10', 8, NULL, NULL),
(416, '22019', 'GD', 10117371, '10A5', '5', '5, 5', '7, 9', '10', 7, NULL, NULL),
(417, '22019', 'GD', 10117066, '10A5', '5', '9, 10', '5, 9', '9', 7.18, NULL, NULL),
(418, '22019', 'GD', 10117424, '10A5', '6', '8, 5', '9, 10', '5', 6.55, NULL, NULL),
(419, '22019', 'GD', 10117112, '10A5', '10', '6, 8', '10, 7', '10', 8, NULL, NULL),
(420, '22019', 'GD', 10117059, '10A5', '6', '10, 5', '9, 10', '8', 7.55, NULL, NULL),
(421, '22019', 'GD', 10117004, '10A5', '5', '5, 8', '8, 8', '8', 6.73, NULL, NULL),
(422, '22019', 'GD', 10117089, '10A5', '6', '7, 8', '8, 5', '8', 6.45, NULL, NULL),
(423, '22019', 'GD', 10117038, '11A1', '5', '10, 5', '10, 9', '7', 7.18, NULL, NULL),
(424, '22019', 'GD', 10117071, '11A1', '10', '9, 10', '5, 5', '5', 5.82, NULL, NULL),
(425, '22019', 'GD', 10117067, '11A1', '8', '6, 8', '10, 6', '7', 6.82, NULL, NULL),
(426, '22019', 'GD', 10117399, '11A1', '10', '5, 9', '9, 10', '9', 8.09, NULL, NULL),
(427, '22019', 'GD', 10117034, '11A1', '10', '7, 5', '6, 7', '8', 6.55, NULL, NULL),
(428, '22019', 'GD', 10117115, '11A1', '10', '9, 6', '10, 5', '8', 7.18, NULL, NULL),
(429, '22019', 'GD', 10117152, '11A1', '9', '6, 10', '7, 6', '10', 7.36, NULL, NULL),
(430, '22019', 'GD', 10117375, '11A1', '10', '6, 10', '7, 8', '9', 7.55, NULL, NULL),
(431, '22019', 'GD', 10117376, '11A1', '10', '6, 6', '6, 9', '10', 7.45, NULL, NULL),
(432, '22019', 'GD', 10117101, '11A1', '7', '9, 8', '5, 6', '9', 6.64, NULL, NULL),
(433, '22019', 'GD', 10117243, '11A1', '8', '10, 8', '10, 6', '5', 6.64, NULL, NULL),
(434, '22019', 'GD', 10116158, '11A1', '5', '6, 6', '6, 8', '6', 5.73, NULL, NULL),
(435, '22019', 'GD', 10117143, '11A1', '8', '10, 10', '7, 8', '7', 7.18, NULL, NULL),
(436, '22019', 'GD', 10117053, '11A1', '9', '7, 7', '5, 7', '6', 5.91, NULL, NULL),
(437, '22019', 'GD', 10117036, '11A1', '9', '10, 9', '6, 5', '7', 6.45, NULL, NULL),
(438, '22019', 'GD', 10117058, '11A2', '8', '5, 10', '5, 9', '7', 6.55, NULL, NULL),
(439, '22019', 'GD', 10117289, '11A2', '5', '6, 9', '9, 5', '10', 7.09, NULL, NULL),
(440, '22019', 'GD', 10117202, '11A2', '5', '6, 10', '6, 5', '6', 5.55, NULL, NULL),
(441, '22019', 'GD', 10117074, '11A2', '6', '9, 8', '9, 8', '9', 7.64, NULL, NULL),
(442, '22019', 'GD', 10117276, '11A2', '7', '7, 10', '6, 8', '10', 7.45, NULL, NULL),
(443, '22019', 'GD', 10117185, '11A2', '10', '9, 5', '10, 8', '10', 8.18, NULL, NULL),
(444, '22019', 'GD', 10117195, '11A2', '10', '9, 8', '9, 7', '6', 7, NULL, NULL),
(445, '22019', 'GD', 10117192, '11A2', '5', '8, 5', '7, 6', '9', 6.45, NULL, NULL),
(446, '22019', 'GD', 10117125, '11A2', '5', '8, 10', '5, 9', '5', 6, NULL, NULL),
(447, '22019', 'GD', 10117199, '11A2', '7', '10, 9', '5, 6', '9', 6.82, NULL, NULL),
(448, '22019', 'GD', 10117003, '11A2', '7', '5, 10', '8, 8', '8', 7.09, NULL, NULL),
(449, '22019', 'GD', 10117196, '11A2', '10', '6, 9', '6, 7', '8', 6.82, NULL, NULL),
(450, '22019', 'GD', 10117052, '11A2', '7', '5, 6', '9, 8', '5', 6.09, NULL, NULL),
(451, '22019', 'GD', 10117223, '11A2', '6', '9, 7', '6, 8', '10', 7.27, NULL, NULL),
(452, '22019', 'GD', 10117263, '11A2', '9', '5, 10', '9, 5', '7', 6.64, NULL, NULL),
(453, '22019', 'GD', 10117234, '11A3', '7', '5, 5', '10, 8', '7', 6.73, NULL, NULL),
(454, '22019', 'GD', 10117368, '11A3', '6', '6, 10', '8, 8', '8', 7.09, NULL, NULL),
(455, '22019', 'GD', 10117055, '11A3', '5', '7, 9', '7, 6', '8', 6.45, NULL, NULL),
(456, '22019', 'GD', 10117162, '11A3', '7', '8, 10', '7, 5', '8', 6.64, NULL, NULL),
(457, '22019', 'GD', 10117390, '11A3', '8', '10, 5', '6, 8', '6', 6.27, NULL, NULL),
(458, '22019', 'GD', 10117369, '11A3', '5', '7, 10', '6, 9', '5', 6.09, NULL, NULL),
(459, '22019', 'GD', 10117286, '11A3', '7', '8, 5', '6, 10', '5', 6.09, NULL, NULL),
(460, '22019', 'GD', 10117007, '11A3', '5', '10, 5', '7, 10', '10', 7.64, NULL, NULL),
(461, '22019', 'GD', 10117262, '11A3', '8', '8, 8', '10, 7', '5', 6.64, NULL, NULL),
(462, '22019', 'GD', 10117133, '11A3', '8', '10, 5', '7, 9', '10', 7.73, NULL, NULL),
(463, '22019', 'GD', 10117253, '11A3', '6', '5, 10', '5, 10', '8', 6.82, NULL, NULL),
(464, '22019', 'GD', 10117379, '11A3', '7', '7, 5', '7, 7', '9', 6.73, NULL, NULL),
(465, '22019', 'GD', 10117216, '11A3', '9', '7, 9', '9, 8', '6', 7, NULL, NULL),
(466, '22019', 'GD', 10117275, '11A3', '9', '6, 8', '6, 6', '6', 5.91, NULL, NULL),
(467, '22019', 'GD', 10117136, '11A3', '8', '5, 7', '10, 8', '10', 7.82, NULL, NULL),
(468, '22019', 'GD', 10117167, '11A4', '8', '7, 7', '9, 9', '7', 7.18, NULL, NULL),
(469, '22019', 'GD', 10117039, '11A4', '7', '7, 10', '5, 6', '9', 6.64, NULL, NULL),
(470, '22019', 'GD', 10117041, '11A4', '10', '8, 8', '8, 7', '8', 7.27, NULL, NULL),
(471, '22019', 'GD', 10117080, '11A4', '10', '5, 5', '7, 9', '10', 7.45, NULL, NULL),
(472, '22019', 'GD', 10116219, '11A4', '9', '5, 6', '5, 8', '6', 5.82, NULL, NULL),
(473, '22019', 'GD', 10117088, '11A4', '7', '9, 5', '6, 10', '5', 6.18, NULL, NULL),
(474, '22019', 'GD', 10117373, '11A4', '7', '5, 8', '5, 9', '7', 6.27, NULL, NULL),
(475, '22019', 'GD', 10117177, '11A4', '10', '7, 5', '6, 6', '9', 6.64, NULL, NULL),
(476, '22019', 'GD', 10117090, '11A4', '5', '10, 5', '9, 8', '10', 7.64, NULL, NULL),
(477, '22019', 'GD', 10117420, '11A4', '9', '7, 5', '10, 5', '9', 7.09, NULL, NULL),
(478, '22019', 'GD', 11417090, '11A4', '6', '7, 8', '5, 6', '10', 6.64, NULL, NULL),
(479, '22019', 'GD', 10117241, '11A4', '5', '10, 9', '5, 10', '10', 7.64, NULL, NULL),
(480, '22019', 'GD', 10117198, '11A4', '9', '10, 10', '6, 9', '6', 7, NULL, NULL),
(481, '22019', 'GD', 10117238, '11A4', '7', '10, 8', '9, 8', '7', 7.27, NULL, NULL),
(482, '22019', 'GD', 10117118, '11A4', '8', '8, 10', '5, 7', '5', 5.91, NULL, NULL),
(483, '22019', 'GD', 10117225, '12A1', '8', '7, 10', '7, 6', '6', 6.27, NULL, NULL),
(484, '22019', 'GD', 10117139, '12A1', '5', '7, 5', '5, 10', '7', 6.18, NULL, NULL),
(485, '22019', 'GD', 10117082, '12A1', '10', '6, 5', '5, 8', '7', 6.18, NULL, NULL),
(486, '22019', 'GD', 10117070, '12A1', '6', '5, 7', '5, 8', '8', 6.18, NULL, NULL),
(487, '22019', 'GD', 10117166, '12A1', '6', '10, 7', '9, 10', '7', 7.45, NULL, NULL),
(488, '22019', 'GD', 10117163, '12A1', '9', '6, 9', '9, 6', '10', 7.64, NULL, NULL),
(489, '22019', 'GD', 10117178, '12A1', '8', '5, 8', '9, 8', '7', 6.91, NULL, NULL),
(490, '22019', 'GD', 10117022, '12A1', '10', '5, 7', '6, 10', '6', 6.55, NULL, NULL),
(491, '22019', 'GD', 10117095, '12A1', '8', '6, 8', '5, 5', '6', 5.45, NULL, NULL),
(492, '22019', 'GD', 10117282, '12A1', '9', '8, 9', '9, 8', '7', 7.36, NULL, NULL),
(493, '22019', 'GD', 10117179, '12A1', '5', '9, 8', '8, 8', '5', 6.27, NULL, NULL),
(494, '22019', 'GD', 10117247, '12A1', '5', '5, 7', '9, 9', '10', 7.55, NULL, NULL),
(495, '22019', 'GD', 10117142, '12A1', '7', '5, 10', '5, 10', '5', 6.09, NULL, NULL),
(496, '22019', 'GD', 10117410, '12A1', '9', '8, 10', '6, 7', '5', 6.18, NULL, NULL),
(497, '22019', 'GD', 10117256, '12A1', '6', '9, 9', '8, 8', '5', 6.45, NULL, NULL),
(498, '22019', 'GD', 10117025, '12A2', '5', '5, 10', '5, 10', '10', 7.27, NULL, NULL),
(499, '22019', 'GD', 10117207, '12A2', '9', '9, 10', '6, 9', '7', 7.18, NULL, NULL),
(500, '22019', 'GD', 10117248, '12A2', '9', '5, 9', '7, 10', '7', 7.09, NULL, NULL),
(501, '22019', 'GD', 11217347, '12A2', '9', '9, 8', '5, 5', '8', 6.36, NULL, NULL),
(502, '22019', 'GD', 10117193, '12A2', '7', '9, 9', '10, 7', '9', 7.82, NULL, NULL),
(503, '22019', 'GD', 10117175, '12A2', '9', '6, 6', '7, 10', '5', 6.36, NULL, NULL),
(504, '22019', 'GD', 10117020, '12A2', '10', '5, 9', '8, 8', '10', 7.82, NULL, NULL),
(505, '22019', 'GD', 10117151, '12A2', '8', '9, 5', '5, 5', '7', 5.73, NULL, NULL),
(506, '22019', 'GD', 10117181, '12A2', '5', '10, 10', '8, 9', '10', 8.09, NULL, NULL),
(507, '22019', 'GD', 10117189, '12A2', '5', '5, 5', '5, 6', '6', 5, NULL, NULL),
(508, '22019', 'GD', 10117161, '12A2', '10', '5, 6', '9, 7', '10', 7.55, NULL, NULL),
(509, '22019', 'GD', 10117381, '12A2', '10', '6, 6', '5, 7', '6', 5.82, NULL, NULL),
(510, '22019', 'GD', 10117254, '12A2', '7', '10, 9', '8, 10', '6', 7.27, NULL, NULL),
(511, '22019', 'GD', 10117102, '12A2', '8', '9, 9', '7, 5', '6', 6.18, NULL, NULL),
(512, '22019', 'GD', 10117398, '12A2', '7', '6, 5', '6, 10', '7', 6.45, NULL, NULL),
(513, '22019', 'GD', 11217376, '12A3', '6', '6, 6', '10, 10', '8', 7.45, NULL, NULL),
(514, '22019', 'GD', 10117037, '12A3', '8', '10, 8', '6, 8', '9', 7.36, NULL, NULL),
(515, '22019', 'GD', 10117264, '12A3', '9', '7, 10', '10, 10', '5', 7.36, NULL, NULL),
(516, '22019', 'GD', 10117145, '12A3', '8', '7, 10', '8, 8', '5', 6.55, NULL, NULL),
(517, '22019', 'GD', 10117406, '12A3', '9', '10, 9', '9, 5', '10', 7.82, NULL, NULL),
(518, '22019', 'GD', 10117383, '12A3', '9', '7, 9', '6, 10', '10', 7.91, NULL, NULL),
(519, '22019', 'GD', 10117135, '12A3', '5', '8, 6', '8, 6', '6', 5.91, NULL, NULL),
(520, '22019', 'GD', 10117086, '12A3', '7', '6, 10', '7, 8', '6', 6.45, NULL, NULL),
(521, '22019', 'GD', 10117054, '12A3', '5', '6, 5', '6, 8', '6', 5.64, NULL, NULL),
(522, '22019', 'GD', 10117150, '12A3', '8', '6, 10', '6, 6', '6', 6, NULL, NULL),
(523, '22019', 'H', 10117367, '10A1', '8', '10, 8', '9, 10', '10', 8.55, NULL, NULL),
(524, '22019', 'H', 10117173, '10A1', '7', '8, 8', '10, 5', '9', 7.27, NULL, NULL),
(525, '22019', 'H', 10117155, '10A1', '8', '8, 8', '7, 8', '9', 7.36, NULL, NULL),
(526, '22019', 'H', 10117214, '10A1', '9', '6, 10', '9, 7', '10', 7.91, NULL, NULL),
(527, '22019', 'H', 10117159, '10A1', '5', '6, 9', '6, 8', '6', 6, NULL, NULL),
(528, '22019', 'H', 10117224, '10A1', '5', '7, 8', '6, 5', '8', 6, NULL, NULL),
(529, '22019', 'H', 10117160, '10A1', '6', '9, 9', '10, 9', '7', 7.55, NULL, NULL),
(530, '22019', 'H', 10117211, '10A1', '10', '8, 8', '5, 5', '8', 6.36, NULL, NULL),
(531, '22019', 'H', 10117414, '10A1', '5', '9, 8', '6, 5', '5', 5.36, NULL, NULL),
(532, '22019', 'H', 10117378, '10A1', '5', '8, 5', '9, 9', '8', 7.09, NULL, NULL),
(533, '22019', 'H', 10117121, '10A1', '9', '7, 8', '9, 10', '8', 7.82, NULL, NULL),
(534, '22019', 'H', 10117230, '10A1', '7', '6, 10', '10, 10', '6', 7.36, NULL, NULL),
(535, '22019', 'H', 10117154, '10A1', '10', '9, 7', '9, 10', '8', 8, NULL, NULL),
(536, '22019', 'H', 10117394, '10A1', '10', '8, 6', '6, 6', '9', 6.82, NULL, NULL),
(537, '22019', 'H', 10117203, '10A1', '10', '7, 6', '5, 6', '10', 6.82, NULL, NULL),
(538, '22019', 'H', 10117197, '10A2', '10', '8, 8', '6, 6', '8', 6.73, NULL, NULL),
(539, '22019', 'H', 10117215, '10A2', '5', '5, 7', '9, 10', '8', 7.18, NULL, NULL),
(540, '22019', 'H', 10117396, '10A2', '6', '8, 6', '9, 7', '5', 6.09, NULL, NULL),
(541, '22019', 'H', 10117416, '10A2', '9', '9, 10', '6, 8', '5', 6.45, NULL, NULL),
(542, '22019', 'H', 10117063, '10A2', '8', '8, 9', '10, 10', '8', 8.09, NULL, NULL),
(543, '22019', 'H', 10117174, '10A2', '8', '8, 6', '5, 5', '9', 6.27, NULL, NULL),
(544, '22019', 'H', 10117227, '10A2', '5', '7, 8', '5, 6', '5', 5.18, NULL, NULL),
(545, '22019', 'H', 10117279, '10A2', '6', '8, 7', '5, 8', '6', 5.91, NULL, NULL),
(546, '22019', 'H', 10117277, '10A2', '7', '6, 6', '8, 5', '9', 6.55, NULL, NULL),
(547, '22019', 'H', 10117208, '10A2', '10', '7, 6', '9, 7', '6', 6.64, NULL, NULL),
(548, '22019', 'H', 10117200, '10A2', '5', '10, 7', '10, 10', '5', 7, NULL, NULL),
(549, '22019', 'H', 10117413, '10A2', '8', '10, 10', '7, 6', '9', 7.36, NULL, NULL),
(550, '22019', 'H', 10117244, '10A2', '10', '9, 6', '7, 5', '7', 6.36, NULL, NULL),
(551, '22019', 'H', 10117228, '10A2', '10', '5, 9', '7, 9', '5', 6.45, NULL, NULL),
(552, '22019', 'H', 10117237, '10A2', '9', '10, 10', '6, 8', '7', 7.09, NULL, NULL),
(553, '22019', 'H', 10117285, '10A3', '5', '7, 9', '5, 5', '6', 5.36, NULL, NULL),
(554, '22019', 'H', 10117352, '10A3', '8', '8, 5', '9, 10', '9', 7.82, NULL, NULL),
(555, '22019', 'H', 10117355, '10A3', '8', '5, 6', '9, 6', '9', 6.91, NULL, NULL),
(556, '22019', 'H', 10117141, '10A3', '7', '5, 8', '9, 8', '10', 7.64, NULL, NULL),
(557, '22019', 'H', 10117240, '10A3', '9', '9, 5', '6, 10', '10', 7.73, NULL, NULL),
(558, '22019', 'H', 10117209, '10A3', '7', '9, 10', '10, 8', '9', 8.09, NULL, NULL),
(559, '22019', 'H', 10117232, '10A3', '6', '7, 6', '6, 7', '9', 6.55, NULL, NULL),
(560, '22019', 'H', 10117113, '10A3', '10', '5, 6', '8, 10', '8', 7.36, NULL, NULL),
(561, '22019', 'H', 10117391, '10A3', '5', '9, 8', '8, 10', '7', 7.18, NULL, NULL),
(562, '22019', 'H', 10117385, '10A3', '9', '9, 7', '9, 7', '9', 7.64, NULL, NULL),
(563, '22019', 'H', 10117190, '10A3', '7', '8, 6', '5, 8', '7', 6.18, NULL, NULL),
(564, '22019', 'H', 10117392, '10A3', '6', '8, 8', '6, 8', '7', 6.45, NULL, NULL),
(565, '22019', 'H', 10117168, '10A3', '5', '9, 7', '7, 9', '7', 6.73, NULL, NULL),
(566, '22019', 'H', 10117050, '10A3', '5', '8, 8', '8, 7', '10', 7.36, NULL, NULL),
(567, '22019', 'H', 10117077, '10A4', '5', '9, 6', '9, 8', '10', 7.64, NULL, NULL),
(568, '22019', 'H', 10117015, '10A4', '5', '6, 7', '6, 9', '10', 7.09, NULL, NULL),
(569, '22019', 'H', 10117056, '10A4', '8', '5, 10', '9, 7', '6', 6.64, NULL, NULL),
(570, '22019', 'H', 10116175, '10A4', '6', '7, 9', '8, 5', '10', 7.09, NULL, NULL),
(571, '22019', 'H', 10117006, '10A4', '6', '9, 7', '10, 10', '6', 7.27, NULL, NULL),
(572, '22019', 'H', 10117029, '10A4', '7', '9, 9', '8, 5', '10', 7.36, NULL, NULL),
(573, '22019', 'H', 10117408, '10A4', '6', '10, 7', '8, 8', '5', 6.36, NULL, NULL),
(574, '22019', 'H', 10117252, '10A4', '8', '10, 10', '6, 6', '5', 6.09, NULL, NULL),
(575, '22019', 'H', 10117009, '10A4', '7', '10, 5', '7, 10', '5', 6.45, NULL, NULL),
(576, '22019', 'H', 10117005, '10A4', '8', '10, 6', '6, 7', '9', 7, NULL, NULL),
(577, '22019', 'H', 10616111, '10A4', '8', '10, 6', '10, 6', '8', 7.27, NULL, NULL),
(578, '22019', 'H', 10116199, '10A4', '9', '9, 5', '6, 9', '5', 6.18, NULL, NULL),
(579, '22019', 'H', 10117085, '10A4', '8', '10, 5', '6, 7', '7', 6.36, NULL, NULL),
(580, '22019', 'H', 10116322, '10A4', '7', '6, 7', '8, 8', '9', 7.18, NULL, NULL),
(581, '22019', 'H', 10117404, '10A4', '9', '7, 5', '7, 6', '7', 6.18, NULL, NULL),
(582, '22019', 'H', 10117097, '10A5', '9', '6, 8', '9, 9', '7', 7.27, NULL, NULL),
(583, '22019', 'H', 10117073, '10A5', '8', '7, 10', '10, 9', '9', 8.18, NULL, NULL),
(584, '22019', 'H', 10117060, '10A5', '7', '8, 6', '8, 9', '5', 6.36, NULL, NULL),
(585, '22019', 'H', 10117049, '10A5', '6', '10, 5', '9, 9', '8', 7.36, NULL, NULL),
(586, '22019', 'H', 10117098, '10A5', '7', '10, 6', '10, 7', '10', 7.91, NULL, NULL),
(587, '22019', 'H', 10117040, '10A5', '10', '9, 5', '5, 8', '6', 6.18, NULL, NULL),
(588, '22019', 'H', 10117370, '10A5', '8', '6, 5', '8, 8', '8', 6.82, NULL, NULL),
(589, '22019', 'H', 10117018, '10A5', '9', '10, 7', '9, 8', '7', 7.36, NULL, NULL),
(590, '22019', 'H', 10117371, '10A5', '7', '5, 8', '10, 9', '10', 8, NULL, NULL),
(591, '22019', 'H', 10117066, '10A5', '5', '9, 5', '7, 6', '8', 6.27, NULL, NULL),
(592, '22019', 'H', 10117424, '10A5', '5', '5, 8', '5, 8', '5', 5.36, NULL, NULL),
(593, '22019', 'H', 10117112, '10A5', '5', '10, 7', '10, 5', '6', 6.36, NULL, NULL),
(594, '22019', 'H', 10117059, '10A5', '8', '5, 6', '5, 8', '5', 5.45, NULL, NULL),
(595, '22019', 'H', 10117004, '10A5', '10', '6, 10', '7, 10', '9', 7.91, NULL, NULL),
(596, '22019', 'H', 10117089, '10A5', '8', '9, 8', '10, 10', '7', 7.82, NULL, NULL),
(597, '22019', 'H', 10117038, '11A1', '5', '7, 10', '8, 8', '7', 6.82, NULL, NULL),
(598, '22019', 'H', 10117071, '11A1', '6', '9, 9', '6, 7', '8', 6.73, NULL, NULL),
(599, '22019', 'H', 10117067, '11A1', '9', '6, 8', '6, 7', '8', 6.64, NULL, NULL),
(600, '22019', 'H', 10117399, '11A1', '10', '6, 5', '8, 8', '8', 7, NULL, NULL),
(601, '22019', 'H', 10117034, '11A1', '7', '7, 6', '10, 6', '8', 6.91, NULL, NULL),
(602, '22019', 'H', 10117115, '11A1', '7', '6, 7', '6, 9', '6', 6.18, NULL, NULL),
(603, '22019', 'H', 10117152, '11A1', '10', '5, 8', '7, 5', '5', 5.64, NULL, NULL);
INSERT INTO `diem` (`id`, `MaHocKy`, `MaMonHoc`, `MaHS`, `MaLopHoc`, `DiemMieng`, `Diem15Phut`, `Diem1Tiet`, `DiemHK`, `DiemTB`, `created_at`, `updated_at`) VALUES
(604, '22019', 'H', 10117375, '11A1', '8', '5, 7', '8, 10', '10', 7.82, NULL, NULL),
(605, '22019', 'H', 10117376, '11A1', '6', '6, 8', '5, 8', '9', 6.64, NULL, NULL),
(606, '22019', 'H', 10117101, '11A1', '7', '10, 8', '8, 9', '9', 7.82, NULL, NULL),
(607, '22019', 'H', 10117243, '11A1', '9', '8, 5', '6, 6', '7', 6.09, NULL, NULL),
(608, '22019', 'H', 10116158, '11A1', '10', '5, 9', '7, 8', '9', 7.36, NULL, NULL),
(609, '22019', 'H', 10117143, '11A1', '8', '10, 8', '7, 8', '5', 6.45, NULL, NULL),
(610, '22019', 'H', 10117053, '11A1', '5', '9, 6', '9, 9', '8', 7.27, NULL, NULL),
(611, '22019', 'H', 10117036, '11A1', '10', '6, 10', '10, 9', '5', 7.18, NULL, NULL),
(612, '22019', 'H', 10117058, '11A2', '5', '8, 6', '5, 8', '10', 6.82, NULL, NULL),
(613, '22019', 'H', 10117289, '11A2', '8', '10, 6', '6, 9', '8', 7.09, NULL, NULL),
(614, '22019', 'H', 10117202, '11A2', '6', '9, 9', '5, 7', '10', 7.09, NULL, NULL),
(615, '22019', 'H', 10117074, '11A2', '6', '9, 6', '6, 8', '6', 6.09, NULL, NULL),
(616, '22019', 'H', 10117276, '11A2', '7', '10, 6', '9, 9', '5', 6.73, NULL, NULL),
(617, '22019', 'H', 10117185, '11A2', '6', '5, 9', '10, 10', '9', 7.91, NULL, NULL),
(618, '22019', 'H', 10117195, '11A2', '8', '9, 8', '9, 8', '7', 7.27, NULL, NULL),
(619, '22019', 'H', 10117192, '11A2', '7', '7, 6', '9, 10', '8', 7.45, NULL, NULL),
(620, '22019', 'H', 10117125, '11A2', '8', '8, 8', '7, 8', '9', 7.36, NULL, NULL),
(621, '22019', 'H', 10117199, '11A2', '7', '8, 8', '10, 5', '5', 6.18, NULL, NULL),
(622, '22019', 'H', 10117003, '11A2', '5', '8, 7', '9, 8', '8', 7.09, NULL, NULL),
(623, '22019', 'H', 10117196, '11A2', '5', '10, 6', '9, 9', '5', 6.55, NULL, NULL),
(624, '22019', 'H', 10117052, '11A2', '10', '9, 6', '9, 6', '8', 7.18, NULL, NULL),
(625, '22019', 'H', 10117223, '11A2', '5', '8, 7', '8, 5', '8', 6.36, NULL, NULL),
(626, '22019', 'H', 10117263, '11A2', '6', '10, 7', '5, 8', '8', 6.64, NULL, NULL),
(627, '22019', 'H', 10117234, '11A3', '8', '5, 5', '5, 9', '7', 6.09, NULL, NULL),
(628, '22019', 'H', 10117368, '11A3', '5', '9, 8', '8, 8', '5', 6.27, NULL, NULL),
(629, '22019', 'H', 10117055, '11A3', '10', '10, 10', '5, 9', '8', 7.45, NULL, NULL),
(630, '22019', 'H', 10117162, '11A3', '10', '10, 8', '6, 8', '10', 7.82, NULL, NULL),
(631, '22019', 'H', 10117390, '11A3', '8', '8, 10', '9, 8', '6', 7.09, NULL, NULL),
(632, '22019', 'H', 10117369, '11A3', '10', '9, 9', '10, 7', '7', 7.55, NULL, NULL),
(633, '22019', 'H', 10117286, '11A3', '10', '8, 9', '9, 8', '5', 6.91, NULL, NULL),
(634, '22019', 'H', 10117007, '11A3', '5', '9, 9', '10, 10', '10', 8.45, NULL, NULL),
(635, '22019', 'H', 10117262, '11A3', '8', '9, 7', '7, 5', '7', 6.27, NULL, NULL),
(636, '22019', 'H', 10117133, '11A3', '9', '8, 6', '8, 10', '8', 7.55, NULL, NULL),
(637, '22019', 'H', 10117253, '11A3', '10', '7, 8', '9, 5', '5', 6.18, NULL, NULL),
(638, '22019', 'H', 10117379, '11A3', '5', '8, 10', '6, 9', '5', 6.18, NULL, NULL),
(639, '22019', 'H', 10117216, '11A3', '7', '7, 6', '6, 5', '8', 6, NULL, NULL),
(640, '22019', 'H', 10117275, '11A3', '8', '6, 7', '9, 6', '5', 6, NULL, NULL),
(641, '22019', 'H', 10117136, '11A3', '7', '9, 9', '10, 5', '8', 7.18, NULL, NULL),
(642, '22019', 'H', 10117167, '11A4', '9', '10, 7', '9, 8', '10', 8.18, NULL, NULL),
(643, '22019', 'H', 10117039, '11A4', '10', '6, 9', '5, 7', '8', 6.64, NULL, NULL),
(644, '22019', 'H', 10117041, '11A4', '10', '8, 9', '8, 6', '6', 6.64, NULL, NULL),
(645, '22019', 'H', 10117080, '11A4', '9', '5, 10', '10, 8', '7', 7.36, NULL, NULL),
(646, '22019', 'H', 10116219, '11A4', '7', '10, 7', '10, 6', '6', 6.73, NULL, NULL),
(647, '22019', 'H', 10117088, '11A4', '7', '9, 7', '8, 10', '5', 6.73, NULL, NULL),
(648, '22019', 'H', 10117373, '11A4', '8', '9, 6', '10, 10', '7', 7.64, NULL, NULL),
(649, '22019', 'H', 10117177, '11A4', '7', '8, 6', '9, 10', '5', 6.73, NULL, NULL),
(650, '22019', 'H', 10117090, '11A4', '10', '5, 5', '10, 7', '5', 6.27, NULL, NULL),
(651, '22019', 'H', 10117420, '11A4', '9', '7, 6', '7, 7', '8', 6.73, NULL, NULL),
(652, '22019', 'H', 11417090, '11A4', '9', '8, 6', '10, 6', '7', 6.91, NULL, NULL),
(653, '22019', 'H', 10117241, '11A4', '9', '10, 8', '9, 9', '8', 7.91, NULL, NULL),
(654, '22019', 'H', 10117198, '11A4', '5', '10, 8', '10, 9', '8', 7.73, NULL, NULL),
(655, '22019', 'H', 10117238, '11A4', '8', '7, 9', '5, 10', '7', 6.82, NULL, NULL),
(656, '22019', 'H', 10117118, '11A4', '6', '9, 9', '10, 5', '7', 6.82, NULL, NULL),
(657, '22019', 'H', 10117225, '12A1', '5', '7, 6', '6, 7', '9', 6.45, NULL, NULL),
(658, '22019', 'H', 10117139, '12A1', '5', '10, 8', '8, 5', '5', 5.82, NULL, NULL),
(659, '22019', 'H', 10117082, '12A1', '6', '6, 7', '5, 5', '10', 6.27, NULL, NULL),
(660, '22019', 'H', 10117070, '12A1', '8', '10, 5', '9, 8', '5', 6.55, NULL, NULL),
(661, '22019', 'H', 10117166, '12A1', '8', '5, 9', '6, 6', '8', 6.36, NULL, NULL),
(662, '22019', 'H', 10117163, '12A1', '5', '9, 10', '9, 8', '5', 6.64, NULL, NULL),
(663, '22019', 'H', 10117178, '12A1', '10', '6, 6', '5, 5', '6', 5.45, NULL, NULL),
(664, '22019', 'H', 10117022, '12A1', '9', '7, 9', '7, 10', '5', 6.73, NULL, NULL),
(665, '22019', 'H', 10117095, '12A1', '7', '8, 7', '7, 9', '6', 6.55, NULL, NULL),
(666, '22019', 'H', 10117282, '12A1', '8', '5, 9', '7, 10', '6', 6.73, NULL, NULL),
(667, '22019', 'H', 10117179, '12A1', '10', '7, 5', '9, 9', '5', 6.64, NULL, NULL),
(668, '22019', 'H', 10117247, '12A1', '8', '8, 10', '9, 5', '5', 6.27, NULL, NULL),
(669, '22019', 'H', 10117142, '12A1', '7', '7, 10', '7, 9', '8', 7.27, NULL, NULL),
(670, '22019', 'H', 10117410, '12A1', '5', '5, 5', '7, 5', '10', 6.27, NULL, NULL),
(671, '22019', 'H', 10117256, '12A1', '8', '7, 10', '10, 7', '7', 7.27, NULL, NULL),
(672, '22019', 'H', 10117025, '12A2', '5', '8, 8', '5, 6', '10', 6.64, NULL, NULL),
(673, '22019', 'H', 10117207, '12A2', '7', '7, 8', '8, 8', '7', 6.82, NULL, NULL),
(674, '22019', 'H', 10117248, '12A2', '6', '8, 10', '6, 9', '5', 6.27, NULL, NULL),
(675, '22019', 'H', 11217347, '12A2', '7', '5, 6', '7, 6', '5', 5.36, NULL, NULL),
(676, '22019', 'H', 10117193, '12A2', '7', '9, 8', '10, 9', '5', 7, NULL, NULL),
(677, '22019', 'H', 10117175, '12A2', '5', '10, 7', '6, 9', '8', 6.91, NULL, NULL),
(678, '22019', 'H', 10117020, '12A2', '9', '7, 8', '5, 9', '8', 6.91, NULL, NULL),
(679, '22019', 'H', 10117151, '12A2', '10', '7, 9', '9, 8', '6', 7.09, NULL, NULL),
(680, '22019', 'H', 10117181, '12A2', '9', '5, 8', '5, 10', '6', 6.36, NULL, NULL),
(681, '22019', 'H', 10117189, '12A2', '10', '6, 8', '9, 6', '5', 6.27, NULL, NULL),
(682, '22019', 'H', 10117161, '12A2', '5', '7, 8', '10, 5', '6', 6.18, NULL, NULL),
(683, '22019', 'H', 10117381, '12A2', '8', '6, 6', '10, 10', '8', 7.64, NULL, NULL),
(684, '22019', 'H', 10117254, '12A2', '6', '6, 7', '9, 9', '9', 7.45, NULL, NULL),
(685, '22019', 'H', 10117102, '12A2', '5', '10, 7', '10, 8', '9', 7.73, NULL, NULL),
(686, '22019', 'H', 10117398, '12A2', '5', '9, 6', '7, 7', '7', 6.27, NULL, NULL),
(687, '22019', 'H', 11217376, '12A3', '9', '9, 9', '6, 9', '6', 6.82, NULL, NULL),
(688, '22019', 'H', 10117037, '12A3', '6', '6, 8', '6, 9', '10', 7.27, NULL, NULL),
(689, '22019', 'H', 10117264, '12A3', '6', '9, 10', '7, 9', '7', 7.09, NULL, NULL),
(690, '22019', 'H', 10117145, '12A3', '10', '9, 6', '8, 7', '7', 6.91, NULL, NULL),
(691, '22019', 'H', 10117406, '12A3', '9', '10, 5', '5, 7', '9', 6.82, NULL, NULL),
(692, '22019', 'H', 10117383, '12A3', '9', '6, 8', '9, 7', '9', 7.45, NULL, NULL),
(693, '22019', 'H', 10117135, '12A3', '8', '6, 10', '5, 6', '8', 6.36, NULL, NULL),
(694, '22019', 'H', 10117086, '12A3', '10', '8, 5', '10, 7', '8', 7.36, NULL, NULL),
(695, '22019', 'H', 10117054, '12A3', '7', '5, 7', '5, 9', '9', 6.73, NULL, NULL),
(696, '22019', 'H', 10117150, '12A3', '9', '10, 8', '5, 7', '5', 6, NULL, NULL),
(697, '22019', 'S', 10117367, '10A1', '10', '10, 9', '7, 9', '7', 7.45, NULL, NULL),
(698, '22019', 'S', 10117173, '10A1', '5', '9, 5', '6, 6', '8', 6.09, NULL, NULL),
(699, '22019', 'S', 10117155, '10A1', '8', '10, 9', '6, 10', '8', 7.55, NULL, NULL),
(700, '22019', 'S', 10117214, '10A1', '5', '10, 7', '9, 5', '7', 6.45, NULL, NULL),
(701, '22019', 'S', 10117159, '10A1', '10', '5, 8', '5, 8', '7', 6.36, NULL, NULL),
(702, '22019', 'S', 10117224, '10A1', '10', '8, 7', '9, 6', '9', 7.45, NULL, NULL),
(703, '22019', 'S', 10117160, '10A1', '5', '9, 10', '6, 6', '9', 6.82, NULL, NULL),
(704, '22019', 'S', 10117211, '10A1', '6', '7, 10', '6, 7', '6', 6.09, NULL, NULL),
(705, '22019', 'S', 10117414, '10A1', '5', '6, 8', '5, 8', '7', 6, NULL, NULL),
(706, '22019', 'S', 10117378, '10A1', '6', '10, 5', '7, 6', '10', 7, NULL, NULL),
(707, '22019', 'S', 10117121, '10A1', '5', '7, 5', '7, 10', '7', 6.55, NULL, NULL),
(708, '22019', 'S', 10117230, '10A1', '8', '6, 8', '7, 8', '5', 6.09, NULL, NULL),
(709, '22019', 'S', 10117154, '10A1', '9', '5, 7', '7, 5', '6', 5.73, NULL, NULL),
(710, '22019', 'S', 10117394, '10A1', '9', '7, 6', '7, 6', '5', 5.73, NULL, NULL),
(711, '22019', 'S', 10117203, '10A1', '6', '7, 9', '8, 10', '6', 6.91, NULL, NULL),
(712, '22019', 'S', 10117197, '10A2', '7', '5, 9', '8, 6', '6', 6.09, NULL, NULL),
(713, '22019', 'S', 10117215, '10A2', '5', '6, 6', '9, 10', '7', 6.91, NULL, NULL),
(714, '22019', 'S', 10117396, '10A2', '10', '9, 9', '6, 8', '6', 6.73, NULL, NULL),
(715, '22019', 'S', 10117416, '10A2', '10', '7, 5', '6, 6', '5', 5.55, NULL, NULL),
(716, '22019', 'S', 10117063, '10A2', '7', '5, 10', '7, 6', '5', 5.73, NULL, NULL),
(717, '22019', 'S', 10117174, '10A2', '7', '10, 6', '5, 5', '10', 6.64, NULL, NULL),
(718, '22019', 'S', 10117227, '10A2', '7', '8, 6', '8, 5', '6', 5.91, NULL, NULL),
(719, '22019', 'S', 10117279, '10A2', '6', '7, 8', '6, 7', '7', 6.18, NULL, NULL),
(720, '22019', 'S', 10117277, '10A2', '8', '8, 6', '7, 6', '8', 6.55, NULL, NULL),
(721, '22019', 'S', 10117208, '10A2', '9', '5, 9', '10, 9', '7', 7.45, NULL, NULL),
(722, '22019', 'S', 10117200, '10A2', '9', '7, 8', '6, 8', '10', 7.45, NULL, NULL),
(723, '22019', 'S', 10117413, '10A2', '10', '10, 8', '10, 7', '6', 7.27, NULL, NULL),
(724, '22019', 'S', 10117244, '10A2', '5', '9, 8', '9, 5', '5', 5.91, NULL, NULL),
(725, '22019', 'S', 10117228, '10A2', '7', '5, 5', '9, 8', '8', 6.82, NULL, NULL),
(726, '22019', 'S', 10117237, '10A2', '10', '7, 8', '10, 6', '5', 6.55, NULL, NULL),
(727, '22019', 'S', 10117285, '10A3', '7', '10, 9', '9, 9', '10', 8.36, NULL, NULL),
(728, '22019', 'S', 10117352, '10A3', '10', '7, 5', '6, 10', '10', 7.64, NULL, NULL),
(729, '22019', 'S', 10117355, '10A3', '7', '9, 7', '6, 8', '8', 6.82, NULL, NULL),
(730, '22019', 'S', 10117141, '10A3', '10', '6, 6', '9, 8', '5', 6.45, NULL, NULL),
(731, '22019', 'S', 10117240, '10A3', '6', '8, 6', '6, 8', '8', 6.55, NULL, NULL),
(732, '22019', 'S', 10117209, '10A3', '6', '6, 7', '7, 9', '7', 6.55, NULL, NULL),
(733, '22019', 'S', 10117232, '10A3', '8', '6, 9', '6, 6', '9', 6.73, NULL, NULL),
(734, '22019', 'S', 10117113, '10A3', '9', '8, 8', '10, 5', '9', 7.45, NULL, NULL),
(735, '22019', 'S', 10117391, '10A3', '6', '9, 6', '10, 7', '6', 6.64, NULL, NULL),
(736, '22019', 'S', 10117385, '10A3', '5', '5, 9', '8, 6', '8', 6.45, NULL, NULL),
(737, '22019', 'S', 10117190, '10A3', '7', '8, 8', '10, 6', '9', 7.45, NULL, NULL),
(738, '22019', 'S', 10117392, '10A3', '8', '8, 5', '6, 7', '5', 5.64, NULL, NULL),
(739, '22019', 'S', 10117168, '10A3', '10', '10, 6', '8, 5', '5', 6.09, NULL, NULL),
(740, '22019', 'S', 10117050, '10A3', '9', '8, 6', '7, 10', '10', 7.91, NULL, NULL),
(741, '22019', 'S', 10117077, '10A4', '5', '8, 7', '9, 10', '8', 7.45, NULL, NULL),
(742, '22019', 'S', 10117015, '10A4', '8', '10, 8', '6, 9', '10', 7.82, NULL, NULL),
(743, '22019', 'S', 10117056, '10A4', '7', '6, 6', '5, 7', '7', 5.82, NULL, NULL),
(744, '22019', 'S', 10116175, '10A4', '6', '6, 10', '5, 7', '7', 6.09, NULL, NULL),
(745, '22019', 'S', 10117006, '10A4', '10', '9, 10', '10, 7', '6', 7.36, NULL, NULL),
(746, '22019', 'S', 10117029, '10A4', '6', '10, 10', '8, 9', '6', 7.09, NULL, NULL),
(747, '22019', 'S', 10117408, '10A4', '8', '8, 10', '7, 6', '6', 6.36, NULL, NULL),
(748, '22019', 'S', 10117252, '10A4', '6', '5, 10', '9, 10', '5', 6.73, NULL, NULL),
(749, '22019', 'S', 10117009, '10A4', '8', '9, 9', '6, 7', '5', 6.09, NULL, NULL),
(750, '22019', 'S', 10117005, '10A4', '9', '6, 7', '10, 9', '8', 7.64, NULL, NULL),
(751, '22019', 'S', 10616111, '10A4', '10', '7, 10', '8, 9', '9', 8, NULL, NULL),
(752, '22019', 'S', 10116199, '10A4', '6', '8, 9', '5, 10', '9', 7.27, NULL, NULL),
(753, '22019', 'S', 10117085, '10A4', '7', '8, 8', '9, 6', '10', 7.55, NULL, NULL),
(754, '22019', 'S', 10116322, '10A4', '6', '7, 10', '9, 8', '10', 7.91, NULL, NULL),
(755, '22019', 'S', 10117404, '10A4', '7', '10, 6', '7, 7', '5', 6, NULL, NULL),
(756, '22019', 'S', 10117097, '10A5', '9', '8, 5', '10, 10', '9', 8.09, NULL, NULL),
(757, '22019', 'S', 10117073, '10A5', '8', '8, 10', '9, 7', '5', 6.64, NULL, NULL),
(758, '22019', 'S', 10117060, '10A5', '9', '10, 8', '6, 7', '9', 7.27, NULL, NULL),
(759, '22019', 'S', 10117049, '10A5', '9', '5, 9', '9, 8', '8', 7.36, NULL, NULL),
(760, '22019', 'S', 10117098, '10A5', '9', '5, 6', '10, 6', '6', 6.36, NULL, NULL),
(761, '22019', 'S', 10117040, '10A5', '10', '7, 7', '10, 8', '5', 6.82, NULL, NULL),
(762, '22019', 'S', 10117370, '10A5', '6', '8, 8', '5, 5', '10', 6.55, NULL, NULL),
(763, '22019', 'S', 10117018, '10A5', '5', '10, 9', '6, 7', '9', 7, NULL, NULL),
(764, '22019', 'S', 10117371, '10A5', '9', '9, 10', '8, 10', '6', 7.45, NULL, NULL),
(765, '22019', 'S', 10117066, '10A5', '7', '9, 7', '6, 10', '10', 7.73, NULL, NULL),
(766, '22019', 'S', 10117424, '10A5', '9', '5, 8', '5, 5', '9', 6.27, NULL, NULL),
(767, '22019', 'S', 10117112, '10A5', '9', '10, 9', '6, 9', '10', 8, NULL, NULL),
(768, '22019', 'S', 10117059, '10A5', '6', '6, 5', '7, 9', '5', 5.82, NULL, NULL),
(769, '22019', 'S', 10117004, '10A5', '7', '8, 7', '8, 9', '10', 7.82, NULL, NULL),
(770, '22019', 'S', 10117089, '10A5', '10', '10, 7', '9, 5', '7', 6.91, NULL, NULL),
(771, '22019', 'S', 10117038, '11A1', '10', '10, 10', '9, 9', '9', 8.45, NULL, NULL),
(772, '22019', 'S', 10117071, '11A1', '7', '9, 7', '9, 9', '5', 6.73, NULL, NULL),
(773, '22019', 'S', 10117067, '11A1', '8', '9, 9', '5, 7', '6', 6.18, NULL, NULL),
(774, '22019', 'S', 10117399, '11A1', '10', '7, 10', '9, 9', '7', 7.64, NULL, NULL),
(775, '22019', 'S', 10117034, '11A1', '7', '6, 9', '10, 7', '7', 7, NULL, NULL),
(776, '22019', 'S', 10117115, '11A1', '10', '10, 9', '6, 7', '8', 7.18, NULL, NULL),
(777, '22019', 'S', 10117152, '11A1', '7', '5, 10', '9, 10', '8', 7.64, NULL, NULL),
(778, '22019', 'S', 10117375, '11A1', '9', '5, 9', '5, 8', '6', 6.09, NULL, NULL),
(779, '22019', 'S', 10117376, '11A1', '5', '6, 9', '5, 6', '7', 5.73, NULL, NULL),
(780, '22019', 'S', 10117101, '11A1', '9', '6, 9', '7, 8', '8', 7.09, NULL, NULL),
(781, '22019', 'S', 10117243, '11A1', '8', '5, 8', '8, 8', '10', 7.55, NULL, NULL),
(782, '22019', 'S', 10116158, '11A1', '7', '8, 9', '8, 9', '6', 6.91, NULL, NULL),
(783, '22019', 'S', 10117143, '11A1', '8', '10, 7', '7, 9', '5', 6.55, NULL, NULL),
(784, '22019', 'S', 10117053, '11A1', '9', '7, 6', '10, 7', '6', 6.73, NULL, NULL),
(785, '22019', 'S', 10117036, '11A1', '9', '6, 9', '8, 6', '10', 7.45, NULL, NULL),
(786, '22019', 'S', 10117058, '11A2', '10', '5, 9', '8, 5', '7', 6.45, NULL, NULL),
(787, '22019', 'S', 10117289, '11A2', '5', '9, 7', '8, 9', '5', 6.36, NULL, NULL),
(788, '22019', 'S', 10117202, '11A2', '8', '8, 8', '8, 8', '5', 6.45, NULL, NULL),
(789, '22019', 'S', 10117074, '11A2', '9', '6, 6', '8, 9', '9', 7.45, NULL, NULL),
(790, '22019', 'S', 10117276, '11A2', '8', '9, 8', '6, 7', '5', 6, NULL, NULL),
(791, '22019', 'S', 10117185, '11A2', '10', '6, 8', '5, 8', '5', 5.91, NULL, NULL),
(792, '22019', 'S', 10117195, '11A2', '8', '7, 7', '8, 7', '6', 6.36, NULL, NULL),
(793, '22019', 'S', 10117192, '11A2', '7', '6, 9', '10, 9', '9', 7.91, NULL, NULL),
(794, '22019', 'S', 10117125, '11A2', '7', '9, 7', '7, 7', '5', 6, NULL, NULL),
(795, '22019', 'S', 10117199, '11A2', '10', '9, 9', '9, 10', '10', 8.73, NULL, NULL),
(796, '22019', 'S', 10117003, '11A2', '8', '6, 5', '10, 6', '9', 7.09, NULL, NULL),
(797, '22019', 'S', 10117196, '11A2', '9', '7, 5', '6, 9', '9', 7.09, NULL, NULL),
(798, '22019', 'S', 10117052, '11A2', '9', '9, 6', '5, 5', '5', 5.36, NULL, NULL),
(799, '22019', 'S', 10117223, '11A2', '7', '8, 7', '8, 9', '5', 6.45, NULL, NULL),
(800, '22019', 'S', 10117263, '11A2', '7', '6, 7', '6, 8', '10', 7.09, NULL, NULL),
(801, '22019', 'S', 10117234, '11A3', '7', '5, 10', '8, 6', '5', 5.91, NULL, NULL),
(802, '22019', 'S', 10117368, '11A3', '5', '8, 7', '8, 8', '9', 7.18, NULL, NULL),
(803, '22019', 'S', 10117055, '11A3', '10', '6, 9', '10, 5', '7', 6.91, NULL, NULL),
(804, '22019', 'S', 10117162, '11A3', '7', '7, 9', '6, 7', '6', 6.09, NULL, NULL),
(805, '22019', 'S', 10117390, '11A3', '5', '7, 10', '10, 5', '5', 6.09, NULL, NULL),
(806, '22019', 'S', 10117369, '11A3', '6', '9, 8', '9, 10', '10', 8.27, NULL, NULL),
(807, '22019', 'S', 10117286, '11A3', '5', '8, 9', '6, 7', '7', 6.27, NULL, NULL),
(808, '22019', 'S', 10117007, '11A3', '6', '9, 7', '7, 9', '8', 7.09, NULL, NULL),
(809, '22019', 'S', 10117262, '11A3', '6', '8, 6', '6, 10', '5', 6.09, NULL, NULL),
(810, '22019', 'S', 10117133, '11A3', '8', '6, 7', '7, 8', '6', 6.27, NULL, NULL),
(811, '22019', 'S', 10117253, '11A3', '9', '9, 8', '6, 7', '10', 7.45, NULL, NULL),
(812, '22019', 'S', 10117379, '11A3', '5', '9, 5', '9, 8', '8', 7, NULL, NULL),
(813, '22019', 'S', 10117216, '11A3', '6', '6, 10', '5, 6', '5', 5.36, NULL, NULL),
(814, '22019', 'S', 10117275, '11A3', '6', '7, 5', '10, 6', '5', 5.91, NULL, NULL),
(815, '22019', 'S', 10117136, '11A3', '10', '6, 7', '5, 8', '8', 6.64, NULL, NULL),
(816, '22019', 'S', 10117167, '11A4', '7', '10, 7', '10, 9', '10', 8.36, NULL, NULL),
(817, '22019', 'S', 10117039, '11A4', '5', '8, 7', '9, 10', '9', 7.73, NULL, NULL),
(818, '22019', 'S', 10117041, '11A4', '6', '6, 6', '8, 6', '7', 6.09, NULL, NULL),
(819, '22019', 'S', 10117080, '11A4', '6', '7, 9', '6, 6', '6', 5.82, NULL, NULL),
(820, '22019', 'S', 10116219, '11A4', '5', '8, 10', '7, 7', '8', 6.82, NULL, NULL),
(821, '22019', 'S', 10117088, '11A4', '6', '5, 10', '6, 7', '8', 6.45, NULL, NULL),
(822, '22019', 'S', 10117373, '11A4', '6', '7, 8', '5, 8', '9', 6.73, NULL, NULL),
(823, '22019', 'S', 10117177, '11A4', '8', '10, 6', '7, 5', '10', 7.09, NULL, NULL),
(824, '22019', 'S', 10117090, '11A4', '5', '7, 10', '9, 10', '10', 8.18, NULL, NULL),
(825, '22019', 'S', 10117420, '11A4', '10', '5, 8', '10, 7', '9', 7.64, NULL, NULL),
(826, '22019', 'S', 11417090, '11A4', '6', '5, 6', '9, 8', '10', 7.36, NULL, NULL),
(827, '22019', 'S', 10117241, '11A4', '10', '9, 6', '10, 7', '10', 8.09, NULL, NULL),
(828, '22019', 'S', 10117198, '11A4', '7', '9, 7', '8, 6', '5', 6, NULL, NULL),
(829, '22019', 'S', 10117238, '11A4', '6', '6, 8', '5, 9', '7', 6.27, NULL, NULL),
(830, '22019', 'S', 10117118, '11A4', '10', '6, 5', '7, 8', '9', 7.09, NULL, NULL),
(831, '22019', 'S', 10117225, '12A1', '10', '7, 5', '7, 8', '6', 6.36, NULL, NULL),
(832, '22019', 'S', 10117139, '12A1', '5', '8, 10', '5, 5', '8', 6.09, NULL, NULL),
(833, '22019', 'S', 10117082, '12A1', '9', '10, 10', '10, 7', '9', 8.18, NULL, NULL),
(834, '22019', 'S', 10117070, '12A1', '7', '9, 9', '9, 9', '9', 8, NULL, NULL),
(835, '22019', 'S', 10117166, '12A1', '9', '6, 9', '9, 8', '8', 7.45, NULL, NULL),
(836, '22019', 'S', 10117163, '12A1', '10', '7, 7', '7, 9', '10', 7.82, NULL, NULL),
(837, '22019', 'S', 10117178, '12A1', '7', '7, 6', '9, 9', '10', 7.82, NULL, NULL),
(838, '22019', 'S', 10117022, '12A1', '9', '8, 5', '7, 6', '8', 6.55, NULL, NULL),
(839, '22019', 'S', 10117095, '12A1', '7', '7, 9', '5, 9', '10', 7.36, NULL, NULL),
(840, '22019', 'S', 10117282, '12A1', '10', '5, 7', '10, 8', '9', 7.73, NULL, NULL),
(841, '22019', 'S', 10117179, '12A1', '7', '6, 8', '10, 10', '9', 8, NULL, NULL),
(842, '22019', 'S', 10117247, '12A1', '9', '8, 5', '5, 7', '5', 5.55, NULL, NULL),
(843, '22019', 'S', 10117142, '12A1', '5', '7, 8', '6, 10', '5', 6.09, NULL, NULL),
(844, '22019', 'S', 10117410, '12A1', '8', '5, 10', '6, 8', '9', 7.09, NULL, NULL),
(845, '22019', 'S', 10117256, '12A1', '7', '9, 9', '5, 7', '9', 6.91, NULL, NULL),
(846, '22019', 'S', 10117025, '12A2', '5', '8, 8', '9, 8', '9', 7.45, NULL, NULL),
(847, '22019', 'S', 10117207, '12A2', '9', '7, 5', '9, 6', '8', 6.82, NULL, NULL),
(848, '22019', 'S', 10117248, '12A2', '10', '8, 5', '5, 7', '9', 6.73, NULL, NULL),
(849, '22019', 'S', 11217347, '12A2', '9', '7, 9', '7, 10', '9', 7.82, NULL, NULL),
(850, '22019', 'S', 10117193, '12A2', '6', '9, 7', '9, 7', '10', 7.64, NULL, NULL),
(851, '22019', 'S', 10117175, '12A2', '6', '8, 8', '8, 6', '6', 6.18, NULL, NULL),
(852, '22019', 'S', 10117020, '12A2', '7', '9, 9', '6, 7', '8', 6.82, NULL, NULL),
(853, '22019', 'S', 10117151, '12A2', '5', '6, 7', '5, 6', '9', 6.09, NULL, NULL),
(854, '22019', 'S', 10117181, '12A2', '6', '9, 10', '10, 7', '10', 8.09, NULL, NULL),
(855, '22019', 'S', 10117189, '12A2', '8', '7, 7', '9, 5', '10', 7.27, NULL, NULL),
(856, '22019', 'S', 10117161, '12A2', '10', '9, 8', '5, 8', '5', 6.18, NULL, NULL),
(857, '22019', 'S', 10117381, '12A2', '10', '6, 7', '8, 7', '5', 6.18, NULL, NULL),
(858, '22019', 'S', 10117254, '12A2', '6', '9, 8', '7, 5', '7', 6.18, NULL, NULL),
(859, '22019', 'S', 10117102, '12A2', '8', '5, 9', '6, 9', '6', 6.36, NULL, NULL),
(860, '22019', 'S', 10117398, '12A2', '7', '7, 6', '7, 6', '6', 5.82, NULL, NULL),
(861, '22019', 'S', 11217376, '12A3', '5', '9, 6', '8, 6', '9', 6.82, NULL, NULL),
(862, '22019', 'S', 10117037, '12A3', '5', '5, 7', '8, 10', '6', 6.45, NULL, NULL),
(863, '22019', 'S', 10117264, '12A3', '8', '6, 10', '7, 6', '7', 6.45, NULL, NULL),
(864, '22019', 'S', 10117145, '12A3', '6', '10, 8', '10, 9', '7', 7.55, NULL, NULL),
(865, '22019', 'S', 10117406, '12A3', '9', '6, 6', '7, 5', '8', 6.27, NULL, NULL),
(866, '22019', 'S', 10117383, '12A3', '7', '7, 9', '8, 7', '6', 6.45, NULL, NULL),
(867, '22019', 'S', 10117135, '12A3', '5', '7, 5', '6, 9', '7', 6.18, NULL, NULL),
(868, '22019', 'S', 10117086, '12A3', '10', '10, 5', '7, 8', '7', 6.91, NULL, NULL),
(869, '22019', 'S', 10117054, '12A3', '10', '10, 5', '8, 8', '8', 7.36, NULL, NULL),
(870, '22019', 'S', 10117150, '12A3', '7', '10, 9', '6, 6', '6', 6.18, NULL, NULL),
(871, '22019', 'Si', 10117367, '10A1', '5', '10, 9', '10, 9', '8', 7.82, NULL, NULL),
(872, '22019', 'Si', 10117173, '10A1', '10', '7, 8', '6, 5', '5', 5.64, NULL, NULL),
(873, '22019', 'Si', 10117155, '10A1', '10', '10, 9', '9, 10', '5', 7.45, NULL, NULL),
(874, '22019', 'Si', 10117214, '10A1', '10', '10, 10', '10, 9', '5', 7.55, NULL, NULL),
(875, '22019', 'Si', 10117159, '10A1', '10', '5, 5', '7, 10', '5', 6.27, NULL, NULL),
(876, '22019', 'Si', 10117224, '10A1', '9', '10, 6', '9, 5', '7', 6.73, NULL, NULL),
(877, '22019', 'Si', 10117160, '10A1', '9', '10, 5', '6, 10', '7', 7, NULL, NULL),
(878, '22019', 'Si', 10117211, '10A1', '7', '7, 7', '9, 10', '7', 7.27, NULL, NULL),
(879, '22019', 'Si', 10117414, '10A1', '10', '10, 9', '6, 9', '6', 7, NULL, NULL),
(880, '22019', 'Si', 10117378, '10A1', '7', '5, 9', '6, 10', '9', 7.27, NULL, NULL),
(881, '22019', 'Si', 10117121, '10A1', '8', '10, 6', '8, 6', '5', 6.09, NULL, NULL),
(882, '22019', 'Si', 10117230, '10A1', '7', '8, 10', '7, 5', '6', 6.09, NULL, NULL),
(883, '22019', 'Si', 10117154, '10A1', '5', '8, 10', '8, 9', '5', 6.55, NULL, NULL),
(884, '22019', 'Si', 10117394, '10A1', '10', '6, 5', '8, 5', '5', 5.64, NULL, NULL),
(885, '22019', 'Si', 10117203, '10A1', '5', '7, 10', '7, 8', '10', 7.45, NULL, NULL),
(886, '22019', 'Si', 10117197, '10A2', '9', '6, 8', '5, 8', '5', 5.82, NULL, NULL),
(887, '22019', 'Si', 10117215, '10A2', '8', '8, 9', '6, 5', '9', 6.73, NULL, NULL),
(888, '22019', 'Si', 10117396, '10A2', '6', '6, 7', '9, 9', '8', 7.18, NULL, NULL),
(889, '22019', 'Si', 10117416, '10A2', '5', '8, 10', '5, 6', '5', 5.45, NULL, NULL),
(890, '22019', 'Si', 10117063, '10A2', '8', '9, 10', '9, 5', '9', 7.45, NULL, NULL),
(891, '22019', 'Si', 10117174, '10A2', '9', '8, 6', '8, 10', '8', 7.55, NULL, NULL),
(892, '22019', 'Si', 10117227, '10A2', '9', '8, 7', '7, 5', '7', 6.27, NULL, NULL),
(893, '22019', 'Si', 10117279, '10A2', '9', '9, 9', '7, 6', '7', 6.73, NULL, NULL),
(894, '22019', 'Si', 10117277, '10A2', '6', '6, 9', '10, 8', '9', 7.64, NULL, NULL),
(895, '22019', 'Si', 10117208, '10A2', '7', '9, 5', '5, 5', '9', 6.18, NULL, NULL),
(896, '22019', 'Si', 10117200, '10A2', '9', '10, 8', '8, 7', '8', 7.36, NULL, NULL),
(897, '22019', 'Si', 10117413, '10A2', '5', '5, 7', '10, 6', '10', 7.18, NULL, NULL),
(898, '22019', 'Si', 10117244, '10A2', '7', '7, 6', '8, 6', '7', 6.27, NULL, NULL),
(899, '22019', 'Si', 10117228, '10A2', '10', '9, 6', '9, 9', '7', 7.45, NULL, NULL),
(900, '22019', 'Si', 10117237, '10A2', '9', '7, 9', '6, 6', '7', 6.36, NULL, NULL),
(901, '22019', 'Si', 10117285, '10A3', '5', '8, 8', '9, 8', '10', 7.73, NULL, NULL),
(902, '22019', 'Si', 10117352, '10A3', '7', '6, 5', '6, 8', '9', 6.64, NULL, NULL),
(903, '22019', 'Si', 10117355, '10A3', '5', '5, 5', '10, 8', '7', 6.55, NULL, NULL),
(904, '22019', 'Si', 10117141, '10A3', '9', '9, 5', '6, 6', '7', 6.18, NULL, NULL),
(905, '22019', 'Si', 10117240, '10A3', '7', '6, 7', '7, 7', '7', 6.27, NULL, NULL),
(906, '22019', 'Si', 10117209, '10A3', '7', '7, 6', '8, 6', '6', 6, NULL, NULL),
(907, '22019', 'Si', 10117232, '10A3', '8', '10, 7', '10, 8', '6', 7.18, NULL, NULL),
(908, '22019', 'Si', 10117113, '10A3', '6', '7, 8', '9, 10', '10', 8.09, NULL, NULL),
(909, '22019', 'Si', 10117391, '10A3', '5', '8, 10', '9, 8', '5', 6.55, NULL, NULL),
(910, '22019', 'Si', 10117385, '10A3', '9', '5, 8', '7, 5', '5', 5.55, NULL, NULL),
(911, '22019', 'Si', 10117190, '10A3', '10', '5, 8', '5, 9', '5', 6, NULL, NULL),
(912, '22019', 'Si', 10117392, '10A3', '7', '8, 7', '5, 8', '9', 6.82, NULL, NULL),
(913, '22019', 'Si', 10117168, '10A3', '8', '9, 8', '8, 9', '9', 7.82, NULL, NULL),
(914, '22019', 'Si', 10117050, '10A3', '9', '8, 8', '5, 6', '7', 6.18, NULL, NULL),
(915, '22019', 'Si', 10117077, '10A4', '5', '10, 6', '6, 9', '7', 6.55, NULL, NULL),
(916, '22019', 'Si', 10117015, '10A4', '6', '10, 7', '6, 7', '8', 6.64, NULL, NULL),
(917, '22019', 'Si', 10117056, '10A4', '8', '10, 8', '7, 5', '6', 6.18, NULL, NULL),
(918, '22019', 'Si', 10116175, '10A4', '10', '5, 10', '10, 10', '9', 8.36, NULL, NULL),
(919, '22019', 'Si', 10117006, '10A4', '9', '6, 6', '8, 10', '7', 7.09, NULL, NULL),
(920, '22019', 'Si', 10117029, '10A4', '7', '10, 8', '6, 6', '5', 5.82, NULL, NULL),
(921, '22019', 'Si', 10117408, '10A4', '5', '10, 5', '9, 5', '8', 6.55, NULL, NULL),
(922, '22019', 'Si', 10117252, '10A4', '5', '6, 6', '5, 6', '8', 5.73, NULL, NULL),
(923, '22019', 'Si', 10117009, '10A4', '7', '9, 8', '8, 5', '7', 6.45, NULL, NULL),
(924, '22019', 'Si', 10117005, '10A4', '10', '9, 9', '9, 7', '10', 8.18, NULL, NULL),
(925, '22019', 'Si', 10616111, '10A4', '7', '8, 6', '9, 10', '9', 7.82, NULL, NULL),
(926, '22019', 'Si', 10116199, '10A4', '9', '9, 7', '6, 9', '6', 6.64, NULL, NULL),
(927, '22019', 'Si', 10117085, '10A4', '8', '8, 10', '8, 6', '10', 7.64, NULL, NULL),
(928, '22019', 'Si', 10116322, '10A4', '5', '5, 9', '8, 5', '10', 6.82, NULL, NULL),
(929, '22019', 'Si', 10117404, '10A4', '10', '8, 6', '8, 10', '9', 7.91, NULL, NULL),
(930, '22019', 'Si', 10117097, '10A5', '6', '5, 9', '6, 8', '5', 5.73, NULL, NULL),
(931, '22019', 'Si', 10117073, '10A5', '9', '5, 10', '6, 5', '10', 6.91, NULL, NULL),
(932, '22019', 'Si', 10117060, '10A5', '7', '7, 7', '9, 10', '5', 6.73, NULL, NULL),
(933, '22019', 'Si', 10117049, '10A5', '8', '8, 9', '9, 8', '7', 7.27, NULL, NULL),
(934, '22019', 'Si', 10117098, '10A5', '10', '9, 5', '6, 7', '8', 6.73, NULL, NULL),
(935, '22019', 'Si', 10117040, '10A5', '9', '5, 8', '10, 10', '8', 7.82, NULL, NULL),
(936, '22019', 'Si', 10117370, '10A5', '6', '10, 9', '5, 9', '9', 7.27, NULL, NULL),
(937, '22019', 'Si', 10117018, '10A5', '9', '6, 8', '9, 10', '8', 7.73, NULL, NULL),
(938, '22019', 'Si', 10117371, '10A5', '10', '5, 8', '5, 9', '5', 6, NULL, NULL),
(939, '22019', 'Si', 10117066, '10A5', '7', '6, 5', '6, 8', '9', 6.64, NULL, NULL),
(940, '22019', 'Si', 10117424, '10A5', '5', '10, 10', '9, 7', '8', 7.36, NULL, NULL),
(941, '22019', 'Si', 10117112, '10A5', '7', '10, 9', '8, 10', '7', 7.55, NULL, NULL),
(942, '22019', 'Si', 10117059, '10A5', '8', '5, 8', '9, 8', '5', 6.36, NULL, NULL),
(943, '22019', 'Si', 10117004, '10A5', '7', '8, 6', '5, 5', '8', 5.91, NULL, NULL),
(944, '22019', 'Si', 10117089, '10A5', '8', '9, 9', '10, 6', '5', 6.64, NULL, NULL),
(945, '22019', 'Si', 10117038, '11A1', '10', '5, 10', '10, 10', '9', 8.36, NULL, NULL),
(946, '22019', 'Si', 10117071, '11A1', '10', '9, 5', '6, 5', '5', 5.55, NULL, NULL),
(947, '22019', 'Si', 10117067, '11A1', '8', '7, 8', '10, 9', '10', 8.27, NULL, NULL),
(948, '22019', 'Si', 10117399, '11A1', '10', '7, 6', '7, 7', '9', 7.09, NULL, NULL),
(949, '22019', 'Si', 10117034, '11A1', '8', '9, 8', '6, 7', '10', 7.36, NULL, NULL),
(950, '22019', 'Si', 10117115, '11A1', '7', '7, 5', '6, 6', '10', 6.64, NULL, NULL),
(951, '22019', 'Si', 10117152, '11A1', '6', '10, 9', '5, 5', '5', 5.45, NULL, NULL),
(952, '22019', 'Si', 10117375, '11A1', '8', '10, 9', '10, 10', '10', 8.82, NULL, NULL),
(953, '22019', 'Si', 10117376, '11A1', '6', '10, 9', '9, 7', '7', 7.09, NULL, NULL),
(954, '22019', 'Si', 10117101, '11A1', '9', '5, 9', '9, 6', '8', 7, NULL, NULL),
(955, '22019', 'Si', 10117243, '11A1', '6', '10, 5', '6, 10', '8', 7, NULL, NULL),
(956, '22019', 'Si', 10116158, '11A1', '5', '5, 9', '7, 5', '6', 5.55, NULL, NULL),
(957, '22019', 'Si', 10117143, '11A1', '8', '5, 8', '8, 6', '6', 6.09, NULL, NULL),
(958, '22019', 'Si', 10117053, '11A1', '9', '9, 5', '6, 8', '9', 7.09, NULL, NULL),
(959, '22019', 'Si', 10117036, '11A1', '9', '5, 7', '7, 7', '10', 7.18, NULL, NULL),
(960, '22019', 'Si', 10117058, '11A2', '9', '7, 7', '5, 5', '10', 6.64, NULL, NULL),
(961, '22019', 'Si', 10117289, '11A2', '5', '7, 10', '5, 9', '8', 6.73, NULL, NULL),
(962, '22019', 'Si', 10117202, '11A2', '6', '5, 6', '6, 6', '7', 5.64, NULL, NULL),
(963, '22019', 'Si', 10117074, '11A2', '6', '7, 5', '7, 7', '6', 5.82, NULL, NULL),
(964, '22019', 'Si', 10117276, '11A2', '7', '9, 10', '5, 8', '7', 6.64, NULL, NULL),
(965, '22019', 'Si', 10117185, '11A2', '5', '6, 7', '9, 10', '5', 6.45, NULL, NULL),
(966, '22019', 'Si', 10117195, '11A2', '5', '5, 7', '10, 10', '5', 6.55, NULL, NULL),
(967, '22019', 'Si', 10117192, '11A2', '6', '6, 8', '7, 9', '9', 7.18, NULL, NULL),
(968, '22019', 'Si', 10117125, '11A2', '9', '5, 9', '7, 5', '10', 7, NULL, NULL),
(969, '22019', 'Si', 10117199, '11A2', '8', '7, 7', '6, 10', '10', 7.64, NULL, NULL),
(970, '22019', 'Si', 10117003, '11A2', '5', '10, 10', '5, 6', '6', 5.91, NULL, NULL),
(971, '22019', 'Si', 10117196, '11A2', '6', '8, 6', '8, 7', '10', 7.27, NULL, NULL),
(972, '22019', 'Si', 10117052, '11A2', '9', '5, 9', '7, 7', '10', 7.36, NULL, NULL),
(973, '22019', 'Si', 10117223, '11A2', '5', '6, 8', '5, 6', '9', 6.18, NULL, NULL),
(974, '22019', 'Si', 10117263, '11A2', '9', '7, 5', '10, 10', '8', 7.73, NULL, NULL),
(975, '22019', 'Si', 10117234, '11A3', '7', '9, 10', '9, 6', '9', 7.55, NULL, NULL),
(976, '22019', 'Si', 10117368, '11A3', '8', '9, 7', '9, 8', '9', 7.73, NULL, NULL),
(977, '22019', 'Si', 10117055, '11A3', '7', '9, 9', '10, 7', '9', 7.82, NULL, NULL),
(978, '22019', 'Si', 10117162, '11A3', '7', '7, 5', '5, 8', '5', 5.45, NULL, NULL),
(979, '22019', 'Si', 10117390, '11A3', '6', '7, 6', '10, 6', '8', 6.82, NULL, NULL),
(980, '22019', 'Si', 10117369, '11A3', '7', '10, 10', '10, 8', '7', 7.64, NULL, NULL),
(981, '22019', 'Si', 10117286, '11A3', '5', '8, 5', '6, 9', '7', 6.27, NULL, NULL),
(982, '22019', 'Si', 10117007, '11A3', '10', '10, 9', '8, 9', '7', 7.64, NULL, NULL),
(983, '22019', 'Si', 10117262, '11A3', '9', '7, 8', '6, 9', '10', 7.64, NULL, NULL),
(984, '22019', 'Si', 10117133, '11A3', '10', '7, 9', '5, 6', '9', 6.82, NULL, NULL),
(985, '22019', 'Si', 10117253, '11A3', '10', '8, 5', '8, 10', '10', 8.09, NULL, NULL),
(986, '22019', 'Si', 10117379, '11A3', '9', '10, 9', '9, 7', '9', 7.91, NULL, NULL),
(987, '22019', 'Si', 10117216, '11A3', '8', '5, 8', '7, 7', '10', 7.18, NULL, NULL),
(988, '22019', 'Si', 10117275, '11A3', '9', '8, 10', '6, 6', '8', 6.82, NULL, NULL),
(989, '22019', 'Si', 10117136, '11A3', '10', '8, 7', '5, 6', '6', 5.91, NULL, NULL),
(990, '22019', 'Si', 10117167, '11A4', '7', '10, 6', '10, 9', '5', 6.91, NULL, NULL),
(991, '22019', 'Si', 10117039, '11A4', '10', '7, 9', '9, 9', '9', 8.09, NULL, NULL),
(992, '22019', 'Si', 10117041, '11A4', '9', '10, 5', '10, 8', '8', 7.64, NULL, NULL),
(993, '22019', 'Si', 10117080, '11A4', '8', '9, 9', '7, 5', '8', 6.73, NULL, NULL),
(994, '22019', 'Si', 10116219, '11A4', '6', '7, 6', '8, 6', '5', 5.64, NULL, NULL),
(995, '22019', 'Si', 10117088, '11A4', '7', '10, 8', '6, 5', '6', 5.91, NULL, NULL),
(996, '22019', 'Si', 10117373, '11A4', '7', '5, 10', '9, 9', '6', 6.91, NULL, NULL),
(997, '22019', 'Si', 10117177, '11A4', '6', '8, 5', '7, 9', '10', 7.36, NULL, NULL),
(998, '22019', 'Si', 10117090, '11A4', '9', '5, 10', '9, 7', '9', 7.55, NULL, NULL),
(999, '22019', 'Si', 10117420, '11A4', '8', '10, 7', '9, 9', '7', 7.45, NULL, NULL),
(1000, '22019', 'Si', 11417090, '11A4', '5', '6, 9', '5, 8', '5', 5.55, NULL, NULL),
(1001, '22019', 'Si', 10117241, '11A4', '8', '8, 9', '7, 6', '6', 6.27, NULL, NULL),
(1002, '22019', 'Si', 10117198, '11A4', '6', '7, 6', '6, 6', '6', 5.55, NULL, NULL),
(1003, '22019', 'Si', 10117238, '11A4', '7', '5, 6', '8, 10', '8', 7.09, NULL, NULL),
(1004, '22019', 'Si', 10117118, '11A4', '9', '5, 5', '7, 5', '5', 5.27, NULL, NULL),
(1005, '22019', 'Si', 10117225, '12A1', '7', '6, 6', '8, 7', '10', 7.18, NULL, NULL),
(1006, '22019', 'Si', 10117139, '12A1', '9', '9, 8', '9, 6', '8', 7.27, NULL, NULL),
(1007, '22019', 'Si', 10117082, '12A1', '5', '5, 8', '8, 5', '10', 6.73, NULL, NULL),
(1008, '22019', 'Si', 10117070, '12A1', '8', '8, 9', '7, 5', '9', 6.91, NULL, NULL),
(1009, '22019', 'Si', 10117166, '12A1', '10', '6, 5', '9, 8', '5', 6.36, NULL, NULL),
(1010, '22019', 'Si', 10117163, '12A1', '10', '10, 5', '6, 6', '8', 6.64, NULL, NULL),
(1011, '22019', 'Si', 10117178, '12A1', '10', '8, 5', '8, 6', '10', 7.36, NULL, NULL),
(1012, '22019', 'Si', 10117022, '12A1', '5', '9, 7', '8, 6', '9', 6.91, NULL, NULL),
(1013, '22019', 'Si', 10117095, '12A1', '8', '10, 5', '8, 8', '9', 7.45, NULL, NULL),
(1014, '22019', 'Si', 10117282, '12A1', '5', '10, 10', '8, 10', '7', 7.45, NULL, NULL),
(1015, '22019', 'Si', 10117179, '12A1', '5', '7, 9', '10, 6', '8', 7, NULL, NULL),
(1016, '22019', 'Si', 10117247, '12A1', '9', '7, 10', '8, 6', '7', 6.82, NULL, NULL),
(1017, '22019', 'Si', 10117142, '12A1', '8', '5, 8', '9, 9', '7', 7.09, NULL, NULL),
(1018, '22019', 'Si', 10117410, '12A1', '6', '5, 9', '5, 10', '8', 6.73, NULL, NULL),
(1019, '22019', 'Si', 10117256, '12A1', '9', '10, 9', '9, 6', '9', 7.73, NULL, NULL),
(1020, '22019', 'Si', 10117025, '12A2', '5', '8, 5', '10, 6', '8', 6.73, NULL, NULL),
(1021, '22019', 'Si', 10117207, '12A2', '10', '8, 10', '10, 6', '5', 6.82, NULL, NULL),
(1022, '22019', 'Si', 10117248, '12A2', '5', '5, 6', '7, 10', '8', 6.73, NULL, NULL),
(1023, '22019', 'Si', 11217347, '12A2', '8', '9, 7', '9, 6', '8', 7.09, NULL, NULL),
(1024, '22019', 'Si', 10117193, '12A2', '9', '7, 5', '5, 10', '10', 7.36, NULL, NULL),
(1025, '22019', 'Si', 10117175, '12A2', '8', '6, 9', '5, 6', '6', 5.73, NULL, NULL),
(1026, '22019', 'Si', 10117020, '12A2', '8', '7, 8', '5, 7', '5', 5.64, NULL, NULL),
(1027, '22019', 'Si', 10117151, '12A2', '9', '8, 10', '10, 8', '8', 7.91, NULL, NULL),
(1028, '22019', 'Si', 10117181, '12A2', '7', '8, 9', '9, 10', '9', 8.09, NULL, NULL),
(1029, '22019', 'Si', 10117189, '12A2', '7', '7, 8', '5, 6', '10', 6.73, NULL, NULL),
(1030, '22019', 'Si', 10117161, '12A2', '7', '6, 5', '5, 5', '9', 5.91, NULL, NULL),
(1031, '22019', 'Si', 10117381, '12A2', '10', '10, 8', '8, 10', '10', 8.55, NULL, NULL),
(1032, '22019', 'Si', 10117254, '12A2', '7', '7, 6', '8, 8', '8', 6.91, NULL, NULL),
(1033, '22019', 'Si', 10117102, '12A2', '8', '9, 5', '7, 6', '10', 7.09, NULL, NULL),
(1034, '22019', 'Si', 10117398, '12A2', '9', '7, 10', '9, 6', '7', 7, NULL, NULL),
(1035, '22019', 'Si', 11217376, '12A3', '7', '6, 5', '9, 5', '10', 6.91, NULL, NULL),
(1036, '22019', 'Si', 10117037, '12A3', '10', '5, 9', '9, 8', '7', 7.18, NULL, NULL),
(1037, '22019', 'Si', 10117264, '12A3', '9', '7, 9', '7, 8', '8', 7.18, NULL, NULL),
(1038, '22019', 'Si', 10117145, '12A3', '7', '9, 8', '6, 7', '9', 7, NULL, NULL),
(1039, '22019', 'Si', 10117406, '12A3', '7', '7, 6', '5, 5', '7', 5.55, NULL, NULL),
(1040, '22019', 'Si', 10117383, '12A3', '10', '7, 5', '10, 10', '10', 8.36, NULL, NULL),
(1041, '22019', 'Si', 10117135, '12A3', '10', '7, 9', '6, 7', '9', 7.18, NULL, NULL),
(1042, '22019', 'Si', 10117086, '12A3', '8', '10, 6', '8, 6', '8', 6.91, NULL, NULL),
(1043, '22019', 'Si', 10117054, '12A3', '10', '5, 9', '8, 6', '5', 6.09, NULL, NULL),
(1044, '22019', 'Si', 10117150, '12A3', '5', '6, 6', '7, 10', '6', 6.27, NULL, NULL),
(1045, '22019', 'T', 10117367, '10A1', '6', '8, 6', '8, 7', '7', 6.45, NULL, NULL),
(1046, '22019', 'T', 10117173, '10A1', '5', '7, 6', '10, 8', '9', 7.36, NULL, NULL),
(1047, '22019', 'T', 10117155, '10A1', '6', '10, 7', '8, 7', '6', 6.45, NULL, NULL),
(1048, '22019', 'T', 10117214, '10A1', '6', '5, 5', '7, 7', '8', 6.18, NULL, NULL),
(1049, '22019', 'T', 10117159, '10A1', '7', '8, 6', '7, 7', '8', 6.64, NULL, NULL),
(1050, '22019', 'T', 10117224, '10A1', '7', '10, 7', '8, 6', '5', 6.09, NULL, NULL),
(1051, '22019', 'T', 10117160, '10A1', '5', '8, 8', '6, 5', '7', 5.82, NULL, NULL),
(1052, '22019', 'T', 10117211, '10A1', '5', '9, 10', '8, 5', '7', 6.45, NULL, NULL),
(1053, '22019', 'T', 10117414, '10A1', '5', '7, 8', '8, 10', '5', 6.45, NULL, NULL),
(1054, '22019', 'T', 10117378, '10A1', '9', '5, 7', '5, 7', '8', 6.27, NULL, NULL),
(1055, '22019', 'T', 10117121, '10A1', '10', '6, 9', '10, 5', '7', 6.91, NULL, NULL),
(1056, '22019', 'T', 10117230, '10A1', '9', '6, 10', '7, 8', '5', 6.36, NULL, NULL),
(1057, '22019', 'T', 10117154, '10A1', '5', '5, 8', '7, 10', '7', 6.64, NULL, NULL),
(1058, '22019', 'T', 10117394, '10A1', '6', '5, 8', '5, 10', '8', 6.64, NULL, NULL),
(1059, '22019', 'T', 10117203, '10A1', '6', '6, 6', '8, 5', '10', 6.73, NULL, NULL),
(1060, '22019', 'T', 10117197, '10A2', '6', '9, 9', '6, 8', '5', 6.09, NULL, NULL),
(1061, '22019', 'T', 10117215, '10A2', '8', '8, 7', '10, 7', '10', 7.91, NULL, NULL),
(1062, '22019', 'T', 10117396, '10A2', '5', '8, 8', '6, 5', '5', 5.27, NULL, NULL),
(1063, '22019', 'T', 10117416, '10A2', '7', '10, 10', '6, 5', '9', 6.91, NULL, NULL),
(1064, '22019', 'T', 10117063, '10A2', '7', '10, 9', '6, 8', '7', 6.82, NULL, NULL),
(1065, '22019', 'T', 10117174, '10A2', '8', '9, 9', '8, 6', '7', 6.82, NULL, NULL),
(1066, '22019', 'T', 10117227, '10A2', '7', '9, 8', '10, 5', '10', 7.64, NULL, NULL),
(1067, '22019', 'T', 10117279, '10A2', '10', '6, 6', '5, 9', '10', 7.27, NULL, NULL),
(1068, '22019', 'T', 10117277, '10A2', '10', '10, 9', '9, 5', '8', 7.36, NULL, NULL),
(1069, '22019', 'T', 10117208, '10A2', '10', '5, 9', '7, 10', '8', 7.45, NULL, NULL),
(1070, '22019', 'T', 10117200, '10A2', '10', '5, 5', '9, 8', '10', 7.64, NULL, NULL),
(1071, '22019', 'T', 10117413, '10A2', '10', '9, 8', '6, 5', '10', 7.18, NULL, NULL),
(1072, '22019', 'T', 10117244, '10A2', '8', '10, 7', '9, 7', '8', 7.36, NULL, NULL),
(1073, '22019', 'T', 10117228, '10A2', '9', '10, 10', '9, 8', '8', 7.91, NULL, NULL),
(1074, '22019', 'T', 10117237, '10A2', '8', '7, 10', '5, 5', '10', 6.82, NULL, NULL),
(1075, '22019', 'T', 10117285, '10A3', '6', '7, 7', '10, 7', '6', 6.55, NULL, NULL),
(1076, '22019', 'T', 10117352, '10A3', '7', '5, 5', '7, 5', '5', 5.09, NULL, NULL),
(1077, '22019', 'T', 10117355, '10A3', '10', '7, 10', '7, 8', '5', 6.55, NULL, NULL),
(1078, '22019', 'T', 10117141, '10A3', '5', '8, 9', '7, 5', '5', 5.55, NULL, NULL),
(1079, '22019', 'T', 10117240, '10A3', '6', '8, 6', '7, 6', '5', 5.55, NULL, NULL),
(1080, '22019', 'T', 10117209, '10A3', '8', '5, 6', '9, 5', '7', 6.18, NULL, NULL),
(1081, '22019', 'T', 10117232, '10A3', '6', '6, 9', '9, 10', '7', 7.27, NULL, NULL),
(1082, '22019', 'T', 10117113, '10A3', '9', '8, 6', '8, 8', '10', 7.73, NULL, NULL),
(1083, '22019', 'T', 10117391, '10A3', '7', '8, 6', '5, 7', '8', 6.27, NULL, NULL),
(1084, '22019', 'T', 10117385, '10A3', '5', '7, 7', '6, 9', '10', 7.18, NULL, NULL),
(1085, '22019', 'T', 10117190, '10A3', '10', '9, 6', '9, 6', '10', 7.73, NULL, NULL),
(1086, '22019', 'T', 10117392, '10A3', '6', '8, 5', '10, 6', '8', 6.82, NULL, NULL),
(1087, '22019', 'T', 10117168, '10A3', '6', '10, 6', '10, 9', '5', 6.82, NULL, NULL),
(1088, '22019', 'T', 10117050, '10A3', '8', '10, 5', '5, 10', '10', 7.55, NULL, NULL),
(1089, '22019', 'T', 10117077, '10A4', '9', '10, 6', '9, 8', '8', 7.55, NULL, NULL),
(1090, '22019', 'T', 10117015, '10A4', '5', '9, 5', '7, 10', '7', 6.73, NULL, NULL),
(1091, '22019', 'T', 10117056, '10A4', '6', '8, 7', '6, 8', '7', 6.36, NULL, NULL),
(1092, '22019', 'T', 10116175, '10A4', '7', '9, 9', '7, 7', '10', 7.55, NULL, NULL),
(1093, '22019', 'T', 10117006, '10A4', '9', '7, 7', '10, 10', '7', 7.64, NULL, NULL),
(1094, '22019', 'T', 10117029, '10A4', '5', '10, 6', '8, 7', '7', 6.55, NULL, NULL),
(1095, '22019', 'T', 10117408, '10A4', '6', '8, 9', '9, 5', '9', 7.09, NULL, NULL),
(1096, '22019', 'T', 10117252, '10A4', '7', '10, 8', '8, 7', '8', 7.18, NULL, NULL),
(1097, '22019', 'T', 10117009, '10A4', '6', '5, 10', '5, 8', '7', 6.18, NULL, NULL),
(1098, '22019', 'T', 10117005, '10A4', '6', '5, 5', '9, 10', '7', 6.82, NULL, NULL),
(1099, '22019', 'T', 10616111, '10A4', '10', '8, 5', '9, 9', '10', 8.09, NULL, NULL),
(1100, '22019', 'T', 10116199, '10A4', '10', '7, 7', '8, 6', '8', 6.91, NULL, NULL),
(1101, '22019', 'T', 10117085, '10A4', '5', '10, 10', '5, 6', '9', 6.73, NULL, NULL),
(1102, '22019', 'T', 10116322, '10A4', '6', '8, 9', '7, 8', '9', 7.27, NULL, NULL),
(1103, '22019', 'T', 10117404, '10A4', '9', '8, 5', '5, 6', '5', 5.36, NULL, NULL),
(1104, '22019', 'T', 10117097, '10A5', '6', '6, 5', '9, 7', '8', 6.64, NULL, NULL),
(1105, '22019', 'T', 10117073, '10A5', '5', '6, 7', '6, 6', '10', 6.55, NULL, NULL),
(1106, '22019', 'T', 10117060, '10A5', '6', '6, 5', '10, 5', '10', 7, NULL, NULL),
(1107, '22019', 'T', 10117049, '10A5', '5', '7, 9', '9, 8', '9', 7.45, NULL, NULL),
(1108, '22019', 'T', 10117098, '10A5', '5', '8, 10', '6, 8', '7', 6.55, NULL, NULL),
(1109, '22019', 'T', 10117040, '10A5', '5', '8, 9', '9, 10', '6', 7.09, NULL, NULL),
(1110, '22019', 'T', 10117370, '10A5', '5', '9, 7', '7, 10', '10', 7.73, NULL, NULL),
(1111, '22019', 'T', 10117018, '10A5', '8', '7, 6', '5, 8', '5', 5.64, NULL, NULL),
(1112, '22019', 'T', 10117371, '10A5', '9', '9, 5', '8, 8', '10', 7.73, NULL, NULL),
(1113, '22019', 'T', 10117066, '10A5', '9', '7, 7', '10, 8', '5', 6.73, NULL, NULL),
(1114, '22019', 'T', 10117424, '10A5', '9', '9, 8', '5, 10', '5', 6.45, NULL, NULL),
(1115, '22019', 'T', 10117112, '10A5', '5', '9, 6', '9, 10', '10', 8, NULL, NULL),
(1116, '22019', 'T', 10117059, '10A5', '9', '5, 8', '10, 7', '5', 6.45, NULL, NULL),
(1117, '22019', 'T', 10117004, '10A5', '8', '9, 8', '5, 10', '10', 7.73, NULL, NULL),
(1118, '22019', 'T', 10117089, '10A5', '7', '10, 6', '10, 7', '8', 7.36, NULL, NULL),
(1119, '22019', 'T', 10117038, '11A1', '9', '6, 9', '9, 7', '10', 7.82, NULL, NULL),
(1120, '22019', 'T', 10117071, '11A1', '8', '5, 8', '6, 8', '5', 5.82, NULL, NULL),
(1121, '22019', 'T', 10117067, '11A1', '8', '6, 10', '10, 9', '9', 8.09, NULL, NULL),
(1122, '22019', 'T', 10117399, '11A1', '10', '8, 8', '9, 8', '8', 7.64, NULL, NULL),
(1123, '22019', 'T', 10117034, '11A1', '8', '7, 5', '8, 8', '10', 7.45, NULL, NULL),
(1124, '22019', 'T', 10117115, '11A1', '5', '6, 9', '7, 5', '8', 6.18, NULL, NULL),
(1125, '22019', 'T', 10117152, '11A1', '9', '7, 5', '7, 5', '5', 5.45, NULL, NULL),
(1126, '22019', 'T', 10117375, '11A1', '8', '7, 8', '5, 8', '5', 5.82, NULL, NULL),
(1127, '22019', 'T', 10117376, '11A1', '10', '7, 9', '7, 9', '9', 7.73, NULL, NULL),
(1128, '22019', 'T', 10117101, '11A1', '5', '10, 9', '8, 9', '9', 7.73, NULL, NULL),
(1129, '22019', 'T', 10117243, '11A1', '10', '7, 6', '10, 9', '8', 7.73, NULL, NULL),
(1130, '22019', 'T', 10116158, '11A1', '10', '6, 10', '9, 10', '10', 8.55, NULL, NULL),
(1131, '22019', 'T', 10117143, '11A1', '5', '10, 8', '8, 5', '9', 6.91, NULL, NULL),
(1132, '22019', 'T', 10117053, '11A1', '5', '7, 6', '10, 10', '10', 8, NULL, NULL),
(1133, '22019', 'T', 10117036, '11A1', '5', '6, 5', '9, 6', '10', 6.91, NULL, NULL),
(1134, '22019', 'T', 10117058, '11A2', '9', '5, 7', '7, 5', '5', 5.45, NULL, NULL),
(1135, '22019', 'T', 10117289, '11A2', '9', '7, 6', '10, 7', '8', 7.27, NULL, NULL),
(1136, '22019', 'T', 10117202, '11A2', '7', '6, 10', '8, 6', '6', 6.27, NULL, NULL),
(1137, '22019', 'T', 10117074, '11A2', '7', '9, 10', '10, 9', '8', 8, NULL, NULL),
(1138, '22019', 'T', 10117276, '11A2', '6', '9, 8', '7, 6', '8', 6.64, NULL, NULL),
(1139, '22019', 'T', 10117185, '11A2', '7', '6, 6', '6, 6', '8', 6.09, NULL, NULL),
(1140, '22019', 'T', 10117195, '11A2', '7', '5, 8', '9, 6', '10', 7.27, NULL, NULL),
(1141, '22019', 'T', 10117192, '11A2', '8', '7, 8', '8, 5', '5', 5.82, NULL, NULL),
(1142, '22019', 'T', 10117125, '11A2', '7', '9, 7', '10, 6', '8', 7.18, NULL, NULL),
(1143, '22019', 'T', 10117199, '11A2', '10', '5, 6', '8, 9', '5', 6.36, NULL, NULL),
(1144, '22019', 'T', 10117003, '11A2', '8', '5, 9', '5, 10', '10', 7.45, NULL, NULL),
(1145, '22019', 'T', 10117196, '11A2', '6', '10, 5', '8, 7', '7', 6.55, NULL, NULL),
(1146, '22019', 'T', 10117052, '11A2', '6', '9, 6', '5, 9', '9', 6.91, NULL, NULL),
(1147, '22019', 'T', 10117223, '11A2', '10', '6, 5', '6, 8', '6', 6.09, NULL, NULL),
(1148, '22019', 'T', 10117263, '11A2', '8', '8, 9', '10, 9', '10', 8.45, NULL, NULL),
(1149, '22019', 'T', 10117234, '11A3', '8', '5, 6', '6, 5', '8', 5.91, NULL, NULL),
(1150, '22019', 'T', 10117368, '11A3', '5', '5, 10', '6, 6', '9', 6.45, NULL, NULL),
(1151, '22019', 'T', 10117055, '11A3', '7', '6, 5', '6, 7', '10', 6.73, NULL, NULL),
(1152, '22019', 'T', 10117162, '11A3', '7', '10, 5', '8, 10', '8', 7.45, NULL, NULL),
(1153, '22019', 'T', 10117390, '11A3', '10', '10, 5', '6, 7', '5', 6, NULL, NULL),
(1154, '22019', 'T', 10117369, '11A3', '6', '9, 6', '9, 9', '9', 7.64, NULL, NULL),
(1155, '22019', 'T', 10117286, '11A3', '7', '6, 8', '9, 6', '7', 6.55, NULL, NULL),
(1156, '22019', 'T', 10117007, '11A3', '7', '10, 5', '6, 8', '10', 7.27, NULL, NULL),
(1157, '22019', 'T', 10117262, '11A3', '9', '8, 7', '5, 9', '8', 6.91, NULL, NULL),
(1158, '22019', 'T', 10117133, '11A3', '7', '8, 8', '10, 5', '6', 6.45, NULL, NULL),
(1159, '22019', 'T', 10117253, '11A3', '6', '8, 10', '7, 9', '6', 6.73, NULL, NULL),
(1160, '22019', 'T', 10117379, '11A3', '7', '8, 7', '10, 8', '8', 7.45, NULL, NULL),
(1161, '22019', 'T', 10117216, '11A3', '6', '8, 7', '5, 8', '5', 5.64, NULL, NULL),
(1162, '22019', 'T', 10117275, '11A3', '9', '5, 8', '7, 10', '8', 7.27, NULL, NULL),
(1163, '22019', 'T', 10117136, '11A3', '7', '7, 10', '5, 8', '5', 5.91, NULL, NULL),
(1164, '22019', 'T', 10117167, '11A4', '7', '10, 9', '9, 9', '9', 8.09, NULL, NULL),
(1165, '22019', 'T', 10117039, '11A4', '6', '6, 6', '5, 5', '7', 5.36, NULL, NULL),
(1166, '22019', 'T', 10117041, '11A4', '9', '6, 5', '9, 5', '5', 5.73, NULL, NULL),
(1167, '22019', 'T', 10117080, '11A4', '5', '10, 8', '5, 9', '5', 6, NULL, NULL),
(1168, '22019', 'T', 10116219, '11A4', '6', '6, 6', '9, 5', '8', 6.36, NULL, NULL),
(1169, '22019', 'T', 10117088, '11A4', '9', '5, 10', '9, 10', '8', 7.82, NULL, NULL),
(1170, '22019', 'T', 10117373, '11A4', '9', '5, 6', '5, 10', '5', 5.91, NULL, NULL),
(1171, '22019', 'T', 10117177, '11A4', '5', '5, 9', '6, 5', '9', 6.18, NULL, NULL),
(1172, '22019', 'T', 10117090, '11A4', '7', '5, 7', '5, 9', '10', 7, NULL, NULL),
(1173, '22019', 'T', 10117420, '11A4', '7', '6, 6', '7, 7', '5', 5.64, NULL, NULL),
(1174, '22019', 'T', 11417090, '11A4', '5', '6, 9', '8, 10', '5', 6.45, NULL, NULL),
(1175, '22019', 'T', 10117241, '11A4', '6', '6, 7', '5, 7', '6', 5.55, NULL, NULL),
(1176, '22019', 'T', 10117198, '11A4', '7', '8, 8', '7, 9', '5', 6.36, NULL, NULL),
(1177, '22019', 'T', 10117238, '11A4', '9', '5, 5', '7, 6', '7', 6, NULL, NULL),
(1178, '22019', 'T', 10117118, '11A4', '8', '6, 10', '6, 10', '8', 7.27, NULL, NULL),
(1179, '22019', 'T', 10117225, '12A1', '8', '6, 6', '5, 7', '10', 6.73, NULL, NULL),
(1180, '22019', 'T', 10117139, '12A1', '8', '7, 10', '6, 7', '10', 7.36, NULL, NULL),
(1181, '22019', 'T', 10117082, '12A1', '5', '10, 7', '10, 6', '10', 7.64, NULL, NULL),
(1182, '22019', 'T', 10117070, '12A1', '8', '8, 6', '5, 9', '7', 6.45, NULL, NULL),
(1183, '22019', 'T', 10117166, '12A1', '9', '8, 9', '6, 6', '5', 5.91, NULL, NULL),
(1184, '22019', 'T', 10117163, '12A1', '9', '6, 7', '10, 10', '5', 7, NULL, NULL),
(1185, '22019', 'T', 10117178, '12A1', '6', '5, 7', '6, 5', '6', 5.27, NULL, NULL),
(1186, '22019', 'T', 10117022, '12A1', '10', '10, 7', '9, 8', '8', 7.73, NULL, NULL),
(1187, '22019', 'T', 10117095, '12A1', '9', '7, 6', '9, 5', '7', 6.45, NULL, NULL),
(1188, '22019', 'T', 10117282, '12A1', '6', '7, 5', '5, 9', '9', 6.64, NULL, NULL),
(1189, '22019', 'T', 10117179, '12A1', '6', '6, 10', '7, 7', '7', 6.45, NULL, NULL),
(1190, '22019', 'T', 10117247, '12A1', '5', '8, 9', '5, 9', '8', 6.73, NULL, NULL),
(1191, '22019', 'T', 10117142, '12A1', '7', '6, 8', '9, 10', '6', 7, NULL, NULL),
(1192, '22019', 'T', 10117410, '12A1', '10', '5, 6', '9, 10', '9', 7.82, NULL, NULL),
(1193, '22019', 'T', 10117256, '12A1', '7', '9, 8', '10, 5', '9', 7.36, NULL, NULL),
(1194, '22019', 'T', 10117025, '12A2', '5', '9, 6', '6, 7', '9', 6.64, NULL, NULL),
(1195, '22019', 'T', 10117207, '12A2', '9', '7, 9', '5, 5', '9', 6.55, NULL, NULL),
(1196, '22019', 'T', 10117248, '12A2', '5', '10, 5', '8, 10', '10', 7.82, NULL, NULL),
(1197, '22019', 'T', 11217347, '12A2', '7', '9, 8', '5, 8', '9', 7, NULL, NULL),
(1198, '22019', 'T', 10117193, '12A2', '10', '10, 9', '7, 9', '10', 8.27, NULL, NULL),
(1199, '22019', 'T', 10117175, '12A2', '8', '7, 10', '7, 9', '7', 7.09, NULL, NULL),
(1200, '22019', 'T', 10117020, '12A2', '6', '5, 10', '5, 5', '7', 5.64, NULL, NULL),
(1201, '22019', 'T', 10117151, '12A2', '6', '8, 8', '9, 6', '7', 6.64, NULL, NULL),
(1202, '22019', 'T', 10117181, '12A2', '8', '6, 9', '9, 9', '9', 7.82, NULL, NULL),
(1203, '22019', 'T', 10117189, '12A2', '10', '10, 9', '6, 10', '5', 6.91, NULL, NULL),
(1204, '22019', 'T', 10117161, '12A2', '9', '8, 9', '10, 8', '6', 7.27, NULL, NULL),
(1205, '22019', 'T', 10117381, '12A2', '10', '5, 6', '7, 6', '6', 5.91, NULL, NULL),
(1206, '22019', 'T', 10117254, '12A2', '10', '5, 6', '7, 10', '10', 7.73, NULL, NULL),
(1207, '22019', 'T', 10117102, '12A2', '8', '5, 10', '9, 9', '6', 7, NULL, NULL);
INSERT INTO `diem` (`id`, `MaHocKy`, `MaMonHoc`, `MaHS`, `MaLopHoc`, `DiemMieng`, `Diem15Phut`, `Diem1Tiet`, `DiemHK`, `DiemTB`, `created_at`, `updated_at`) VALUES
(1208, '22019', 'T', 10117398, '12A2', '10', '10, 6', '5, 6', '7', 6.27, NULL, NULL),
(1209, '22019', 'T', 11217376, '12A3', '6', '7, 8', '6, 5', '10', 6.64, NULL, NULL),
(1210, '22019', 'T', 10117037, '12A3', '7', '5, 5', '8, 8', '10', 7.18, NULL, NULL),
(1211, '22019', 'T', 10117264, '12A3', '9', '8, 7', '10, 7', '10', 8, NULL, NULL),
(1212, '22019', 'T', 10117145, '12A3', '5', '7, 6', '9, 5', '10', 6.91, NULL, NULL),
(1213, '22019', 'T', 10117406, '12A3', '8', '7, 10', '9, 5', '9', 7.27, NULL, NULL),
(1214, '22019', 'T', 10117383, '12A3', '5', '5, 5', '6, 6', '5', 4.91, NULL, NULL),
(1215, '22019', 'T', 10117135, '12A3', '6', '8, 8', '7, 8', '6', 6.36, NULL, NULL),
(1216, '22019', 'T', 10117086, '12A3', '9', '10, 9', '8, 5', '8', 7.09, NULL, NULL),
(1217, '22019', 'T', 10117054, '12A3', '8', '9, 10', '8, 6', '8', 7.18, NULL, NULL),
(1218, '22019', 'T', 10117150, '12A3', '10', '8, 6', '9, 8', '5', 6.64, NULL, NULL),
(1219, '22019', 'Ti', 10117367, '10A1', '9', '5, 8', '9, 8', '9', 7.55, NULL, NULL),
(1220, '22019', 'Ti', 10117173, '10A1', '8', '7, 5', '5, 9', '9', 6.82, NULL, NULL),
(1221, '22019', 'Ti', 10117155, '10A1', '9', '9, 6', '9, 10', '9', 8.09, NULL, NULL),
(1222, '22019', 'Ti', 10117214, '10A1', '8', '10, 8', '6, 7', '8', 6.91, NULL, NULL),
(1223, '22019', 'Ti', 10117159, '10A1', '5', '5, 9', '8, 8', '5', 6, NULL, NULL),
(1224, '22019', 'Ti', 10117224, '10A1', '6', '5, 9', '9, 10', '7', 7.18, NULL, NULL),
(1225, '22019', 'Ti', 10117160, '10A1', '5', '6, 8', '9, 5', '5', 5.64, NULL, NULL),
(1226, '22019', 'Ti', 10117211, '10A1', '5', '6, 6', '8, 10', '10', 7.55, NULL, NULL),
(1227, '22019', 'Ti', 10117414, '10A1', '7', '9, 10', '5, 9', '10', 7.64, NULL, NULL),
(1228, '22019', 'Ti', 10117378, '10A1', '7', '8, 9', '7, 7', '8', 6.91, NULL, NULL),
(1229, '22019', 'Ti', 10117121, '10A1', '7', '5, 5', '10, 8', '10', 7.55, NULL, NULL),
(1230, '22019', 'Ti', 10117230, '10A1', '6', '8, 10', '6, 9', '5', 6.27, NULL, NULL),
(1231, '22019', 'Ti', 10117154, '10A1', '7', '8, 5', '10, 8', '10', 7.82, NULL, NULL),
(1232, '22019', 'Ti', 10117394, '10A1', '10', '7, 8', '5, 5', '9', 6.55, NULL, NULL),
(1233, '22019', 'Ti', 10117203, '10A1', '7', '7, 7', '5, 9', '10', 7.18, NULL, NULL),
(1234, '22019', 'Ti', 10117197, '10A2', '10', '10, 6', '7, 6', '10', 7.45, NULL, NULL),
(1235, '22019', 'Ti', 10117215, '10A2', '5', '6, 8', '5, 10', '5', 5.82, NULL, NULL),
(1236, '22019', 'Ti', 10117396, '10A2', '6', '9, 10', '7, 5', '9', 6.91, NULL, NULL),
(1237, '22019', 'Ti', 10117416, '10A2', '10', '5, 7', '6, 10', '9', 7.36, NULL, NULL),
(1238, '22019', 'Ti', 10117063, '10A2', '5', '8, 6', '7, 7', '6', 5.91, NULL, NULL),
(1239, '22019', 'Ti', 10117174, '10A2', '5', '7, 6', '9, 5', '9', 6.64, NULL, NULL),
(1240, '22019', 'Ti', 10117227, '10A2', '8', '5, 7', '5, 6', '7', 5.73, NULL, NULL),
(1241, '22019', 'Ti', 10117279, '10A2', '9', '9, 8', '10, 6', '7', 7.18, NULL, NULL),
(1242, '22019', 'Ti', 10117277, '10A2', '9', '7, 6', '5, 9', '6', 6.18, NULL, NULL),
(1243, '22019', 'Ti', 10117208, '10A2', '6', '6, 5', '9, 6', '6', 5.91, NULL, NULL),
(1244, '22019', 'Ti', 10117200, '10A2', '9', '7, 5', '8, 9', '7', 6.91, NULL, NULL),
(1245, '22019', 'Ti', 10117413, '10A2', '10', '8, 9', '6, 6', '10', 7.36, NULL, NULL),
(1246, '22019', 'Ti', 10117244, '10A2', '8', '6, 8', '6, 7', '9', 6.82, NULL, NULL),
(1247, '22019', 'Ti', 10117228, '10A2', '5', '6, 5', '6, 10', '7', 6.27, NULL, NULL),
(1248, '22019', 'Ti', 10117237, '10A2', '10', '8, 9', '9, 9', '9', 8.18, NULL, NULL),
(1249, '22019', 'Ti', 10117285, '10A3', '10', '9, 7', '10, 10', '9', 8.45, NULL, NULL),
(1250, '22019', 'Ti', 10117352, '10A3', '5', '5, 7', '6, 9', '5', 5.64, NULL, NULL),
(1251, '22019', 'Ti', 10117355, '10A3', '7', '5, 10', '10, 7', '7', 7, NULL, NULL),
(1252, '22019', 'Ti', 10117141, '10A3', '7', '5, 9', '7, 10', '5', 6.36, NULL, NULL),
(1253, '22019', 'Ti', 10117240, '10A3', '10', '10, 7', '5, 8', '10', 7.55, NULL, NULL),
(1254, '22019', 'Ti', 10117209, '10A3', '8', '5, 7', '9, 10', '10', 8, NULL, NULL),
(1255, '22019', 'Ti', 10117232, '10A3', '7', '6, 7', '5, 6', '6', 5.45, NULL, NULL),
(1256, '22019', 'Ti', 10117113, '10A3', '6', '7, 9', '7, 6', '5', 5.73, NULL, NULL),
(1257, '22019', 'Ti', 10117391, '10A3', '10', '6, 10', '6, 5', '10', 7.09, NULL, NULL),
(1258, '22019', 'Ti', 10117385, '10A3', '7', '7, 5', '5, 5', '10', 6.27, NULL, NULL),
(1259, '22019', 'Ti', 10117190, '10A3', '7', '5, 8', '6, 9', '7', 6.45, NULL, NULL),
(1260, '22019', 'Ti', 10117392, '10A3', '8', '10, 8', '7, 5', '5', 5.91, NULL, NULL),
(1261, '22019', 'Ti', 10117168, '10A3', '6', '10, 7', '10, 5', '7', 6.73, NULL, NULL),
(1262, '22019', 'Ti', 10117050, '10A3', '5', '8, 5', '5, 10', '10', 7.09, NULL, NULL),
(1263, '22019', 'Ti', 10117077, '10A4', '8', '6, 8', '10, 5', '8', 6.91, NULL, NULL),
(1264, '22019', 'Ti', 10117015, '10A4', '10', '7, 7', '9, 8', '8', 7.45, NULL, NULL),
(1265, '22019', 'Ti', 10117056, '10A4', '10', '5, 9', '9, 6', '7', 6.82, NULL, NULL),
(1266, '22019', 'Ti', 10116175, '10A4', '5', '5, 7', '9, 9', '5', 6.18, NULL, NULL),
(1267, '22019', 'Ti', 10117006, '10A4', '7', '5, 9', '6, 8', '9', 6.91, NULL, NULL),
(1268, '22019', 'Ti', 10117029, '10A4', '6', '10, 9', '9, 9', '5', 6.91, NULL, NULL),
(1269, '22019', 'Ti', 10117408, '10A4', '6', '6, 6', '6, 10', '5', 5.91, NULL, NULL),
(1270, '22019', 'Ti', 10117252, '10A4', '5', '7, 8', '6, 6', '8', 6.18, NULL, NULL),
(1271, '22019', 'Ti', 10117009, '10A4', '6', '10, 7', '8, 5', '10', 7.18, NULL, NULL),
(1272, '22019', 'Ti', 10117005, '10A4', '6', '5, 8', '10, 7', '5', 6.18, NULL, NULL),
(1273, '22019', 'Ti', 10616111, '10A4', '7', '8, 7', '10, 9', '5', 6.82, NULL, NULL),
(1274, '22019', 'Ti', 10116199, '10A4', '5', '8, 9', '9, 6', '10', 7.45, NULL, NULL),
(1275, '22019', 'Ti', 10117085, '10A4', '10', '8, 10', '10, 7', '7', 7.55, NULL, NULL),
(1276, '22019', 'Ti', 10116322, '10A4', '9', '10, 5', '9, 9', '10', 8.18, NULL, NULL),
(1277, '22019', 'Ti', 10117404, '10A4', '5', '10, 7', '6, 7', '6', 6, NULL, NULL),
(1278, '22019', 'Ti', 10117097, '10A5', '10', '6, 7', '10, 10', '7', 7.64, NULL, NULL),
(1279, '22019', 'Ti', 10117073, '10A5', '7', '5, 5', '6, 9', '6', 5.91, NULL, NULL),
(1280, '22019', 'Ti', 10117060, '10A5', '6', '9, 8', '8, 10', '9', 7.82, NULL, NULL),
(1281, '22019', 'Ti', 10117049, '10A5', '5', '10, 9', '9, 7', '8', 7.27, NULL, NULL),
(1282, '22019', 'Ti', 10117098, '10A5', '6', '9, 6', '6, 6', '5', 5.45, NULL, NULL),
(1283, '22019', 'Ti', 10117040, '10A5', '5', '9, 7', '8, 5', '8', 6.45, NULL, NULL),
(1284, '22019', 'Ti', 10117370, '10A5', '6', '9, 6', '6, 5', '6', 5.55, NULL, NULL),
(1285, '22019', 'Ti', 10117018, '10A5', '10', '8, 7', '5, 9', '6', 6.45, NULL, NULL),
(1286, '22019', 'Ti', 10117371, '10A5', '7', '7, 8', '9, 5', '5', 5.91, NULL, NULL),
(1287, '22019', 'Ti', 10117066, '10A5', '8', '6, 5', '9, 7', '5', 6, NULL, NULL),
(1288, '22019', 'Ti', 10117424, '10A5', '5', '5, 9', '9, 10', '8', 7.36, NULL, NULL),
(1289, '22019', 'Ti', 10117112, '10A5', '10', '10, 10', '5, 10', '9', 7.91, NULL, NULL),
(1290, '22019', 'Ti', 10117059, '10A5', '7', '7, 9', '9, 9', '10', 8.09, NULL, NULL),
(1291, '22019', 'Ti', 10117004, '10A5', '10', '7, 7', '6, 10', '10', 7.82, NULL, NULL),
(1292, '22019', 'Ti', 10117089, '10A5', '6', '8, 5', '8, 9', '6', 6.45, NULL, NULL),
(1293, '22019', 'Ti', 10117038, '11A1', '10', '10, 10', '6, 7', '10', 7.82, NULL, NULL),
(1294, '22019', 'Ti', 10117071, '11A1', '7', '10, 8', '5, 5', '5', 5.45, NULL, NULL),
(1295, '22019', 'Ti', 10117067, '11A1', '10', '10, 5', '9, 10', '10', 8.45, NULL, NULL),
(1296, '22019', 'Ti', 10117399, '11A1', '7', '8, 10', '9, 9', '7', 7.45, NULL, NULL),
(1297, '22019', 'Ti', 10117034, '11A1', '9', '10, 9', '8, 10', '8', 8, NULL, NULL),
(1298, '22019', 'Ti', 10117115, '11A1', '7', '7, 9', '10, 9', '10', 8.27, NULL, NULL),
(1299, '22019', 'Ti', 10117152, '11A1', '7', '10, 5', '9, 10', '8', 7.64, NULL, NULL),
(1300, '22019', 'Ti', 10117375, '11A1', '8', '6, 10', '5, 9', '6', 6.36, NULL, NULL),
(1301, '22019', 'Ti', 10117376, '11A1', '9', '6, 5', '8, 10', '10', 7.82, NULL, NULL),
(1302, '22019', 'Ti', 10117101, '11A1', '10', '8, 5', '8, 9', '9', 7.64, NULL, NULL),
(1303, '22019', 'Ti', 10117243, '11A1', '7', '5, 5', '6, 10', '8', 6.64, NULL, NULL),
(1304, '22019', 'Ti', 10116158, '11A1', '9', '5, 8', '7, 8', '9', 7.18, NULL, NULL),
(1305, '22019', 'Ti', 10117143, '11A1', '9', '8, 10', '7, 8', '10', 7.91, NULL, NULL),
(1306, '22019', 'Ti', 10117053, '11A1', '10', '9, 7', '8, 7', '10', 7.82, NULL, NULL),
(1307, '22019', 'Ti', 10117036, '11A1', '6', '7, 9', '9, 6', '8', 6.91, NULL, NULL),
(1308, '22019', 'Ti', 10117058, '11A2', '8', '10, 8', '7, 10', '6', 7.09, NULL, NULL),
(1309, '22019', 'Ti', 10117289, '11A2', '5', '9, 7', '5, 9', '5', 5.82, NULL, NULL),
(1310, '22019', 'Ti', 10117202, '11A2', '8', '7, 5', '7, 8', '9', 7, NULL, NULL),
(1311, '22019', 'Ti', 10117074, '11A2', '7', '10, 10', '9, 10', '8', 8.09, NULL, NULL),
(1312, '22019', 'Ti', 10117276, '11A2', '7', '5, 5', '10, 10', '9', 7.64, NULL, NULL),
(1313, '22019', 'Ti', 10117185, '11A2', '7', '10, 7', '6, 6', '10', 7.09, NULL, NULL),
(1314, '22019', 'Ti', 10117195, '11A2', '8', '7, 7', '9, 9', '7', 7.18, NULL, NULL),
(1315, '22019', 'Ti', 10117192, '11A2', '6', '10, 7', '5, 8', '9', 6.91, NULL, NULL),
(1316, '22019', 'Ti', 10117125, '11A2', '9', '6, 8', '6, 5', '10', 6.82, NULL, NULL),
(1317, '22019', 'Ti', 10117199, '11A2', '10', '7, 5', '8, 9', '6', 6.73, NULL, NULL),
(1318, '22019', 'Ti', 10117003, '11A2', '9', '8, 6', '5, 7', '6', 5.91, NULL, NULL),
(1319, '22019', 'Ti', 10117196, '11A2', '10', '7, 7', '9, 9', '7', 7.36, NULL, NULL),
(1320, '22019', 'Ti', 10117052, '11A2', '7', '7, 6', '10, 10', '9', 7.91, NULL, NULL),
(1321, '22019', 'Ti', 10117223, '11A2', '7', '8, 10', '7, 5', '6', 6.09, NULL, NULL),
(1322, '22019', 'Ti', 10117263, '11A2', '5', '6, 8', '10, 7', '9', 7.27, NULL, NULL),
(1323, '22019', 'Ti', 10117234, '11A3', '10', '6, 8', '9, 10', '9', 8.09, NULL, NULL),
(1324, '22019', 'Ti', 10117368, '11A3', '9', '5, 10', '7, 6', '10', 7.27, NULL, NULL),
(1325, '22019', 'Ti', 10117055, '11A3', '9', '7, 6', '7, 7', '7', 6.45, NULL, NULL),
(1326, '22019', 'Ti', 10117162, '11A3', '7', '6, 10', '5, 10', '9', 7.27, NULL, NULL),
(1327, '22019', 'Ti', 10117390, '11A3', '6', '10, 9', '5, 5', '7', 6, NULL, NULL),
(1328, '22019', 'Ti', 10117369, '11A3', '7', '7, 7', '9, 9', '6', 6.82, NULL, NULL),
(1329, '22019', 'Ti', 10117286, '11A3', '7', '9, 5', '5, 5', '6', 5.36, NULL, NULL),
(1330, '22019', 'Ti', 10117007, '11A3', '5', '10, 8', '7, 9', '10', 7.73, NULL, NULL),
(1331, '22019', 'Ti', 10117262, '11A3', '9', '9, 8', '5, 9', '10', 7.64, NULL, NULL),
(1332, '22019', 'Ti', 10117133, '11A3', '7', '10, 10', '10, 7', '7', 7.45, NULL, NULL),
(1333, '22019', 'Ti', 10117253, '11A3', '6', '6, 9', '6, 8', '8', 6.64, NULL, NULL),
(1334, '22019', 'Ti', 10117379, '11A3', '5', '7, 7', '9, 9', '10', 7.73, NULL, NULL),
(1335, '22019', 'Ti', 10117216, '11A3', '10', '9, 5', '9, 8', '7', 7.18, NULL, NULL),
(1336, '22019', 'Ti', 10117275, '11A3', '6', '10, 8', '8, 7', '9', 7.36, NULL, NULL),
(1337, '22019', 'Ti', 10117136, '11A3', '5', '6, 6', '5, 10', '9', 6.73, NULL, NULL),
(1338, '22019', 'Ti', 10117167, '11A4', '7', '8, 6', '7, 5', '7', 6, NULL, NULL),
(1339, '22019', 'Ti', 10117039, '11A4', '9', '5, 9', '8, 6', '5', 6, NULL, NULL),
(1340, '22019', 'Ti', 10117041, '11A4', '7', '9, 6', '8, 10', '7', 7.18, NULL, NULL),
(1341, '22019', 'Ti', 10117080, '11A4', '5', '9, 9', '7, 5', '8', 6.45, NULL, NULL),
(1342, '22019', 'Ti', 10116219, '11A4', '7', '6, 6', '7, 5', '9', 6.36, NULL, NULL),
(1343, '22019', 'Ti', 10117088, '11A4', '6', '8, 9', '10, 6', '8', 7.18, NULL, NULL),
(1344, '22019', 'Ti', 10117373, '11A4', '6', '7, 7', '10, 7', '9', 7.36, NULL, NULL),
(1345, '22019', 'Ti', 10117177, '11A4', '9', '8, 5', '10, 7', '9', 7.55, NULL, NULL),
(1346, '22019', 'Ti', 10117090, '11A4', '10', '9, 9', '5, 8', '10', 7.64, NULL, NULL),
(1347, '22019', 'Ti', 10117420, '11A4', '5', '7, 10', '8, 8', '9', 7.36, NULL, NULL),
(1348, '22019', 'Ti', 11417090, '11A4', '5', '8, 8', '5, 10', '10', 7.36, NULL, NULL),
(1349, '22019', 'Ti', 10117241, '11A4', '9', '9, 6', '7, 10', '6', 6.91, NULL, NULL),
(1350, '22019', 'Ti', 10117198, '11A4', '7', '10, 10', '9, 6', '10', 7.91, NULL, NULL),
(1351, '22019', 'Ti', 10117238, '11A4', '9', '9, 5', '9, 6', '9', 7.27, NULL, NULL),
(1352, '22019', 'Ti', 10117118, '11A4', '7', '5, 10', '7, 8', '6', 6.36, NULL, NULL),
(1353, '22019', 'Ti', 10117225, '12A1', '9', '5, 9', '9, 5', '9', 7.09, NULL, NULL),
(1354, '22019', 'Ti', 10117139, '12A1', '6', '8, 7', '5, 6', '5', 5.27, NULL, NULL),
(1355, '22019', 'Ti', 10117082, '12A1', '9', '9, 7', '8, 6', '5', 6.18, NULL, NULL),
(1356, '22019', 'Ti', 10117070, '12A1', '8', '7, 10', '6, 5', '9', 6.73, NULL, NULL),
(1357, '22019', 'Ti', 10117166, '12A1', '10', '9, 7', '10, 6', '5', 6.64, NULL, NULL),
(1358, '22019', 'Ti', 10117163, '12A1', '10', '10, 7', '5, 6', '9', 6.91, NULL, NULL),
(1359, '22019', 'Ti', 10117178, '12A1', '9', '10, 9', '6, 10', '6', 7.09, NULL, NULL),
(1360, '22019', 'Ti', 10117022, '12A1', '7', '6, 5', '10, 8', '8', 7.09, NULL, NULL),
(1361, '22019', 'Ti', 10117095, '12A1', '8', '5, 10', '7, 10', '9', 7.64, NULL, NULL),
(1362, '22019', 'Ti', 10117282, '12A1', '7', '5, 10', '7, 5', '9', 6.64, NULL, NULL),
(1363, '22019', 'Ti', 10117179, '12A1', '10', '9, 6', '6, 9', '8', 7.18, NULL, NULL),
(1364, '22019', 'Ti', 10117247, '12A1', '8', '7, 7', '7, 5', '7', 6.09, NULL, NULL),
(1365, '22019', 'Ti', 10117142, '12A1', '6', '10, 6', '6, 9', '8', 6.91, NULL, NULL),
(1366, '22019', 'Ti', 10117410, '12A1', '9', '10, 7', '8, 7', '9', 7.55, NULL, NULL),
(1367, '22019', 'Ti', 10117256, '12A1', '5', '6, 8', '8, 6', '5', 5.64, NULL, NULL),
(1368, '22019', 'Ti', 10117025, '12A2', '5', '5, 10', '8, 10', '7', 7, NULL, NULL),
(1369, '22019', 'Ti', 10117207, '12A2', '10', '7, 7', '6, 8', '8', 6.91, NULL, NULL),
(1370, '22019', 'Ti', 10117248, '12A2', '6', '7, 5', '8, 7', '5', 5.73, NULL, NULL),
(1371, '22019', 'Ti', 11217347, '12A2', '5', '8, 7', '9, 9', '9', 7.55, NULL, NULL),
(1372, '22019', 'Ti', 10117193, '12A2', '5', '6, 7', '5, 9', '10', 6.91, NULL, NULL),
(1373, '22019', 'Ti', 10117175, '12A2', '10', '5, 5', '7, 9', '9', 7.18, NULL, NULL),
(1374, '22019', 'Ti', 10117020, '12A2', '6', '9, 8', '6, 7', '5', 5.82, NULL, NULL),
(1375, '22019', 'Ti', 10117151, '12A2', '7', '6, 7', '5, 5', '5', 5, NULL, NULL),
(1376, '22019', 'Ti', 10117181, '12A2', '7', '10, 7', '8, 5', '9', 7, NULL, NULL),
(1377, '22019', 'Ti', 10117189, '12A2', '8', '9, 8', '9, 7', '6', 6.82, NULL, NULL),
(1378, '22019', 'Ti', 10117161, '12A2', '7', '5, 9', '8, 8', '10', 7.55, NULL, NULL),
(1379, '22019', 'Ti', 10117381, '12A2', '8', '5, 5', '9, 6', '7', 6.27, NULL, NULL),
(1380, '22019', 'Ti', 10117254, '12A2', '9', '5, 5', '8, 8', '5', 6, NULL, NULL),
(1381, '22019', 'Ti', 10117102, '12A2', '6', '8, 5', '10, 7', '5', 6.18, NULL, NULL),
(1382, '22019', 'Ti', 10117398, '12A2', '5', '9, 6', '6, 8', '5', 5.73, NULL, NULL),
(1383, '22019', 'Ti', 11217376, '12A3', '7', '6, 10', '5, 7', '7', 6.18, NULL, NULL),
(1384, '22019', 'Ti', 10117037, '12A3', '10', '10, 9', '7, 6', '7', 6.91, NULL, NULL),
(1385, '22019', 'Ti', 10117264, '12A3', '9', '8, 6', '10, 6', '7', 6.91, NULL, NULL),
(1386, '22019', 'Ti', 10117145, '12A3', '5', '10, 5', '6, 8', '6', 6, NULL, NULL),
(1387, '22019', 'Ti', 10117406, '12A3', '6', '9, 6', '7, 6', '5', 5.64, NULL, NULL),
(1388, '22019', 'Ti', 10117383, '12A3', '5', '10, 8', '5, 9', '7', 6.55, NULL, NULL),
(1389, '22019', 'Ti', 10117135, '12A3', '9', '9, 9', '10, 9', '5', 7.27, NULL, NULL),
(1390, '22019', 'Ti', 10117086, '12A3', '6', '9, 7', '6, 5', '6', 5.64, NULL, NULL),
(1391, '22019', 'Ti', 10117054, '12A3', '9', '8, 10', '9, 5', '7', 6.91, NULL, NULL),
(1392, '22019', 'Ti', 10117150, '12A3', '5', '6, 9', '6, 5', '10', 6.55, NULL, NULL),
(1393, '22019', 'V', 10117367, '10A1', '5', '8, 5', '6, 9', '8', 6.55, NULL, NULL),
(1394, '22019', 'V', 10117173, '10A1', '5', '8, 6', '8, 10', '6', 6.64, NULL, NULL),
(1395, '22019', 'V', 10117155, '10A1', '7', '5, 5', '7, 5', '10', 6.45, NULL, NULL),
(1396, '22019', 'V', 10117214, '10A1', '10', '10, 9', '10, 10', '8', 8.45, NULL, NULL),
(1397, '22019', 'V', 10117159, '10A1', '9', '7, 7', '6, 7', '10', 7.18, NULL, NULL),
(1398, '22019', 'V', 10117224, '10A1', '9', '9, 9', '9, 10', '6', 7.55, NULL, NULL),
(1399, '22019', 'V', 10117160, '10A1', '8', '10, 5', '6, 7', '10', 7.18, NULL, NULL),
(1400, '22019', 'V', 10117211, '10A1', '9', '10, 9', '10, 5', '10', 8, NULL, NULL),
(1401, '22019', 'V', 10117414, '10A1', '6', '6, 5', '8, 5', '7', 5.82, NULL, NULL),
(1402, '22019', 'V', 10117378, '10A1', '6', '5, 7', '8, 8', '5', 5.91, NULL, NULL),
(1403, '22019', 'V', 10117121, '10A1', '9', '7, 9', '6, 6', '7', 6.36, NULL, NULL),
(1404, '22019', 'V', 10117230, '10A1', '9', '8, 8', '6, 9', '8', 7.18, NULL, NULL),
(1405, '22019', 'V', 10117154, '10A1', '10', '6, 8', '9, 7', '5', 6.45, NULL, NULL),
(1406, '22019', 'V', 10117394, '10A1', '8', '7, 8', '6, 8', '9', 7.09, NULL, NULL),
(1407, '22019', 'V', 10117203, '10A1', '10', '5, 10', '6, 10', '5', 6.55, NULL, NULL),
(1408, '22019', 'V', 10117197, '10A2', '7', '5, 8', '7, 6', '6', 5.82, NULL, NULL),
(1409, '22019', 'V', 10117215, '10A2', '7', '6, 9', '8, 9', '9', 7.55, NULL, NULL),
(1410, '22019', 'V', 10117396, '10A2', '7', '7, 9', '6, 8', '7', 6.55, NULL, NULL),
(1411, '22019', 'V', 10117416, '10A2', '6', '7, 8', '5, 10', '10', 7.36, NULL, NULL),
(1412, '22019', 'V', 10117063, '10A2', '10', '10, 9', '9, 5', '7', 7.09, NULL, NULL),
(1413, '22019', 'V', 10117174, '10A2', '9', '6, 7', '6, 10', '9', 7.36, NULL, NULL),
(1414, '22019', 'V', 10117227, '10A2', '8', '9, 9', '6, 6', '7', 6.45, NULL, NULL),
(1415, '22019', 'V', 10117279, '10A2', '5', '7, 8', '8, 8', '7', 6.64, NULL, NULL),
(1416, '22019', 'V', 10117277, '10A2', '9', '7, 5', '5, 9', '10', 7.18, NULL, NULL),
(1417, '22019', 'V', 10117208, '10A2', '10', '5, 6', '10, 10', '8', 7.73, NULL, NULL),
(1418, '22019', 'V', 10117200, '10A2', '6', '9, 6', '8, 7', '10', 7.36, NULL, NULL),
(1419, '22019', 'V', 10117413, '10A2', '8', '8, 5', '8, 10', '5', 6.55, NULL, NULL),
(1420, '22019', 'V', 10117244, '10A2', '9', '8, 10', '7, 8', '6', 6.82, NULL, NULL),
(1421, '22019', 'V', 10117228, '10A2', '7', '6, 9', '8, 5', '7', 6.27, NULL, NULL),
(1422, '22019', 'V', 10117237, '10A2', '9', '6, 10', '5, 6', '10', 7, NULL, NULL),
(1423, '22019', 'V', 10117285, '10A3', '8', '8, 8', '7, 6', '8', 6.73, NULL, NULL),
(1424, '22019', 'V', 10117352, '10A3', '6', '5, 7', '5, 8', '9', 6.45, NULL, NULL),
(1425, '22019', 'V', 10117355, '10A3', '10', '10, 5', '5, 6', '8', 6.45, NULL, NULL),
(1426, '22019', 'V', 10117141, '10A3', '10', '8, 7', '6, 9', '8', 7.18, NULL, NULL),
(1427, '22019', 'V', 10117240, '10A3', '7', '10, 7', '8, 6', '10', 7.45, NULL, NULL),
(1428, '22019', 'V', 10117209, '10A3', '7', '7, 7', '6, 10', '8', 7, NULL, NULL),
(1429, '22019', 'V', 10117232, '10A3', '10', '5, 5', '5, 10', '5', 5.91, NULL, NULL),
(1430, '22019', 'V', 10117113, '10A3', '10', '7, 8', '7, 6', '8', 6.82, NULL, NULL),
(1431, '22019', 'V', 10117391, '10A3', '9', '6, 10', '9, 10', '8', 7.91, NULL, NULL),
(1432, '22019', 'V', 10117385, '10A3', '6', '6, 9', '9, 7', '8', 7, NULL, NULL),
(1433, '22019', 'V', 10117190, '10A3', '6', '8, 7', '7, 7', '5', 5.82, NULL, NULL),
(1434, '22019', 'V', 10117392, '10A3', '6', '8, 5', '9, 5', '8', 6.45, NULL, NULL),
(1435, '22019', 'V', 10117168, '10A3', '8', '9, 8', '7, 10', '8', 7.55, NULL, NULL),
(1436, '22019', 'V', 10117050, '10A3', '9', '9, 7', '8, 8', '9', 7.64, NULL, NULL),
(1437, '22019', 'V', 10117077, '10A4', '8', '10, 7', '6, 6', '5', 5.82, NULL, NULL),
(1438, '22019', 'V', 10117015, '10A4', '10', '9, 5', '9, 8', '5', 6.64, NULL, NULL),
(1439, '22019', 'V', 10117056, '10A4', '10', '5, 6', '10, 9', '5', 6.73, NULL, NULL),
(1440, '22019', 'V', 10116175, '10A4', '9', '7, 10', '7, 6', '9', 7.18, NULL, NULL),
(1441, '22019', 'V', 10117006, '10A4', '5', '8, 7', '8, 5', '9', 6.64, NULL, NULL),
(1442, '22019', 'V', 10117029, '10A4', '10', '5, 10', '8, 6', '5', 6.18, NULL, NULL),
(1443, '22019', 'V', 10117408, '10A4', '9', '10, 10', '6, 9', '5', 6.73, NULL, NULL),
(1444, '22019', 'V', 10117252, '10A4', '9', '5, 9', '9, 8', '5', 6.55, NULL, NULL),
(1445, '22019', 'V', 10117009, '10A4', '10', '8, 7', '9, 10', '10', 8.45, NULL, NULL),
(1446, '22019', 'V', 10117005, '10A4', '8', '10, 6', '5, 6', '7', 6.09, NULL, NULL),
(1447, '22019', 'V', 10616111, '10A4', '10', '5, 6', '9, 9', '9', 7.64, NULL, NULL),
(1448, '22019', 'V', 10116199, '10A4', '7', '10, 5', '5, 6', '10', 6.73, NULL, NULL),
(1449, '22019', 'V', 10117085, '10A4', '9', '9, 5', '7, 5', '6', 5.91, NULL, NULL),
(1450, '22019', 'V', 10116322, '10A4', '5', '9, 6', '8, 6', '5', 5.73, NULL, NULL),
(1451, '22019', 'V', 10117404, '10A4', '10', '6, 6', '10, 8', '9', 7.73, NULL, NULL),
(1452, '22019', 'V', 10117097, '10A5', '6', '10, 9', '8, 7', '10', 7.73, NULL, NULL),
(1453, '22019', 'V', 10117073, '10A5', '6', '10, 6', '10, 10', '8', 7.82, NULL, NULL),
(1454, '22019', 'V', 10117060, '10A5', '5', '6, 8', '5, 9', '8', 6.45, NULL, NULL),
(1455, '22019', 'V', 10117049, '10A5', '8', '10, 7', '8, 10', '8', 7.73, NULL, NULL),
(1456, '22019', 'V', 10117098, '10A5', '7', '9, 8', '10, 7', '10', 8, NULL, NULL),
(1457, '22019', 'V', 10117040, '10A5', '5', '10, 9', '7, 7', '5', 6.09, NULL, NULL),
(1458, '22019', 'V', 10117370, '10A5', '5', '10, 5', '8, 8', '8', 6.91, NULL, NULL),
(1459, '22019', 'V', 10117018, '10A5', '8', '6, 9', '6, 6', '9', 6.73, NULL, NULL),
(1460, '22019', 'V', 10117371, '10A5', '8', '9, 10', '8, 7', '8', 7.36, NULL, NULL),
(1461, '22019', 'V', 10117066, '10A5', '9', '7, 5', '9, 7', '9', 7.27, NULL, NULL),
(1462, '22019', 'V', 10117424, '10A5', '8', '5, 7', '8, 9', '8', 7.09, NULL, NULL),
(1463, '22019', 'V', 10117112, '10A5', '7', '8, 7', '10, 7', '9', 7.55, NULL, NULL),
(1464, '22019', 'V', 10117059, '10A5', '10', '6, 9', '8, 8', '10', 7.91, NULL, NULL),
(1465, '22019', 'V', 10117004, '10A5', '9', '10, 6', '7, 7', '6', 6.45, NULL, NULL),
(1466, '22019', 'V', 10117089, '10A5', '10', '5, 6', '9, 10', '5', 6.73, NULL, NULL),
(1467, '22019', 'V', 10117038, '11A1', '7', '10, 7', '6, 8', '7', 6.64, NULL, NULL),
(1468, '22019', 'V', 10117071, '11A1', '5', '10, 8', '9, 7', '10', 7.73, NULL, NULL),
(1469, '22019', 'V', 10117067, '11A1', '10', '5, 7', '5, 5', '7', 5.73, NULL, NULL),
(1470, '22019', 'V', 10117399, '11A1', '5', '10, 9', '5, 8', '7', 6.45, NULL, NULL),
(1471, '22019', 'V', 10117034, '11A1', '10', '9, 10', '10, 10', '5', 7.64, NULL, NULL),
(1472, '22019', 'V', 10117115, '11A1', '10', '5, 5', '7, 9', '6', 6.36, NULL, NULL),
(1473, '22019', 'V', 10117152, '11A1', '6', '10, 5', '10, 10', '6', 7.18, NULL, NULL),
(1474, '22019', 'V', 10117375, '11A1', '6', '9, 7', '5, 10', '10', 7.45, NULL, NULL),
(1475, '22019', 'V', 10117376, '11A1', '8', '5, 5', '7, 5', '7', 5.73, NULL, NULL),
(1476, '22019', 'V', 10117101, '11A1', '9', '8, 9', '10, 8', '7', 7.55, NULL, NULL),
(1477, '22019', 'V', 10117243, '11A1', '8', '7, 6', '10, 7', '9', 7.45, NULL, NULL),
(1478, '22019', 'V', 10116158, '11A1', '10', '6, 10', '10, 8', '10', 8.36, NULL, NULL),
(1479, '22019', 'V', 10117143, '11A1', '10', '7, 7', '6, 9', '5', 6.27, NULL, NULL),
(1480, '22019', 'V', 10117053, '11A1', '5', '9, 7', '7, 7', '9', 6.91, NULL, NULL),
(1481, '22019', 'V', 10117036, '11A1', '6', '8, 7', '5, 8', '7', 6.18, NULL, NULL),
(1482, '22019', 'V', 10117058, '11A2', '7', '6, 10', '8, 7', '6', 6.45, NULL, NULL),
(1483, '22019', 'V', 10117289, '11A2', '10', '6, 7', '9, 7', '10', 7.73, NULL, NULL),
(1484, '22019', 'V', 10117202, '11A2', '9', '6, 6', '7, 7', '5', 5.82, NULL, NULL),
(1485, '22019', 'V', 10117074, '11A2', '5', '6, 7', '8, 7', '6', 6, NULL, NULL),
(1486, '22019', 'V', 10117276, '11A2', '5', '5, 5', '6, 9', '5', 5.45, NULL, NULL),
(1487, '22019', 'V', 10117185, '11A2', '7', '8, 7', '9, 8', '9', 7.55, NULL, NULL),
(1488, '22019', 'V', 10117195, '11A2', '10', '10, 8', '7, 5', '7', 6.64, NULL, NULL),
(1489, '22019', 'V', 10117192, '11A2', '8', '5, 5', '8, 6', '7', 6.09, NULL, NULL),
(1490, '22019', 'V', 10117125, '11A2', '5', '5, 5', '5, 5', '10', 5.91, NULL, NULL),
(1491, '22019', 'V', 10117199, '11A2', '5', '5, 6', '9, 5', '9', 6.45, NULL, NULL),
(1492, '22019', 'V', 10117003, '11A2', '9', '9, 6', '8, 7', '5', 6.27, NULL, NULL),
(1493, '22019', 'V', 10117196, '11A2', '5', '8, 8', '6, 10', '8', 7, NULL, NULL),
(1494, '22019', 'V', 10117052, '11A2', '8', '7, 9', '10, 5', '6', 6.55, NULL, NULL),
(1495, '22019', 'V', 10117223, '11A2', '7', '8, 6', '8, 8', '6', 6.45, NULL, NULL),
(1496, '22019', 'V', 10117263, '11A2', '7', '8, 8', '6, 7', '10', 7.18, NULL, NULL),
(1497, '22019', 'V', 10117234, '11A3', '5', '9, 6', '5, 8', '5', 5.55, NULL, NULL),
(1498, '22019', 'V', 10117368, '11A3', '5', '9, 8', '8, 5', '8', 6.55, NULL, NULL),
(1499, '22019', 'V', 10117055, '11A3', '10', '9, 8', '10, 5', '7', 7.09, NULL, NULL),
(1500, '22019', 'V', 10117162, '11A3', '5', '10, 9', '5, 7', '6', 6, NULL, NULL),
(1501, '22019', 'V', 10117390, '11A3', '5', '8, 8', '9, 8', '5', 6.36, NULL, NULL),
(1502, '22019', 'V', 10117369, '11A3', '6', '7, 8', '8, 10', '7', 7.09, NULL, NULL),
(1503, '22019', 'V', 10117286, '11A3', '8', '8, 7', '8, 6', '8', 6.82, NULL, NULL),
(1504, '22019', 'V', 10117007, '11A3', '6', '5, 7', '5, 5', '8', 5.64, NULL, NULL),
(1505, '22019', 'V', 10117262, '11A3', '7', '10, 6', '8, 5', '9', 6.91, NULL, NULL),
(1506, '22019', 'V', 10117133, '11A3', '6', '6, 5', '9, 8', '7', 6.55, NULL, NULL),
(1507, '22019', 'V', 10117253, '11A3', '6', '9, 6', '6, 7', '10', 7, NULL, NULL),
(1508, '22019', 'V', 10117379, '11A3', '10', '6, 10', '5, 8', '7', 6.64, NULL, NULL),
(1509, '22019', 'V', 10117216, '11A3', '9', '7, 7', '8, 6', '10', 7.36, NULL, NULL),
(1510, '22019', 'V', 10117275, '11A3', '9', '7, 6', '5, 8', '7', 6.27, NULL, NULL),
(1511, '22019', 'V', 10117136, '11A3', '7', '9, 8', '7, 8', '7', 6.82, NULL, NULL),
(1512, '22019', 'V', 10117167, '11A4', '9', '8, 6', '5, 7', '10', 7, NULL, NULL),
(1513, '22019', 'V', 10117039, '11A4', '8', '9, 8', '10, 7', '5', 6.73, NULL, NULL),
(1514, '22019', 'V', 10117041, '11A4', '10', '5, 5', '5, 5', '9', 6.09, NULL, NULL),
(1515, '22019', 'V', 10117080, '11A4', '7', '7, 10', '10, 10', '5', 7.18, NULL, NULL),
(1516, '22019', 'V', 10116219, '11A4', '8', '9, 8', '10, 5', '10', 7.73, NULL, NULL),
(1517, '22019', 'V', 10117088, '11A4', '8', '9, 5', '5, 9', '7', 6.45, NULL, NULL),
(1518, '22019', 'V', 10117373, '11A4', '8', '6, 10', '8, 10', '6', 7.09, NULL, NULL),
(1519, '22019', 'V', 10117177, '11A4', '6', '10, 6', '10, 7', '5', 6.45, NULL, NULL),
(1520, '22019', 'V', 10117090, '11A4', '6', '5, 9', '8, 7', '5', 5.91, NULL, NULL),
(1521, '22019', 'V', 10117420, '11A4', '6', '6, 6', '10, 6', '10', 7.27, NULL, NULL),
(1522, '22019', 'V', 11417090, '11A4', '10', '5, 8', '7, 9', '7', 6.91, NULL, NULL),
(1523, '22019', 'V', 10117241, '11A4', '9', '6, 7', '7, 7', '9', 7, NULL, NULL),
(1524, '22019', 'V', 10117198, '11A4', '9', '10, 9', '10, 9', '5', 7.36, NULL, NULL),
(1525, '22019', 'V', 10117238, '11A4', '7', '9, 6', '8, 5', '6', 6, NULL, NULL),
(1526, '22019', 'V', 10117118, '11A4', '8', '6, 9', '9, 7', '10', 7.73, NULL, NULL),
(1527, '22019', 'V', 10117225, '12A1', '7', '10, 7', '7, 8', '8', 7.09, NULL, NULL),
(1528, '22019', 'V', 10117139, '12A1', '5', '6, 8', '5, 5', '10', 6.27, NULL, NULL),
(1529, '22019', 'V', 10117082, '12A1', '8', '10, 5', '8, 8', '7', 6.91, NULL, NULL),
(1530, '22019', 'V', 10117070, '12A1', '8', '8, 7', '5, 8', '8', 6.64, NULL, NULL),
(1531, '22019', 'V', 10117166, '12A1', '7', '8, 10', '7, 9', '5', 6.55, NULL, NULL),
(1532, '22019', 'V', 10117163, '12A1', '8', '8, 7', '5, 9', '7', 6.55, NULL, NULL),
(1533, '22019', 'V', 10117178, '12A1', '6', '9, 6', '8, 10', '6', 6.82, NULL, NULL),
(1534, '22019', 'V', 10117022, '12A1', '6', '9, 10', '5, 7', '9', 6.91, NULL, NULL),
(1535, '22019', 'V', 10117095, '12A1', '8', '5, 5', '5, 9', '10', 6.91, NULL, NULL),
(1536, '22019', 'V', 10117282, '12A1', '6', '5, 6', '7, 5', '5', 5.09, NULL, NULL),
(1537, '22019', 'V', 10117179, '12A1', '6', '8, 7', '5, 7', '9', 6.55, NULL, NULL),
(1538, '22019', 'V', 10117247, '12A1', '5', '7, 6', '5, 6', '6', 5.27, NULL, NULL),
(1539, '22019', 'V', 10117142, '12A1', '6', '7, 5', '9, 8', '7', 6.64, NULL, NULL),
(1540, '22019', 'V', 10117410, '12A1', '6', '9, 8', '6, 9', '8', 7, NULL, NULL),
(1541, '22019', 'V', 10117256, '12A1', '6', '6, 10', '6, 10', '6', 6.55, NULL, NULL),
(1542, '22019', 'V', 10117025, '12A2', '6', '9, 6', '6, 8', '10', 7.18, NULL, NULL),
(1543, '22019', 'V', 10117207, '12A2', '10', '7, 8', '10, 8', '7', 7.45, NULL, NULL),
(1544, '22019', 'V', 10117248, '12A2', '6', '5, 7', '7, 7', '6', 5.82, NULL, NULL),
(1545, '22019', 'V', 11217347, '12A2', '8', '7, 10', '7, 7', '10', 7.55, NULL, NULL),
(1546, '22019', 'V', 10117193, '12A2', '7', '7, 6', '6, 9', '10', 7.27, NULL, NULL),
(1547, '22019', 'V', 10117175, '12A2', '8', '7, 10', '7, 9', '10', 7.91, NULL, NULL),
(1548, '22019', 'V', 10117020, '12A2', '6', '7, 8', '10, 6', '5', 6.18, NULL, NULL),
(1549, '22019', 'V', 10117151, '12A2', '5', '10, 7', '5, 6', '5', 5.36, NULL, NULL),
(1550, '22019', 'V', 10117181, '12A2', '6', '5, 10', '7, 8', '5', 6, NULL, NULL),
(1551, '22019', 'V', 10117189, '12A2', '10', '6, 7', '7, 9', '5', 6.36, NULL, NULL),
(1552, '22019', 'V', 10117161, '12A2', '7', '8, 6', '5, 8', '5', 5.64, NULL, NULL),
(1553, '22019', 'V', 10117381, '12A2', '10', '6, 9', '5, 9', '7', 6.73, NULL, NULL),
(1554, '22019', 'V', 10117254, '12A2', '10', '9, 5', '7, 7', '9', 7.18, NULL, NULL),
(1555, '22019', 'V', 10117102, '12A2', '6', '5, 5', '6, 9', '7', 6.09, NULL, NULL),
(1556, '22019', 'V', 10117398, '12A2', '5', '5, 9', '8, 8', '8', 6.82, NULL, NULL),
(1557, '22019', 'V', 11217376, '12A3', '8', '6, 10', '10, 10', '6', 7.45, NULL, NULL),
(1558, '22019', 'V', 10117037, '12A3', '6', '7, 7', '6, 8', '6', 6, NULL, NULL),
(1559, '22019', 'V', 10117264, '12A3', '7', '7, 5', '7, 6', '10', 6.82, NULL, NULL),
(1560, '22019', 'V', 10117145, '12A3', '8', '8, 10', '6, 8', '6', 6.55, NULL, NULL),
(1561, '22019', 'V', 10117406, '12A3', '7', '9, 6', '8, 8', '9', 7.36, NULL, NULL),
(1562, '22019', 'V', 10117383, '12A3', '5', '7, 10', '7, 7', '8', 6.73, NULL, NULL),
(1563, '22019', 'V', 10117135, '12A3', '9', '10, 5', '10, 7', '9', 7.73, NULL, NULL),
(1564, '22019', 'V', 10117086, '12A3', '8', '8, 6', '7, 9', '6', 6.55, NULL, NULL),
(1565, '22019', 'V', 10117054, '12A3', '9', '8, 7', '9, 8', '9', 7.73, NULL, NULL),
(1566, '22019', 'V', 10117150, '12A3', '7', '10, 6', '7, 6', '6', 6.09, NULL, NULL),
(1568, '12019', 'A', 10117367, '10A1', '10', '8, 6', '8, 7', '7', 6.82, NULL, NULL),
(1569, '12019', 'A', 10117173, '10A1', '10', '10, 7', '9, 9', '6', 7.36, NULL, NULL),
(1570, '12019', 'A', 10117155, '10A1', '6', '8, 8', '9, 7', '10', 7.64, NULL, NULL),
(1571, '12019', 'A', 10117214, '10A1', '6', '9, 9', '9, 10', '9', 8.09, NULL, NULL),
(1572, '12019', 'A', 10117159, '10A1', '6', '7, 9', '6, 8', '9', 7, NULL, NULL),
(1573, '12019', 'A', 10117224, '10A1', '6', '8, 9', '10, 6', '10', 7.73, NULL, NULL),
(1574, '12019', 'A', 10117160, '10A1', '9', '9, 6', '7, 9', '7', 7, NULL, NULL),
(1575, '12019', 'A', 10117211, '10A1', '9', '10, 7', '9, 8', '9', 7.91, NULL, NULL),
(1576, '12019', 'A', 10117414, '10A1', '6', '6, 8', '9, 7', '10', 7.45, NULL, NULL),
(1577, '12019', 'A', 10117378, '10A1', '10', '8, 9', '10, 7', '9', 8, NULL, NULL),
(1578, '12019', 'A', 10117121, '10A1', '7', '10, 10', '8, 8', '9', 7.82, NULL, NULL),
(1579, '12019', 'A', 10117230, '10A1', '6', '9, 10', '8, 9', '9', 7.82, NULL, NULL),
(1580, '12019', 'A', 10117154, '10A1', '6', '9, 6', '9, 7', '10', 7.55, NULL, NULL),
(1581, '12019', 'A', 10117394, '10A1', '7', '6, 9', '7, 7', '8', 6.73, NULL, NULL),
(1582, '12019', 'A', 10117203, '10A1', '7', '8, 7', '9, 6', '9', 7.18, NULL, NULL),
(1583, '12019', 'A', 10117197, '10A2', '10', '6, 6', '10, 10', '8', 7.82, NULL, NULL),
(1584, '12019', 'A', 10117215, '10A2', '10', '7, 8', '9, 10', '9', 8.18, NULL, NULL),
(1585, '12019', 'A', 10117396, '10A2', '9', '7, 7', '8, 9', '10', 7.91, NULL, NULL),
(1586, '12019', 'A', 10117416, '10A2', '6', '10, 6', '8, 10', '10', 8, NULL, NULL),
(1587, '12019', 'A', 10117063, '10A2', '9', '10, 6', '8, 8', '9', 7.64, NULL, NULL),
(1588, '12019', 'A', 10117174, '10A2', '10', '9, 10', '10, 6', '7', 7.45, NULL, NULL),
(1589, '12019', 'A', 10117227, '10A2', '7', '7, 7', '9, 8', '9', 7.45, NULL, NULL),
(1590, '12019', 'A', 10117279, '10A2', '8', '8, 8', '6, 7', '7', 6.45, NULL, NULL),
(1591, '12019', 'A', 10117277, '10A2', '7', '10, 10', '8, 10', '7', 7.64, NULL, NULL),
(1592, '12019', 'A', 10117208, '10A2', '10', '8, 8', '7, 8', '9', 7.55, NULL, NULL),
(1593, '12019', 'A', 10117200, '10A2', '9', '7, 8', '10, 7', '7', 7.18, NULL, NULL),
(1594, '12019', 'A', 10117413, '10A2', '10', '9, 6', '9, 10', '6', 7.36, NULL, NULL),
(1595, '12019', 'A', 10117244, '10A2', '9', '6, 10', '7, 6', '8', 6.82, NULL, NULL),
(1596, '12019', 'A', 10117228, '10A2', '8', '10, 9', '7, 7', '8', 7.18, NULL, NULL),
(1597, '12019', 'A', 10117237, '10A2', '6', '9, 6', '8, 9', '10', 7.73, NULL, NULL),
(1598, '12019', 'A', 10117285, '10A3', '7', '10, 10', '6, 7', '9', 7.27, NULL, NULL),
(1599, '12019', 'A', 10117352, '10A3', '10', '8, 6', '7, 8', '9', 7.36, NULL, NULL),
(1600, '12019', 'A', 10117355, '10A3', '10', '10, 9', '6, 8', '8', 7.36, NULL, NULL),
(1601, '12019', 'A', 10117141, '10A3', '7', '8, 10', '9, 6', '10', 7.73, NULL, NULL),
(1602, '12019', 'A', 10117240, '10A3', '7', '10, 6', '7, 10', '6', 6.82, NULL, NULL),
(1603, '12019', 'A', 10117209, '10A3', '10', '8, 7', '6, 8', '7', 6.73, NULL, NULL),
(1604, '12019', 'A', 10117232, '10A3', '7', '10, 8', '10, 8', '6', 7.18, NULL, NULL),
(1605, '12019', 'A', 10117113, '10A3', '7', '6, 6', '7, 6', '7', 6, NULL, NULL),
(1606, '12019', 'A', 10117391, '10A3', '9', '9, 6', '8, 10', '8', 7.64, NULL, NULL),
(1607, '12019', 'A', 10117385, '10A3', '8', '7, 7', '7, 8', '9', 7.18, NULL, NULL),
(1608, '12019', 'A', 10117190, '10A3', '8', '10, 8', '9, 6', '8', 7.27, NULL, NULL),
(1609, '12019', 'A', 10117392, '10A3', '9', '7, 10', '10, 8', '10', 8.36, NULL, NULL),
(1610, '12019', 'A', 10117168, '10A3', '10', '8, 8', '6, 9', '9', 7.55, NULL, NULL),
(1611, '12019', 'A', 10117050, '10A3', '8', '6, 8', '6, 10', '8', 7.09, NULL, NULL),
(1612, '12019', 'A', 10117077, '10A4', '8', '8, 8', '6, 9', '9', 7.36, NULL, NULL),
(1613, '12019', 'A', 10117015, '10A4', '9', '10, 9', '9, 10', '10', 8.73, NULL, NULL),
(1614, '12019', 'A', 10117056, '10A4', '8', '9, 9', '8, 10', '8', 7.82, NULL, NULL),
(1615, '12019', 'A', 10116175, '10A4', '9', '8, 7', '7, 7', '10', 7.45, NULL, NULL),
(1616, '12019', 'A', 10117006, '10A4', '6', '8, 7', '10, 7', '10', 7.73, NULL, NULL),
(1617, '12019', 'A', 10117029, '10A4', '7', '10, 9', '10, 7', '6', 7.09, NULL, NULL),
(1618, '12019', 'A', 10117408, '10A4', '7', '6, 10', '6, 9', '10', 7.55, NULL, NULL),
(1619, '12019', 'A', 10117252, '10A4', '6', '10, 9', '8, 9', '8', 7.55, NULL, NULL),
(1620, '12019', 'A', 10117009, '10A4', '10', '8, 9', '8, 9', '10', 8.27, NULL, NULL),
(1621, '12019', 'A', 10117005, '10A4', '10', '6, 7', '9, 8', '10', 7.91, NULL, NULL),
(1622, '12019', 'A', 10616111, '10A4', '10', '6, 8', '6, 9', '10', 7.64, NULL, NULL),
(1623, '12019', 'A', 10116199, '10A4', '7', '8, 9', '8, 6', '8', 6.91, NULL, NULL),
(1624, '12019', 'A', 10117085, '10A4', '9', '6, 7', '10, 8', '6', 6.91, NULL, NULL),
(1625, '12019', 'A', 10116322, '10A4', '6', '10, 8', '6, 9', '8', 7.09, NULL, NULL),
(1626, '12019', 'A', 10117404, '10A4', '10', '6, 6', '9, 10', '10', 8.18, NULL, NULL),
(1627, '12019', 'A', 10117097, '10A5', '7', '8, 10', '6, 10', '6', 6.82, NULL, NULL),
(1628, '12019', 'A', 10117073, '10A5', '6', '9, 8', '9, 7', '7', 6.91, NULL, NULL),
(1629, '12019', 'A', 10117060, '10A5', '7', '6, 8', '8, 7', '7', 6.55, NULL, NULL),
(1630, '12019', 'A', 10117049, '10A5', '10', '10, 6', '10, 8', '8', 7.82, NULL, NULL),
(1631, '12019', 'A', 10117098, '10A5', '6', '10, 6', '9, 8', '9', 7.55, NULL, NULL),
(1632, '12019', 'A', 10117040, '10A5', '9', '7, 8', '8, 9', '8', 7.45, NULL, NULL),
(1633, '12019', 'A', 10117370, '10A5', '9', '9, 7', '9, 10', '7', 7.64, NULL, NULL),
(1634, '12019', 'A', 10117018, '10A5', '9', '7, 7', '8, 10', '7', 7.27, NULL, NULL),
(1635, '12019', 'A', 10117371, '10A5', '10', '9, 9', '9, 8', '7', 7.55, NULL, NULL),
(1636, '12019', 'A', 10117066, '10A5', '9', '9, 6', '8, 9', '6', 6.91, NULL, NULL),
(1637, '12019', 'A', 10117424, '10A5', '9', '9, 7', '10, 9', '8', 7.91, NULL, NULL),
(1638, '12019', 'A', 10117112, '10A5', '7', '9, 7', '10, 8', '6', 7, NULL, NULL),
(1639, '12019', 'A', 10117059, '10A5', '8', '6, 7', '6, 10', '8', 7, NULL, NULL),
(1640, '12019', 'A', 10117004, '10A5', '10', '9, 9', '10, 10', '9', 8.64, NULL, NULL),
(1641, '12019', 'A', 10117089, '10A5', '10', '10, 8', '10, 6', '9', 7.91, NULL, NULL),
(1642, '12019', 'A', 10117038, '11A1', '10', '6, 8', '9, 8', '9', 7.73, NULL, NULL),
(1643, '12019', 'A', 10117071, '11A1', '8', '6, 10', '8, 8', '10', 7.82, NULL, NULL),
(1644, '12019', 'A', 10117067, '11A1', '6', '10, 9', '10, 10', '8', 8.09, NULL, NULL),
(1645, '12019', 'A', 10117399, '11A1', '9', '7, 8', '10, 8', '7', 7.36, NULL, NULL),
(1646, '12019', 'A', 10117034, '11A1', '9', '8, 8', '7, 7', '6', 6.45, NULL, NULL),
(1647, '12019', 'A', 10117115, '11A1', '10', '8, 8', '8, 6', '10', 7.64, NULL, NULL),
(1648, '12019', 'A', 10117152, '11A1', '6', '9, 9', '7, 9', '10', 7.82, NULL, NULL),
(1649, '12019', 'A', 10117375, '11A1', '6', '7, 7', '6, 7', '6', 5.82, NULL, NULL),
(1650, '12019', 'A', 10117376, '11A1', '8', '9, 6', '7, 7', '10', 7.36, NULL, NULL),
(1651, '12019', 'A', 10117101, '11A1', '7', '6, 6', '10, 6', '6', 6.27, NULL, NULL),
(1652, '12019', 'A', 10117243, '11A1', '8', '10, 6', '10, 7', '9', 7.73, NULL, NULL),
(1653, '12019', 'A', 10116158, '11A1', '8', '9, 8', '10, 8', '6', 7.18, NULL, NULL),
(1654, '12019', 'A', 10117143, '11A1', '7', '8, 10', '9, 7', '8', 7.36, NULL, NULL),
(1655, '12019', 'A', 10117053, '11A1', '9', '6, 8', '9, 7', '7', 6.91, NULL, NULL),
(1656, '12019', 'A', 10117036, '11A1', '10', '7, 9', '10, 6', '10', 8, NULL, NULL),
(1657, '12019', 'A', 10117058, '11A2', '6', '8, 6', '10, 7', '6', 6.55, NULL, NULL),
(1658, '12019', 'A', 10117289, '11A2', '6', '8, 7', '7, 7', '10', 7.18, NULL, NULL),
(1659, '12019', 'A', 10117202, '11A2', '7', '8, 6', '8, 9', '6', 6.64, NULL, NULL),
(1660, '12019', 'A', 10117074, '11A2', '6', '9, 10', '9, 7', '8', 7.36, NULL, NULL),
(1661, '12019', 'A', 10117276, '11A2', '10', '6, 7', '10, 7', '9', 7.64, NULL, NULL),
(1662, '12019', 'A', 10117185, '11A2', '7', '7, 8', '8, 8', '7', 6.82, NULL, NULL),
(1663, '12019', 'A', 10117195, '11A2', '10', '10, 7', '8, 10', '8', 7.91, NULL, NULL),
(1664, '12019', 'A', 10117192, '11A2', '7', '6, 7', '7, 7', '7', 6.27, NULL, NULL),
(1665, '12019', 'A', 10117125, '11A2', '6', '6, 9', '10, 6', '7', 6.73, NULL, NULL),
(1666, '12019', 'A', 10117199, '11A2', '8', '6, 9', '7, 9', '10', 7.73, NULL, NULL),
(1667, '12019', 'A', 10117003, '11A2', '9', '6, 9', '6, 7', '7', 6.45, NULL, NULL),
(1668, '12019', 'A', 10117196, '11A2', '6', '10, 10', '8, 6', '6', 6.55, NULL, NULL),
(1669, '12019', 'A', 10117052, '11A2', '9', '7, 7', '7, 6', '6', 6.09, NULL, NULL),
(1670, '12019', 'A', 10117223, '11A2', '10', '6, 10', '7, 7', '7', 6.82, NULL, NULL),
(1671, '12019', 'A', 10117263, '11A2', '9', '10, 10', '10, 9', '9', 8.55, NULL, NULL),
(1672, '12019', 'A', 10117234, '11A3', '10', '7, 8', '8, 6', '9', 7.27, NULL, NULL),
(1673, '12019', 'A', 10117368, '11A3', '9', '7, 8', '6, 6', '9', 6.82, NULL, NULL),
(1674, '12019', 'A', 10117055, '11A3', '6', '7, 6', '10, 8', '6', 6.64, NULL, NULL),
(1675, '12019', 'A', 10117162, '11A3', '6', '6, 8', '10, 8', '7', 7, NULL, NULL),
(1676, '12019', 'A', 10117390, '11A3', '8', '9, 10', '10, 7', '6', 7.18, NULL, NULL),
(1677, '12019', 'A', 10117369, '11A3', '9', '6, 9', '7, 7', '8', 6.91, NULL, NULL),
(1678, '12019', 'A', 10117286, '11A3', '9', '9, 6', '8, 10', '10', 8.18, NULL, NULL),
(1679, '12019', 'A', 10117007, '11A3', '6', '9, 10', '6, 8', '7', 6.73, NULL, NULL),
(1680, '12019', 'A', 10117262, '11A3', '10', '8, 10', '7, 10', '8', 7.82, NULL, NULL),
(1681, '12019', 'A', 10117133, '11A3', '8', '8, 9', '7, 9', '9', 7.64, NULL, NULL),
(1682, '12019', 'A', 10117253, '11A3', '6', '9, 10', '7, 10', '6', 7, NULL, NULL),
(1683, '12019', 'A', 10117379, '11A3', '8', '10, 8', '9, 6', '8', 7.27, NULL, NULL),
(1684, '12019', 'A', 10117216, '11A3', '8', '8, 6', '9, 8', '6', 6.73, NULL, NULL),
(1685, '12019', 'A', 10117275, '11A3', '10', '10, 6', '6, 7', '9', 7.18, NULL, NULL),
(1686, '12019', 'A', 10117136, '11A3', '7', '10, 9', '10, 9', '7', 7.73, NULL, NULL),
(1687, '12019', 'A', 10117167, '11A4', '9', '8, 8', '10, 6', '7', 7.09, NULL, NULL),
(1688, '12019', 'A', 10117039, '11A4', '6', '7, 10', '9, 7', '10', 7.73, NULL, NULL),
(1689, '12019', 'A', 10117041, '11A4', '9', '6, 9', '10, 6', '10', 7.82, NULL, NULL),
(1690, '12019', 'A', 10117080, '11A4', '7', '7, 8', '8, 9', '6', 6.73, NULL, NULL),
(1691, '12019', 'A', 10116219, '11A4', '9', '7, 7', '8, 6', '10', 7.36, NULL, NULL),
(1692, '12019', 'A', 10117088, '11A4', '8', '6, 8', '10, 6', '6', 6.55, NULL, NULL),
(1693, '12019', 'A', 10117373, '11A4', '9', '8, 9', '6, 9', '8', 7.27, NULL, NULL),
(1694, '12019', 'A', 10117177, '11A4', '7', '8, 8', '7, 8', '10', 7.55, NULL, NULL),
(1695, '12019', 'A', 10117090, '11A4', '10', '6, 9', '7, 10', '10', 8.09, NULL, NULL),
(1696, '12019', 'A', 10117420, '11A4', '6', '10, 9', '7, 7', '7', 6.73, NULL, NULL),
(1697, '12019', 'A', 11417090, '11A4', '9', '6, 10', '6, 7', '7', 6.55, NULL, NULL),
(1698, '12019', 'A', 10117241, '11A4', '8', '7, 6', '8, 7', '7', 6.55, NULL, NULL),
(1699, '12019', 'A', 10117198, '11A4', '6', '8, 6', '10, 10', '8', 7.64, NULL, NULL),
(1700, '12019', 'A', 10117238, '11A4', '7', '7, 6', '10, 7', '6', 6.55, NULL, NULL),
(1701, '12019', 'A', 10117118, '11A4', '9', '9, 6', '7, 9', '10', 7.82, NULL, NULL),
(1702, '12019', 'A', 10117225, '12A1', '6', '6, 6', '6, 6', '8', 6, NULL, NULL),
(1703, '12019', 'A', 10117139, '12A1', '6', '9, 6', '9, 7', '9', 7.27, NULL, NULL),
(1704, '12019', 'A', 10117082, '12A1', '9', '6, 6', '7, 7', '8', 6.64, NULL, NULL),
(1705, '12019', 'A', 10117070, '12A1', '9', '8, 7', '9, 6', '10', 7.64, NULL, NULL),
(1706, '12019', 'A', 10117166, '12A1', '8', '6, 10', '6, 9', '9', 7.36, NULL, NULL),
(1707, '12019', 'A', 10117163, '12A1', '9', '10, 6', '6, 10', '8', 7.36, NULL, NULL),
(1708, '12019', 'A', 10117178, '12A1', '8', '10, 9', '6, 8', '8', 7.18, NULL, NULL),
(1709, '12019', 'A', 10117022, '12A1', '9', '8, 7', '9, 6', '9', 7.36, NULL, NULL),
(1710, '12019', 'A', 10117095, '12A1', '9', '10, 6', '6, 10', '7', 7.09, NULL, NULL),
(1711, '12019', 'A', 10117282, '12A1', '6', '7, 9', '8, 9', '6', 6.73, NULL, NULL),
(1712, '12019', 'A', 10117179, '12A1', '8', '7, 7', '9, 6', '10', 7.45, NULL, NULL),
(1713, '12019', 'A', 10117247, '12A1', '9', '10, 10', '6, 10', '6', 7.18, NULL, NULL),
(1714, '12019', 'A', 10117142, '12A1', '6', '10, 6', '10, 8', '10', 8, NULL, NULL),
(1715, '12019', 'A', 10117410, '12A1', '8', '9, 8', '7, 7', '9', 7.27, NULL, NULL),
(1716, '12019', 'A', 10117256, '12A1', '6', '10, 9', '7, 10', '6', 7, NULL, NULL),
(1717, '12019', 'A', 10117025, '12A2', '10', '6, 9', '10, 7', '9', 7.82, NULL, NULL),
(1718, '12019', 'A', 10117207, '12A2', '9', '9, 8', '10, 7', '6', 7.09, NULL, NULL),
(1719, '12019', 'A', 10117248, '12A2', '7', '9, 6', '9, 6', '6', 6.36, NULL, NULL),
(1720, '12019', 'A', 11217347, '12A2', '6', '10, 9', '9, 8', '9', 7.82, NULL, NULL),
(1721, '12019', 'A', 10117193, '12A2', '8', '7, 9', '6, 6', '10', 7.09, NULL, NULL),
(1722, '12019', 'A', 10117175, '12A2', '7', '9, 7', '6, 7', '7', 6.36, NULL, NULL),
(1723, '12019', 'A', 10117020, '12A2', '6', '10, 8', '10, 7', '9', 7.73, NULL, NULL),
(1724, '12019', 'A', 10117151, '12A2', '9', '8, 10', '8, 9', '10', 8.27, NULL, NULL),
(1725, '12019', 'A', 10117181, '12A2', '9', '10, 7', '10, 10', '8', 8.18, NULL, NULL),
(1726, '12019', 'A', 10117189, '12A2', '9', '7, 6', '8, 8', '6', 6.55, NULL, NULL),
(1727, '12019', 'A', 10117161, '12A2', '8', '9, 6', '10, 8', '9', 7.82, NULL, NULL),
(1728, '12019', 'A', 10117381, '12A2', '6', '6, 7', '6, 7', '7', 6, NULL, NULL),
(1729, '12019', 'A', 10117254, '12A2', '6', '10, 6', '10, 6', '10', 7.64, NULL, NULL),
(1730, '12019', 'A', 10117102, '12A2', '7', '8, 10', '9, 6', '10', 7.73, NULL, NULL),
(1731, '12019', 'A', 10117398, '12A2', '7', '6, 10', '7, 6', '8', 6.64, NULL, NULL),
(1732, '12019', 'A', 11217376, '12A3', '8', '6, 8', '7, 7', '10', 7.27, NULL, NULL),
(1733, '12019', 'A', 10117037, '12A3', '7', '8, 6', '8, 9', '9', 7.45, NULL, NULL),
(1734, '12019', 'A', 10117264, '12A3', '9', '10, 7', '6, 8', '7', 6.82, NULL, NULL),
(1735, '12019', 'A', 10117145, '12A3', '6', '9, 10', '8, 9', '8', 7.55, NULL, NULL),
(1736, '12019', 'A', 10117406, '12A3', '6', '10, 9', '10, 8', '6', 7.18, NULL, NULL),
(1737, '12019', 'A', 10117383, '12A3', '6', '9, 10', '7, 9', '10', 7.91, NULL, NULL),
(1738, '12019', 'A', 10117135, '12A3', '7', '10, 8', '9, 10', '7', 7.64, NULL, NULL),
(1739, '12019', 'A', 10117086, '12A3', '9', '8, 7', '10, 10', '10', 8.55, NULL, NULL),
(1740, '12019', 'A', 10117054, '12A3', '6', '8, 10', '9, 9', '8', 7.64, NULL, NULL),
(1741, '12019', 'A', 10117150, '12A3', '10', '10, 9', '6, 8', '10', 7.91, NULL, NULL),
(1742, '12019', 'CN', 10117367, '10A1', '8', '8, 9', '6, 8', '7', 6.73, NULL, NULL),
(1743, '12019', 'CN', 10117173, '10A1', '6', '8, 7', '10, 7', '7', 6.91, NULL, NULL),
(1744, '12019', 'CN', 10117155, '10A1', '9', '6, 9', '6, 10', '10', 7.82, NULL, NULL),
(1745, '12019', 'CN', 10117214, '10A1', '7', '8, 10', '9, 7', '8', 7.36, NULL, NULL),
(1746, '12019', 'CN', 10117159, '10A1', '10', '9, 10', '8, 10', '10', 8.64, NULL, NULL),
(1747, '12019', 'CN', 10117224, '10A1', '9', '7, 9', '9, 10', '10', 8.45, NULL, NULL),
(1748, '12019', 'CN', 10117160, '10A1', '8', '9, 8', '10, 9', '10', 8.45, NULL, NULL),
(1749, '12019', 'CN', 10117211, '10A1', '8', '9, 7', '10, 7', '7', 7.18, NULL, NULL),
(1750, '12019', 'CN', 10117414, '10A1', '8', '7, 9', '8, 6', '9', 7.18, NULL, NULL),
(1751, '12019', 'CN', 10117378, '10A1', '7', '10, 10', '6, 8', '9', 7.45, NULL, NULL),
(1752, '12019', 'CN', 10117121, '10A1', '10', '7, 9', '6, 7', '8', 6.91, NULL, NULL),
(1753, '12019', 'CN', 10117230, '10A1', '10', '10, 10', '10, 8', '6', 7.64, NULL, NULL),
(1754, '12019', 'CN', 10117154, '10A1', '6', '9, 6', '6, 9', '9', 7.09, NULL, NULL),
(1755, '12019', 'CN', 10117394, '10A1', '10', '7, 6', '8, 8', '9', 7.45, NULL, NULL),
(1756, '12019', 'CN', 10117203, '10A1', '10', '10, 9', '10, 7', '6', 7.36, NULL, NULL),
(1757, '12019', 'CN', 10117197, '10A2', '8', '10, 7', '6, 7', '6', 6.27, NULL, NULL),
(1758, '12019', 'CN', 10117215, '10A2', '6', '10, 9', '7, 7', '9', 7.27, NULL, NULL),
(1759, '12019', 'CN', 10117396, '10A2', '8', '8, 9', '7, 6', '7', 6.55, NULL, NULL),
(1760, '12019', 'CN', 10117416, '10A2', '8', '6, 9', '6, 7', '9', 6.91, NULL, NULL),
(1761, '12019', 'CN', 10117063, '10A2', '10', '9, 6', '6, 10', '10', 7.91, NULL, NULL),
(1762, '12019', 'CN', 10117174, '10A2', '6', '8, 8', '6, 8', '7', 6.45, NULL, NULL),
(1763, '12019', 'CN', 10117227, '10A2', '9', '6, 8', '10, 6', '6', 6.64, NULL, NULL),
(1764, '12019', 'CN', 10117279, '10A2', '10', '9, 10', '10, 9', '10', 8.82, NULL, NULL),
(1765, '12019', 'CN', 10117277, '10A2', '7', '7, 10', '9, 10', '10', 8.36, NULL, NULL),
(1766, '12019', 'CN', 10117208, '10A2', '6', '9, 8', '6, 7', '9', 6.91, NULL, NULL),
(1767, '12019', 'CN', 10117200, '10A2', '9', '10, 7', '9, 8', '10', 8.18, NULL, NULL),
(1768, '12019', 'CN', 10117413, '10A2', '10', '7, 10', '7, 6', '8', 7, NULL, NULL),
(1769, '12019', 'CN', 10117244, '10A2', '7', '8, 7', '6, 6', '7', 6.09, NULL, NULL),
(1770, '12019', 'CN', 10117228, '10A2', '9', '6, 8', '8, 10', '8', 7.55, NULL, NULL),
(1771, '12019', 'CN', 10117237, '10A2', '10', '8, 9', '9, 8', '9', 8, NULL, NULL),
(1772, '12019', 'CN', 10117285, '10A3', '8', '6, 8', '8, 9', '8', 7.27, NULL, NULL),
(1773, '12019', 'CN', 10117352, '10A3', '7', '7, 6', '9, 6', '10', 7.27, NULL, NULL),
(1774, '12019', 'CN', 10117355, '10A3', '8', '10, 8', '8, 7', '6', 6.73, NULL, NULL),
(1775, '12019', 'CN', 10117141, '10A3', '6', '8, 10', '7, 8', '10', 7.64, NULL, NULL),
(1776, '12019', 'CN', 10117240, '10A3', '8', '9, 6', '9, 9', '6', 7, NULL, NULL),
(1777, '12019', 'CN', 10117209, '10A3', '6', '10, 9', '10, 9', '9', 8.18, NULL, NULL),
(1778, '12019', 'CN', 10117232, '10A3', '6', '10, 10', '7, 6', '7', 6.64, NULL, NULL),
(1779, '12019', 'CN', 10117113, '10A3', '8', '8, 10', '10, 6', '8', 7.45, NULL, NULL),
(1780, '12019', 'CN', 10117391, '10A3', '6', '9, 8', '10, 6', '9', 7.45, NULL, NULL),
(1781, '12019', 'CN', 10117385, '10A3', '10', '8, 6', '8, 8', '9', 7.55, NULL, NULL),
(1782, '12019', 'CN', 10117190, '10A3', '10', '6, 7', '10, 10', '6', 7.36, NULL, NULL),
(1783, '12019', 'CN', 10117392, '10A3', '8', '9, 9', '8, 7', '6', 6.73, NULL, NULL),
(1784, '12019', 'CN', 10117168, '10A3', '6', '9, 9', '6, 9', '9', 7.36, NULL, NULL),
(1785, '12019', 'CN', 10117050, '10A3', '7', '10, 10', '10, 9', '10', 8.64, NULL, NULL),
(1786, '12019', 'CN', 10117077, '10A4', '6', '9, 8', '8, 8', '6', 6.64, NULL, NULL),
(1787, '12019', 'CN', 10117015, '10A4', '10', '8, 6', '7, 10', '9', 7.73, NULL, NULL),
(1788, '12019', 'CN', 10117056, '10A4', '7', '6, 8', '8, 6', '8', 6.64, NULL, NULL),
(1789, '12019', 'CN', 10116175, '10A4', '6', '9, 8', '10, 9', '8', 7.73, NULL, NULL),
(1790, '12019', 'CN', 10117006, '10A4', '10', '9, 6', '10, 7', '8', 7.55, NULL, NULL),
(1791, '12019', 'CN', 10117029, '10A4', '10', '9, 8', '9, 8', '9', 8, NULL, NULL),
(1792, '12019', 'CN', 10117408, '10A4', '10', '9, 9', '10, 9', '9', 8.45, NULL, NULL),
(1793, '12019', 'CN', 10117252, '10A4', '9', '8, 10', '6, 10', '8', 7.55, NULL, NULL),
(1794, '12019', 'CN', 10117009, '10A4', '10', '8, 8', '10, 8', '7', 7.55, NULL, NULL),
(1795, '12019', 'CN', 10117005, '10A4', '9', '6, 6', '10, 8', '6', 6.82, NULL, NULL),
(1796, '12019', 'CN', 10616111, '10A4', '8', '10, 6', '10, 10', '8', 8, NULL, NULL),
(1797, '12019', 'CN', 10116199, '10A4', '10', '10, 9', '9, 10', '8', 8.27, NULL, NULL),
(1798, '12019', 'CN', 10117085, '10A4', '7', '8, 9', '6, 10', '6', 6.73, NULL, NULL),
(1799, '12019', 'CN', 10116322, '10A4', '7', '9, 7', '10, 9', '10', 8.27, NULL, NULL),
(1800, '12019', 'CN', 10117404, '10A4', '6', '9, 10', '7, 10', '9', 7.82, NULL, NULL),
(1801, '12019', 'CN', 10117097, '10A5', '10', '9, 8', '9, 7', '8', 7.55, NULL, NULL),
(1802, '12019', 'CN', 10117073, '10A5', '7', '7, 8', '10, 10', '6', 7.27, NULL, NULL),
(1803, '12019', 'CN', 10117060, '10A5', '9', '10, 6', '6, 9', '9', 7.45, NULL, NULL),
(1804, '12019', 'CN', 10117049, '10A5', '10', '10, 6', '9, 8', '9', 7.91, NULL, NULL),
(1805, '12019', 'CN', 10117098, '10A5', '10', '7, 7', '8, 9', '7', 7.18, NULL, NULL),
(1806, '12019', 'CN', 10117040, '10A5', '9', '6, 6', '8, 7', '6', 6.27, NULL, NULL);
INSERT INTO `diem` (`id`, `MaHocKy`, `MaMonHoc`, `MaHS`, `MaLopHoc`, `DiemMieng`, `Diem15Phut`, `Diem1Tiet`, `DiemHK`, `DiemTB`, `created_at`, `updated_at`) VALUES
(1807, '12019', 'CN', 10117370, '10A5', '6', '9, 10', '6, 7', '9', 7.09, NULL, NULL),
(1808, '12019', 'CN', 10117018, '10A5', '10', '9, 7', '7, 10', '7', 7.36, NULL, NULL),
(1809, '12019', 'CN', 10117371, '10A5', '9', '7, 10', '7, 10', '6', 7.09, NULL, NULL),
(1810, '12019', 'CN', 10117066, '10A5', '10', '6, 6', '8, 6', '10', 7.27, NULL, NULL),
(1811, '12019', 'CN', 10117424, '10A5', '6', '6, 6', '6, 9', '7', 6.27, NULL, NULL),
(1812, '12019', 'CN', 10117112, '10A5', '10', '9, 9', '8, 10', '7', 7.73, NULL, NULL),
(1813, '12019', 'CN', 10117059, '10A5', '6', '7, 10', '8, 8', '8', 7.18, NULL, NULL),
(1814, '12019', 'CN', 10117004, '10A5', '7', '9, 6', '8, 9', '10', 7.82, NULL, NULL),
(1815, '12019', 'CN', 10117089, '10A5', '6', '6, 8', '7, 9', '10', 7.45, NULL, NULL),
(1816, '12019', 'CN', 10117038, '11A1', '8', '8, 8', '10, 8', '10', 8.18, NULL, NULL),
(1817, '12019', 'CN', 10117071, '11A1', '8', '6, 9', '7, 7', '6', 6.27, NULL, NULL),
(1818, '12019', 'CN', 10117067, '11A1', '10', '6, 7', '9, 9', '7', 7.27, NULL, NULL),
(1819, '12019', 'CN', 10117399, '11A1', '10', '10, 8', '6, 9', '10', 8, NULL, NULL),
(1820, '12019', 'CN', 10117034, '11A1', '9', '10, 8', '9, 7', '10', 8.09, NULL, NULL),
(1821, '12019', 'CN', 10117115, '11A1', '10', '8, 6', '6, 8', '8', 6.91, NULL, NULL),
(1822, '12019', 'CN', 10117152, '11A1', '9', '10, 10', '6, 8', '8', 7.36, NULL, NULL),
(1823, '12019', 'CN', 10117375, '11A1', '9', '9, 10', '10, 7', '8', 7.82, NULL, NULL),
(1824, '12019', 'CN', 10117376, '11A1', '10', '6, 10', '10, 10', '9', 8.45, NULL, NULL),
(1825, '12019', 'CN', 10117101, '11A1', '8', '8, 7', '8, 10', '9', 7.82, NULL, NULL),
(1826, '12019', 'CN', 10117243, '11A1', '7', '10, 6', '9, 8', '7', 7.09, NULL, NULL),
(1827, '12019', 'CN', 10116158, '11A1', '6', '10, 8', '8, 6', '9', 7.18, NULL, NULL),
(1828, '12019', 'CN', 10117143, '11A1', '9', '8, 6', '7, 8', '6', 6.45, NULL, NULL),
(1829, '12019', 'CN', 10117053, '11A1', '6', '8, 8', '10, 8', '8', 7.45, NULL, NULL),
(1830, '12019', 'CN', 10117036, '11A1', '7', '7, 10', '8, 8', '10', 7.82, NULL, NULL),
(1831, '12019', 'CN', 10117058, '11A2', '9', '6, 10', '6, 9', '10', 7.73, NULL, NULL),
(1832, '12019', 'CN', 10117289, '11A2', '7', '9, 9', '9, 7', '6', 6.82, NULL, NULL),
(1833, '12019', 'CN', 10117202, '11A2', '9', '6, 9', '7, 8', '8', 7.09, NULL, NULL),
(1834, '12019', 'CN', 10117074, '11A2', '8', '10, 6', '7, 6', '7', 6.45, NULL, NULL),
(1835, '12019', 'CN', 10117276, '11A2', '7', '9, 6', '10, 10', '9', 8.09, NULL, NULL),
(1836, '12019', 'CN', 10117185, '11A2', '6', '9, 9', '6, 7', '6', 6.18, NULL, NULL),
(1837, '12019', 'CN', 10117195, '11A2', '6', '10, 8', '10, 9', '9', 8.09, NULL, NULL),
(1838, '12019', 'CN', 10117192, '11A2', '8', '6, 6', '9, 6', '7', 6.45, NULL, NULL),
(1839, '12019', 'CN', 10117125, '11A2', '6', '6, 10', '6, 8', '10', 7.27, NULL, NULL),
(1840, '12019', 'CN', 10117199, '11A2', '7', '6, 10', '7, 9', '7', 6.91, NULL, NULL),
(1841, '12019', 'CN', 10117003, '11A2', '6', '8, 6', '9, 7', '6', 6.36, NULL, NULL),
(1842, '12019', 'CN', 10117196, '11A2', '9', '8, 7', '10, 8', '8', 7.64, NULL, NULL),
(1843, '12019', 'CN', 10117052, '11A2', '6', '6, 7', '7, 7', '9', 6.73, NULL, NULL),
(1844, '12019', 'CN', 10117223, '11A2', '9', '6, 8', '9, 8', '7', 7.09, NULL, NULL),
(1845, '12019', 'CN', 10117263, '11A2', '9', '7, 6', '10, 7', '9', 7.55, NULL, NULL),
(1846, '12019', 'CN', 10117234, '11A3', '6', '10, 10', '8, 10', '10', 8.36, NULL, NULL),
(1847, '12019', 'CN', 10117368, '11A3', '6', '8, 7', '9, 6', '9', 7.09, NULL, NULL),
(1848, '12019', 'CN', 10117055, '11A3', '10', '8, 9', '7, 8', '6', 6.82, NULL, NULL),
(1849, '12019', 'CN', 10117162, '11A3', '8', '8, 10', '8, 8', '7', 7.18, NULL, NULL),
(1850, '12019', 'CN', 10117390, '11A3', '10', '7, 8', '9, 8', '10', 8.09, NULL, NULL),
(1851, '12019', 'CN', 10117369, '11A3', '8', '10, 8', '7, 6', '6', 6.36, NULL, NULL),
(1852, '12019', 'CN', 10117286, '11A3', '6', '10, 10', '7, 9', '7', 7.18, NULL, NULL),
(1853, '12019', 'CN', 10117007, '11A3', '7', '10, 6', '10, 6', '10', 7.73, NULL, NULL),
(1854, '12019', 'CN', 10117262, '11A3', '6', '6, 6', '10, 7', '7', 6.64, NULL, NULL),
(1855, '12019', 'CN', 10117133, '11A3', '6', '9, 7', '6, 10', '9', 7.36, NULL, NULL),
(1856, '12019', 'CN', 10117253, '11A3', '10', '9, 6', '9, 9', '9', 8, NULL, NULL),
(1857, '12019', 'CN', 10117379, '11A3', '9', '9, 8', '6, 8', '7', 6.82, NULL, NULL),
(1858, '12019', 'CN', 10117216, '11A3', '9', '10, 10', '10, 10', '6', 7.91, NULL, NULL),
(1859, '12019', 'CN', 10117275, '11A3', '9', '10, 7', '8, 6', '10', 7.64, NULL, NULL),
(1860, '12019', 'CN', 10117136, '11A3', '9', '6, 6', '9, 6', '10', 7.36, NULL, NULL),
(1861, '12019', 'CN', 10117167, '11A4', '9', '10, 8', '8, 6', '6', 6.64, NULL, NULL),
(1862, '12019', 'CN', 10117039, '11A4', '9', '9, 10', '8, 7', '7', 7.18, NULL, NULL),
(1863, '12019', 'CN', 10117041, '11A4', '9', '10, 10', '7, 9', '7', 7.45, NULL, NULL),
(1864, '12019', 'CN', 10117080, '11A4', '9', '8, 7', '6, 6', '6', 6, NULL, NULL),
(1865, '12019', 'CN', 10116219, '11A4', '9', '9, 6', '9, 7', '6', 6.73, NULL, NULL),
(1866, '12019', 'CN', 10117088, '11A4', '9', '8, 9', '6, 7', '9', 7.18, NULL, NULL),
(1867, '12019', 'CN', 10117373, '11A4', '10', '8, 6', '10, 8', '7', 7.36, NULL, NULL),
(1868, '12019', 'CN', 10117177, '11A4', '9', '9, 10', '10, 6', '10', 8.18, NULL, NULL),
(1869, '12019', 'CN', 10117090, '11A4', '9', '6, 9', '10, 7', '8', 7.45, NULL, NULL),
(1870, '12019', 'CN', 10117420, '11A4', '8', '7, 7', '8, 7', '10', 7.45, NULL, NULL),
(1871, '12019', 'CN', 11417090, '11A4', '7', '6, 8', '6, 6', '7', 6, NULL, NULL),
(1872, '12019', 'CN', 10117241, '11A4', '6', '7, 10', '8, 8', '9', 7.45, NULL, NULL),
(1873, '12019', 'CN', 10117198, '11A4', '7', '9, 6', '7, 10', '9', 7.55, NULL, NULL),
(1874, '12019', 'CN', 10117238, '11A4', '6', '7, 8', '10, 7', '10', 7.73, NULL, NULL),
(1875, '12019', 'CN', 10117118, '11A4', '8', '10, 6', '9, 10', '6', 7.27, NULL, NULL),
(1876, '12019', 'CN', 10117225, '12A1', '9', '8, 9', '10, 9', '6', 7.45, NULL, NULL),
(1877, '12019', 'CN', 10117139, '12A1', '10', '10, 8', '10, 10', '9', 8.64, NULL, NULL),
(1878, '12019', 'CN', 10117082, '12A1', '7', '9, 9', '9, 8', '9', 7.82, NULL, NULL),
(1879, '12019', 'CN', 10117070, '12A1', '6', '9, 8', '10, 6', '6', 6.64, NULL, NULL),
(1880, '12019', 'CN', 10117166, '12A1', '6', '10, 10', '10, 10', '7', 7.91, NULL, NULL),
(1881, '12019', 'CN', 10117163, '12A1', '8', '6, 8', '8, 6', '8', 6.73, NULL, NULL),
(1882, '12019', 'CN', 10117178, '12A1', '10', '9, 10', '10, 8', '10', 8.64, NULL, NULL),
(1883, '12019', 'CN', 10117022, '12A1', '7', '10, 7', '10, 7', '7', 7.18, NULL, NULL),
(1884, '12019', 'CN', 10117095, '12A1', '9', '7, 9', '8, 10', '6', 7.18, NULL, NULL),
(1885, '12019', 'CN', 10117282, '12A1', '6', '8, 9', '6, 7', '7', 6.36, NULL, NULL),
(1886, '12019', 'CN', 10117179, '12A1', '6', '10, 6', '10, 8', '9', 7.73, NULL, NULL),
(1887, '12019', 'CN', 10117247, '12A1', '6', '9, 9', '6, 6', '7', 6.27, NULL, NULL),
(1888, '12019', 'CN', 10117142, '12A1', '6', '10, 8', '8, 9', '6', 6.91, NULL, NULL),
(1889, '12019', 'CN', 10117410, '12A1', '10', '7, 8', '6, 6', '7', 6.36, NULL, NULL),
(1890, '12019', 'CN', 10117256, '12A1', '9', '8, 6', '7, 7', '8', 6.82, NULL, NULL),
(1891, '12019', 'CN', 10117025, '12A2', '9', '9, 10', '7, 6', '8', 7.09, NULL, NULL),
(1892, '12019', 'CN', 10117207, '12A2', '8', '10, 10', '9, 9', '7', 7.73, NULL, NULL),
(1893, '12019', 'CN', 10117248, '12A2', '10', '9, 6', '8, 6', '6', 6.45, NULL, NULL),
(1894, '12019', 'CN', 11217347, '12A2', '8', '8, 7', '9, 7', '9', 7.45, NULL, NULL),
(1895, '12019', 'CN', 10117193, '12A2', '6', '10, 10', '9, 8', '6', 7.09, NULL, NULL),
(1896, '12019', 'CN', 10117175, '12A2', '6', '10, 7', '7, 8', '7', 6.73, NULL, NULL),
(1897, '12019', 'CN', 10117020, '12A2', '10', '7, 9', '6, 10', '6', 6.91, NULL, NULL),
(1898, '12019', 'CN', 10117151, '12A2', '8', '8, 7', '8, 9', '8', 7.36, NULL, NULL),
(1899, '12019', 'CN', 10117181, '12A2', '8', '8, 8', '10, 10', '7', 7.73, NULL, NULL),
(1900, '12019', 'CN', 10117189, '12A2', '9', '9, 9', '10, 6', '10', 8.09, NULL, NULL),
(1901, '12019', 'CN', 10117161, '12A2', '10', '10, 6', '8, 7', '8', 7.27, NULL, NULL),
(1902, '12019', 'CN', 10117381, '12A2', '10', '7, 7', '10, 8', '10', 8.18, NULL, NULL),
(1903, '12019', 'CN', 10117254, '12A2', '8', '9, 7', '7, 8', '6', 6.55, NULL, NULL),
(1904, '12019', 'CN', 10117102, '12A2', '6', '8, 7', '9, 7', '6', 6.45, NULL, NULL),
(1905, '12019', 'CN', 10117398, '12A2', '9', '7, 8', '7, 9', '8', 7.27, NULL, NULL),
(1906, '12019', 'CN', 11217376, '12A3', '10', '8, 8', '9, 9', '6', 7.27, NULL, NULL),
(1907, '12019', 'CN', 10117037, '12A3', '8', '9, 6', '8, 8', '9', 7.45, NULL, NULL),
(1908, '12019', 'CN', 10117264, '12A3', '9', '6, 6', '9, 7', '6', 6.45, NULL, NULL),
(1909, '12019', 'CN', 10117145, '12A3', '8', '10, 10', '7, 6', '7', 6.82, NULL, NULL),
(1910, '12019', 'CN', 10117406, '12A3', '8', '7, 9', '10, 6', '6', 6.73, NULL, NULL),
(1911, '12019', 'CN', 10117383, '12A3', '9', '9, 10', '6, 8', '6', 6.73, NULL, NULL),
(1912, '12019', 'CN', 10117135, '12A3', '8', '9, 8', '6, 8', '6', 6.45, NULL, NULL),
(1913, '12019', 'CN', 10117086, '12A3', '7', '8, 9', '8, 10', '6', 7.09, NULL, NULL),
(1914, '12019', 'CN', 10117054, '12A3', '10', '6, 7', '8, 6', '9', 7.09, NULL, NULL),
(1915, '12019', 'CN', 10117150, '12A3', '9', '9, 9', '10, 9', '6', 7.55, NULL, NULL),
(1916, '12019', 'GD', 10117367, '10A1', '9', '8, 6', '8, 9', '6', 6.82, NULL, NULL),
(1917, '12019', 'GD', 10117173, '10A1', '9', '6, 7', '7, 8', '10', 7.45, NULL, NULL),
(1918, '12019', 'GD', 10117155, '10A1', '8', '6, 10', '8, 9', '9', 7.73, NULL, NULL),
(1919, '12019', 'GD', 10117214, '10A1', '7', '7, 7', '10, 8', '7', 7.09, NULL, NULL),
(1920, '12019', 'GD', 10117159, '10A1', '9', '7, 10', '6, 9', '9', 7.55, NULL, NULL),
(1921, '12019', 'GD', 10117224, '10A1', '8', '7, 6', '8, 9', '9', 7.45, NULL, NULL),
(1922, '12019', 'GD', 10117160, '10A1', '7', '7, 6', '10, 10', '7', 7.36, NULL, NULL),
(1923, '12019', 'GD', 10117211, '10A1', '10', '6, 9', '6, 10', '10', 7.91, NULL, NULL),
(1924, '12019', 'GD', 10117414, '10A1', '6', '6, 9', '8, 10', '6', 6.82, NULL, NULL),
(1925, '12019', 'GD', 10117378, '10A1', '8', '9, 8', '8, 8', '6', 6.82, NULL, NULL),
(1926, '12019', 'GD', 10117121, '10A1', '6', '10, 8', '7, 7', '8', 6.91, NULL, NULL),
(1927, '12019', 'GD', 10117230, '10A1', '8', '9, 10', '6, 9', '10', 7.91, NULL, NULL),
(1928, '12019', 'GD', 10117154, '10A1', '9', '6, 9', '8, 6', '6', 6.36, NULL, NULL),
(1929, '12019', 'GD', 10117394, '10A1', '10', '9, 8', '6, 10', '7', 7.27, NULL, NULL),
(1930, '12019', 'GD', 10117203, '10A1', '6', '7, 7', '7, 6', '6', 5.82, NULL, NULL),
(1931, '12019', 'GD', 10117197, '10A2', '7', '10, 7', '7, 10', '8', 7.45, NULL, NULL),
(1932, '12019', 'GD', 10117215, '10A2', '7', '8, 7', '10, 10', '7', 7.55, NULL, NULL),
(1933, '12019', 'GD', 10117396, '10A2', '7', '7, 7', '7, 7', '6', 6.09, NULL, NULL),
(1934, '12019', 'GD', 10117416, '10A2', '10', '7, 10', '7, 9', '8', 7.55, NULL, NULL),
(1935, '12019', 'GD', 10117063, '10A2', '7', '9, 7', '8, 6', '8', 6.82, NULL, NULL),
(1936, '12019', 'GD', 10117174, '10A2', '6', '9, 8', '8, 6', '7', 6.55, NULL, NULL),
(1937, '12019', 'GD', 10117227, '10A2', '10', '9, 6', '9, 6', '10', 7.73, NULL, NULL),
(1938, '12019', 'GD', 10117279, '10A2', '8', '6, 10', '7, 10', '7', 7.18, NULL, NULL),
(1939, '12019', 'GD', 10117277, '10A2', '6', '9, 7', '8, 6', '9', 7, NULL, NULL),
(1940, '12019', 'GD', 10117208, '10A2', '7', '8, 8', '7, 10', '10', 7.91, NULL, NULL),
(1941, '12019', 'GD', 10117200, '10A2', '8', '6, 8', '6, 9', '9', 7.18, NULL, NULL),
(1942, '12019', 'GD', 10117413, '10A2', '9', '7, 6', '6, 10', '10', 7.64, NULL, NULL),
(1943, '12019', 'GD', 10117244, '10A2', '9', '8, 9', '9, 10', '10', 8.55, NULL, NULL),
(1944, '12019', 'GD', 10117228, '10A2', '6', '8, 7', '9, 9', '10', 7.91, NULL, NULL),
(1945, '12019', 'GD', 10117237, '10A2', '10', '10, 9', '9, 6', '9', 7.82, NULL, NULL),
(1946, '12019', 'GD', 10117285, '10A3', '10', '10, 9', '10, 9', '8', 8.27, NULL, NULL),
(1947, '12019', 'GD', 10117352, '10A3', '7', '6, 8', '9, 10', '7', 7.27, NULL, NULL),
(1948, '12019', 'GD', 10117355, '10A3', '7', '6, 9', '6, 6', '7', 6.09, NULL, NULL),
(1949, '12019', 'GD', 10117141, '10A3', '8', '10, 9', '9, 6', '9', 7.64, NULL, NULL),
(1950, '12019', 'GD', 10117240, '10A3', '6', '10, 7', '6, 9', '6', 6.45, NULL, NULL),
(1951, '12019', 'GD', 10117209, '10A3', '9', '9, 6', '6, 8', '9', 7.18, NULL, NULL),
(1952, '12019', 'GD', 10117232, '10A3', '7', '7, 9', '10, 8', '10', 8.09, NULL, NULL),
(1953, '12019', 'GD', 10117113, '10A3', '6', '8, 9', '10, 9', '9', 8, NULL, NULL),
(1954, '12019', 'GD', 10117391, '10A3', '10', '7, 6', '10, 6', '10', 7.73, NULL, NULL),
(1955, '12019', 'GD', 10117385, '10A3', '9', '6, 8', '7, 6', '6', 6.09, NULL, NULL),
(1956, '12019', 'GD', 10117190, '10A3', '8', '6, 7', '8, 9', '9', 7.45, NULL, NULL),
(1957, '12019', 'GD', 10117392, '10A3', '10', '10, 8', '7, 10', '9', 8.09, NULL, NULL),
(1958, '12019', 'GD', 10117168, '10A3', '7', '7, 10', '8, 10', '8', 7.64, NULL, NULL),
(1959, '12019', 'GD', 10117050, '10A3', '6', '10, 9', '10, 10', '9', 8.36, NULL, NULL),
(1960, '12019', 'GD', 10117077, '10A4', '8', '6, 6', '7, 8', '9', 7, NULL, NULL),
(1961, '12019', 'GD', 10117015, '10A4', '9', '7, 7', '9, 9', '10', 8.09, NULL, NULL),
(1962, '12019', 'GD', 10117056, '10A4', '8', '10, 10', '7, 6', '10', 7.64, NULL, NULL),
(1963, '12019', 'GD', 10116175, '10A4', '9', '9, 10', '9, 8', '6', 7.27, NULL, NULL),
(1964, '12019', 'GD', 10117006, '10A4', '7', '10, 7', '8, 6', '8', 6.91, NULL, NULL),
(1965, '12019', 'GD', 10117029, '10A4', '10', '10, 8', '7, 10', '6', 7.27, NULL, NULL),
(1966, '12019', 'GD', 10117408, '10A4', '6', '8, 10', '7, 7', '6', 6.36, NULL, NULL),
(1967, '12019', 'GD', 10117252, '10A4', '9', '6, 10', '8, 8', '8', 7.36, NULL, NULL),
(1968, '12019', 'GD', 10117009, '10A4', '7', '7, 10', '7, 6', '10', 7.27, NULL, NULL),
(1969, '12019', 'GD', 10117005, '10A4', '8', '10, 10', '9, 7', '9', 7.91, NULL, NULL),
(1970, '12019', 'GD', 10616111, '10A4', '8', '7, 9', '6, 6', '6', 6, NULL, NULL),
(1971, '12019', 'GD', 10116199, '10A4', '6', '6, 8', '9, 6', '7', 6.45, NULL, NULL),
(1972, '12019', 'GD', 10117085, '10A4', '10', '7, 6', '8, 8', '6', 6.64, NULL, NULL),
(1973, '12019', 'GD', 10116322, '10A4', '9', '9, 7', '10, 10', '7', 7.82, NULL, NULL),
(1974, '12019', 'GD', 10117404, '10A4', '7', '7, 9', '10, 8', '8', 7.55, NULL, NULL),
(1975, '12019', 'GD', 10117097, '10A5', '9', '10, 6', '8, 7', '8', 7.18, NULL, NULL),
(1976, '12019', 'GD', 10117073, '10A5', '9', '6, 6', '9, 6', '7', 6.55, NULL, NULL),
(1977, '12019', 'GD', 10117060, '10A5', '10', '6, 8', '7, 9', '7', 7, NULL, NULL),
(1978, '12019', 'GD', 10117049, '10A5', '7', '10, 9', '8, 8', '6', 6.91, NULL, NULL),
(1979, '12019', 'GD', 10117098, '10A5', '8', '9, 8', '7, 8', '9', 7.45, NULL, NULL),
(1980, '12019', 'GD', 10117040, '10A5', '10', '8, 10', '10, 6', '9', 7.91, NULL, NULL),
(1981, '12019', 'GD', 10117370, '10A5', '7', '7, 6', '6, 10', '8', 6.91, NULL, NULL),
(1982, '12019', 'GD', 10117018, '10A5', '9', '7, 6', '7, 8', '8', 6.91, NULL, NULL),
(1983, '12019', 'GD', 10117371, '10A5', '9', '9, 10', '7, 7', '7', 7, NULL, NULL),
(1984, '12019', 'GD', 10117066, '10A5', '7', '10, 10', '9, 10', '7', 7.82, NULL, NULL),
(1985, '12019', 'GD', 10117424, '10A5', '8', '10, 10', '7, 10', '7', 7.55, NULL, NULL),
(1986, '12019', 'GD', 10117112, '10A5', '6', '10, 7', '6, 9', '6', 6.45, NULL, NULL),
(1987, '12019', 'GD', 10117059, '10A5', '7', '6, 8', '8, 7', '10', 7.36, NULL, NULL),
(1988, '12019', 'GD', 10117004, '10A5', '6', '8, 7', '7, 6', '7', 6.18, NULL, NULL),
(1989, '12019', 'GD', 10117089, '10A5', '9', '7, 6', '8, 9', '10', 7.82, NULL, NULL),
(1990, '12019', 'GD', 10117038, '11A1', '7', '8, 6', '7, 10', '10', 7.73, NULL, NULL),
(1991, '12019', 'GD', 10117071, '11A1', '6', '7, 10', '7, 10', '6', 6.82, NULL, NULL),
(1992, '12019', 'GD', 10117067, '11A1', '8', '8, 9', '6, 6', '7', 6.36, NULL, NULL),
(1993, '12019', 'GD', 10117399, '11A1', '7', '7, 7', '6, 6', '8', 6.27, NULL, NULL),
(1994, '12019', 'GD', 10117034, '11A1', '10', '7, 10', '6, 7', '7', 6.73, NULL, NULL),
(1995, '12019', 'GD', 10117115, '11A1', '10', '8, 8', '9, 10', '7', 7.73, NULL, NULL),
(1996, '12019', 'GD', 10117152, '11A1', '9', '10, 10', '10, 6', '8', 7.73, NULL, NULL),
(1997, '12019', 'GD', 10117375, '11A1', '7', '6, 7', '9, 10', '6', 6.91, NULL, NULL),
(1998, '12019', 'GD', 10117376, '11A1', '6', '10, 8', '8, 6', '10', 7.45, NULL, NULL),
(1999, '12019', 'GD', 10117101, '11A1', '7', '7, 8', '8, 10', '8', 7.45, NULL, NULL),
(2000, '12019', 'GD', 10117243, '11A1', '7', '7, 7', '7, 7', '10', 7.18, NULL, NULL),
(2001, '12019', 'GD', 10116158, '11A1', '10', '9, 6', '7, 8', '8', 7.18, NULL, NULL),
(2002, '12019', 'GD', 10117143, '11A1', '9', '10, 10', '9, 9', '9', 8.36, NULL, NULL),
(2003, '12019', 'GD', 10117053, '11A1', '10', '9, 10', '8, 6', '7', 7.09, NULL, NULL),
(2004, '12019', 'GD', 10117036, '11A1', '6', '10, 6', '7, 10', '8', 7.27, NULL, NULL),
(2005, '12019', 'GD', 10117058, '11A2', '9', '8, 6', '10, 7', '9', 7.64, NULL, NULL),
(2006, '12019', 'GD', 10117289, '11A2', '8', '10, 7', '7, 8', '9', 7.45, NULL, NULL),
(2007, '12019', 'GD', 10117202, '11A2', '6', '7, 6', '6, 9', '7', 6.36, NULL, NULL),
(2008, '12019', 'GD', 10117074, '11A2', '7', '8, 10', '7, 6', '6', 6.27, NULL, NULL),
(2009, '12019', 'GD', 10117276, '11A2', '8', '7, 9', '7, 6', '8', 6.73, NULL, NULL),
(2010, '12019', 'GD', 10117185, '11A2', '7', '7, 6', '10, 7', '6', 6.55, NULL, NULL),
(2011, '12019', 'GD', 10117195, '11A2', '9', '8, 7', '7, 8', '9', 7.36, NULL, NULL),
(2012, '12019', 'GD', 10117192, '11A2', '10', '10, 7', '8, 9', '6', 7.18, NULL, NULL),
(2013, '12019', 'GD', 10117125, '11A2', '6', '7, 9', '7, 8', '9', 7.18, NULL, NULL),
(2014, '12019', 'GD', 10117199, '11A2', '10', '9, 9', '9, 6', '7', 7.18, NULL, NULL),
(2015, '12019', 'GD', 10117003, '11A2', '9', '8, 10', '8, 6', '6', 6.64, NULL, NULL),
(2016, '12019', 'GD', 10117196, '11A2', '7', '6, 8', '10, 6', '6', 6.45, NULL, NULL),
(2017, '12019', 'GD', 10117052, '11A2', '7', '6, 7', '8, 9', '8', 7.09, NULL, NULL),
(2018, '12019', 'GD', 10117223, '11A2', '6', '8, 10', '8, 9', '10', 8, NULL, NULL),
(2019, '12019', 'GD', 10117263, '11A2', '8', '8, 7', '6, 9', '10', 7.55, NULL, NULL),
(2020, '12019', 'GD', 10117234, '11A3', '10', '10, 9', '8, 9', '7', 7.64, NULL, NULL),
(2021, '12019', 'GD', 10117368, '11A3', '8', '7, 6', '7, 6', '7', 6.18, NULL, NULL),
(2022, '12019', 'GD', 10117055, '11A3', '7', '8, 6', '7, 6', '8', 6.45, NULL, NULL),
(2023, '12019', 'GD', 10117162, '11A3', '7', '6, 8', '7, 6', '7', 6.18, NULL, NULL),
(2024, '12019', 'GD', 10117390, '11A3', '7', '7, 6', '10, 10', '8', 7.64, NULL, NULL),
(2025, '12019', 'GD', 10117369, '11A3', '7', '10, 9', '9, 10', '10', 8.55, NULL, NULL),
(2026, '12019', 'GD', 10117286, '11A3', '8', '7, 10', '7, 7', '9', 7.27, NULL, NULL),
(2027, '12019', 'GD', 10117007, '11A3', '10', '10, 7', '9, 8', '8', 7.73, NULL, NULL),
(2028, '12019', 'GD', 10117262, '11A3', '8', '10, 7', '9, 9', '10', 8.27, NULL, NULL),
(2029, '12019', 'GD', 10117133, '11A3', '10', '7, 7', '7, 9', '8', 7.27, NULL, NULL),
(2030, '12019', 'GD', 10117253, '11A3', '7', '8, 8', '9, 10', '6', 7.18, NULL, NULL),
(2031, '12019', 'GD', 10117379, '11A3', '6', '8, 10', '10, 8', '7', 7.36, NULL, NULL),
(2032, '12019', 'GD', 10117216, '11A3', '6', '6, 7', '6, 8', '9', 6.73, NULL, NULL),
(2033, '12019', 'GD', 10117275, '11A3', '8', '6, 10', '7, 10', '6', 6.91, NULL, NULL),
(2034, '12019', 'GD', 10117136, '11A3', '6', '10, 8', '8, 6', '8', 6.91, NULL, NULL),
(2035, '12019', 'GD', 10117167, '11A4', '7', '9, 6', '9, 10', '6', 7.09, NULL, NULL),
(2036, '12019', 'GD', 10117039, '11A4', '6', '10, 7', '6, 9', '10', 7.55, NULL, NULL),
(2037, '12019', 'GD', 10117041, '11A4', '6', '10, 9', '8, 6', '8', 7, NULL, NULL),
(2038, '12019', 'GD', 10117080, '11A4', '9', '10, 7', '7, 6', '10', 7.45, NULL, NULL),
(2039, '12019', 'GD', 10116219, '11A4', '8', '10, 8', '6, 10', '7', 7.18, NULL, NULL),
(2040, '12019', 'GD', 10117088, '11A4', '7', '6, 7', '9, 8', '8', 7.09, NULL, NULL),
(2041, '12019', 'GD', 10117373, '11A4', '10', '9, 9', '6, 9', '8', 7.45, NULL, NULL),
(2042, '12019', 'GD', 10117177, '11A4', '8', '9, 9', '10, 7', '7', 7.36, NULL, NULL),
(2043, '12019', 'GD', 10117090, '11A4', '6', '7, 10', '10, 6', '7', 6.91, NULL, NULL),
(2044, '12019', 'GD', 10117420, '11A4', '10', '9, 7', '6, 8', '10', 7.64, NULL, NULL),
(2045, '12019', 'GD', 11417090, '11A4', '10', '8, 8', '8, 7', '6', 6.73, NULL, NULL),
(2046, '12019', 'GD', 10117241, '11A4', '9', '6, 6', '6, 8', '10', 7.18, NULL, NULL),
(2047, '12019', 'GD', 10117198, '11A4', '8', '9, 9', '9, 10', '8', 8, NULL, NULL),
(2048, '12019', 'GD', 10117238, '11A4', '10', '9, 10', '9, 9', '7', 7.82, NULL, NULL),
(2049, '12019', 'GD', 10117118, '11A4', '7', '6, 6', '6, 10', '10', 7.36, NULL, NULL),
(2050, '12019', 'GD', 10117225, '12A1', '9', '8, 8', '8, 7', '9', 7.45, NULL, NULL),
(2051, '12019', 'GD', 10117139, '12A1', '9', '6, 9', '8, 6', '10', 7.45, NULL, NULL),
(2052, '12019', 'GD', 10117082, '12A1', '9', '7, 9', '8, 6', '8', 7, NULL, NULL),
(2053, '12019', 'GD', 10117070, '12A1', '6', '6, 8', '8, 10', '8', 7.27, NULL, NULL),
(2054, '12019', 'GD', 10117166, '12A1', '9', '7, 7', '9, 8', '8', 7.36, NULL, NULL),
(2055, '12019', 'GD', 10117163, '12A1', '9', '10, 9', '6, 9', '7', 7.18, NULL, NULL),
(2056, '12019', 'GD', 10117178, '12A1', '10', '6, 8', '9, 8', '8', 7.45, NULL, NULL),
(2057, '12019', 'GD', 10117022, '12A1', '10', '7, 10', '6, 8', '8', 7.18, NULL, NULL),
(2058, '12019', 'GD', 10117095, '12A1', '10', '6, 7', '6, 8', '10', 7.36, NULL, NULL),
(2059, '12019', 'GD', 10117282, '12A1', '10', '8, 10', '7, 9', '7', 7.36, NULL, NULL),
(2060, '12019', 'GD', 10117179, '12A1', '9', '6, 7', '9, 9', '8', 7.45, NULL, NULL),
(2061, '12019', 'GD', 10117247, '12A1', '7', '6, 9', '9, 9', '9', 7.73, NULL, NULL),
(2062, '12019', 'GD', 10117142, '12A1', '9', '9, 7', '9, 10', '6', 7.36, NULL, NULL),
(2063, '12019', 'GD', 10117410, '12A1', '6', '8, 6', '6, 7', '10', 6.91, NULL, NULL),
(2064, '12019', 'GD', 10117256, '12A1', '10', '9, 6', '7, 7', '10', 7.55, NULL, NULL),
(2065, '12019', 'GD', 10117025, '12A2', '10', '7, 8', '9, 6', '10', 7.73, NULL, NULL),
(2066, '12019', 'GD', 10117207, '12A2', '7', '6, 9', '10, 9', '7', 7.36, NULL, NULL),
(2067, '12019', 'GD', 10117248, '12A2', '9', '8, 9', '7, 10', '9', 7.91, NULL, NULL),
(2068, '12019', 'GD', 11217347, '12A2', '6', '10, 10', '7, 8', '9', 7.55, NULL, NULL),
(2069, '12019', 'GD', 10117193, '12A2', '7', '10, 10', '10, 9', '10', 8.64, NULL, NULL),
(2070, '12019', 'GD', 10117175, '12A2', '8', '10, 8', '9, 7', '10', 8, NULL, NULL),
(2071, '12019', 'GD', 10117020, '12A2', '9', '7, 7', '9, 6', '9', 7.27, NULL, NULL),
(2072, '12019', 'GD', 10117151, '12A2', '9', '6, 6', '8, 9', '7', 6.91, NULL, NULL),
(2073, '12019', 'GD', 10117181, '12A2', '8', '9, 6', '8, 8', '9', 7.45, NULL, NULL),
(2074, '12019', 'GD', 10117189, '12A2', '7', '6, 6', '8, 10', '9', 7.45, NULL, NULL),
(2075, '12019', 'GD', 10117161, '12A2', '7', '7, 7', '10, 6', '10', 7.55, NULL, NULL),
(2076, '12019', 'GD', 10117381, '12A2', '6', '6, 9', '7, 10', '8', 7.18, NULL, NULL),
(2077, '12019', 'GD', 10117254, '12A2', '6', '9, 6', '8, 9', '8', 7.18, NULL, NULL),
(2078, '12019', 'GD', 10117102, '12A2', '6', '6, 9', '9, 9', '6', 6.82, NULL, NULL),
(2079, '12019', 'GD', 10117398, '12A2', '10', '7, 8', '10, 9', '10', 8.45, NULL, NULL),
(2080, '12019', 'GD', 11217376, '12A3', '7', '8, 9', '10, 10', '7', 7.73, NULL, NULL),
(2081, '12019', 'GD', 10117037, '12A3', '6', '6, 9', '7, 9', '7', 6.73, NULL, NULL),
(2082, '12019', 'GD', 10117264, '12A3', '7', '7, 10', '6, 10', '9', 7.55, NULL, NULL),
(2083, '12019', 'GD', 10117145, '12A3', '8', '7, 10', '6, 9', '6', 6.64, NULL, NULL),
(2084, '12019', 'GD', 10117406, '12A3', '9', '10, 7', '8, 10', '8', 7.82, NULL, NULL),
(2085, '12019', 'GD', 10117383, '12A3', '9', '10, 6', '6, 6', '6', 6.09, NULL, NULL),
(2086, '12019', 'GD', 10117135, '12A3', '9', '10, 9', '6, 10', '6', 7.09, NULL, NULL),
(2087, '12019', 'GD', 10117086, '12A3', '10', '10, 7', '10, 6', '7', 7.27, NULL, NULL),
(2088, '12019', 'GD', 10117054, '12A3', '8', '7, 10', '6, 9', '7', 6.91, NULL, NULL),
(2089, '12019', 'GD', 10117150, '12A3', '8', '10, 9', '9, 10', '6', 7.55, NULL, NULL),
(2090, '12019', 'H', 10117367, '10A1', '8', '9, 10', '7, 6', '8', 7, NULL, NULL),
(2091, '12019', 'H', 10117173, '10A1', '8', '9, 6', '10, 6', '9', 7.45, NULL, NULL),
(2092, '12019', 'H', 10117155, '10A1', '8', '7, 10', '8, 8', '10', 7.91, NULL, NULL),
(2093, '12019', 'H', 10117214, '10A1', '6', '8, 10', '8, 7', '7', 6.82, NULL, NULL),
(2094, '12019', 'H', 10117159, '10A1', '10', '9, 6', '7, 6', '6', 6.27, NULL, NULL),
(2095, '12019', 'H', 10117224, '10A1', '9', '8, 8', '6, 6', '9', 6.91, NULL, NULL),
(2096, '12019', 'H', 10117160, '10A1', '8', '9, 10', '9, 9', '10', 8.45, NULL, NULL),
(2097, '12019', 'H', 10117211, '10A1', '10', '6, 6', '10, 6', '9', 7.36, NULL, NULL),
(2098, '12019', 'H', 10117414, '10A1', '8', '8, 9', '7, 6', '6', 6.27, NULL, NULL),
(2099, '12019', 'H', 10117378, '10A1', '8', '7, 8', '10, 7', '7', 7.09, NULL, NULL),
(2100, '12019', 'H', 10117121, '10A1', '10', '6, 7', '7, 9', '7', 6.91, NULL, NULL),
(2101, '12019', 'H', 10117230, '10A1', '8', '9, 7', '10, 7', '8', 7.45, NULL, NULL),
(2102, '12019', 'H', 10117154, '10A1', '7', '9, 9', '9, 7', '9', 7.64, NULL, NULL),
(2103, '12019', 'H', 10117394, '10A1', '8', '6, 6', '7, 8', '7', 6.45, NULL, NULL),
(2104, '12019', 'H', 10117203, '10A1', '7', '7, 9', '9, 8', '10', 7.91, NULL, NULL),
(2105, '12019', 'H', 10117197, '10A2', '10', '10, 10', '9, 10', '8', 8.36, NULL, NULL),
(2106, '12019', 'H', 10117215, '10A2', '10', '10, 9', '10, 6', '10', 8.27, NULL, NULL),
(2107, '12019', 'H', 10117396, '10A2', '6', '9, 9', '9, 9', '7', 7.36, NULL, NULL),
(2108, '12019', 'H', 10117416, '10A2', '6', '6, 10', '8, 6', '8', 6.73, NULL, NULL),
(2109, '12019', 'H', 10117063, '10A2', '9', '10, 6', '7, 10', '8', 7.55, NULL, NULL),
(2110, '12019', 'H', 10117174, '10A2', '7', '7, 6', '9, 6', '8', 6.73, NULL, NULL),
(2111, '12019', 'H', 10117227, '10A2', '9', '8, 8', '8, 8', '6', 6.82, NULL, NULL),
(2112, '12019', 'H', 10117279, '10A2', '10', '6, 9', '6, 8', '8', 7, NULL, NULL),
(2113, '12019', 'H', 10117277, '10A2', '10', '6, 10', '9, 7', '7', 7.18, NULL, NULL),
(2114, '12019', 'H', 10117208, '10A2', '6', '9, 10', '8, 10', '6', 7.18, NULL, NULL),
(2115, '12019', 'H', 10117200, '10A2', '7', '10, 8', '6, 10', '9', 7.64, NULL, NULL),
(2116, '12019', 'H', 10117413, '10A2', '8', '7, 9', '9, 9', '8', 7.64, NULL, NULL),
(2117, '12019', 'H', 10117244, '10A2', '10', '10, 10', '7, 10', '10', 8.55, NULL, NULL),
(2118, '12019', 'H', 10117228, '10A2', '6', '8, 10', '7, 10', '9', 7.73, NULL, NULL),
(2119, '12019', 'H', 10117237, '10A2', '9', '9, 8', '9, 10', '6', 7.45, NULL, NULL),
(2120, '12019', 'H', 10117285, '10A3', '7', '9, 7', '6, 9', '7', 6.73, NULL, NULL),
(2121, '12019', 'H', 10117352, '10A3', '9', '8, 10', '7, 10', '7', 7.45, NULL, NULL),
(2122, '12019', 'H', 10117355, '10A3', '8', '6, 10', '6, 9', '10', 7.64, NULL, NULL),
(2123, '12019', 'H', 10117141, '10A3', '8', '8, 7', '8, 7', '9', 7.27, NULL, NULL),
(2124, '12019', 'H', 10117240, '10A3', '10', '8, 8', '10, 10', '9', 8.45, NULL, NULL),
(2125, '12019', 'H', 10117209, '10A3', '6', '6, 8', '9, 8', '9', 7.36, NULL, NULL),
(2126, '12019', 'H', 10117232, '10A3', '9', '7, 10', '10, 9', '9', 8.27, NULL, NULL),
(2127, '12019', 'H', 10117113, '10A3', '7', '6, 9', '6, 6', '7', 6.09, NULL, NULL),
(2128, '12019', 'H', 10117391, '10A3', '10', '6, 6', '10, 7', '6', 6.73, NULL, NULL),
(2129, '12019', 'H', 10117385, '10A3', '8', '7, 7', '7, 10', '7', 7, NULL, NULL),
(2130, '12019', 'H', 10117190, '10A3', '10', '6, 7', '9, 6', '9', 7.27, NULL, NULL),
(2131, '12019', 'H', 10117392, '10A3', '9', '6, 7', '6, 6', '7', 6.09, NULL, NULL),
(2132, '12019', 'H', 10117168, '10A3', '8', '6, 9', '6, 6', '6', 5.91, NULL, NULL),
(2133, '12019', 'H', 10117050, '10A3', '9', '10, 8', '9, 7', '8', 7.55, NULL, NULL),
(2134, '12019', 'H', 10117077, '10A4', '8', '6, 7', '9, 10', '6', 7, NULL, NULL),
(2135, '12019', 'H', 10117015, '10A4', '9', '6, 10', '6, 7', '8', 6.82, NULL, NULL),
(2136, '12019', 'H', 10117056, '10A4', '6', '9, 9', '10, 8', '10', 8.18, NULL, NULL),
(2137, '12019', 'H', 10116175, '10A4', '6', '6, 7', '8, 9', '6', 6.45, NULL, NULL),
(2138, '12019', 'H', 10117006, '10A4', '10', '10, 9', '6, 10', '9', 8, NULL, NULL),
(2139, '12019', 'H', 10117029, '10A4', '10', '7, 8', '6, 10', '7', 7.09, NULL, NULL),
(2140, '12019', 'H', 10117408, '10A4', '10', '7, 10', '10, 6', '7', 7.27, NULL, NULL),
(2141, '12019', 'H', 10117252, '10A4', '6', '8, 7', '8, 10', '6', 6.82, NULL, NULL),
(2142, '12019', 'H', 10117009, '10A4', '7', '8, 9', '9, 8', '6', 6.91, NULL, NULL),
(2143, '12019', 'H', 10117005, '10A4', '6', '8, 10', '7, 10', '9', 7.73, NULL, NULL),
(2144, '12019', 'H', 10616111, '10A4', '10', '8, 10', '9, 10', '7', 7.91, NULL, NULL),
(2145, '12019', 'H', 10116199, '10A4', '8', '9, 8', '10, 10', '10', 8.64, NULL, NULL),
(2146, '12019', 'H', 10117085, '10A4', '9', '9, 10', '10, 9', '7', 7.91, NULL, NULL),
(2147, '12019', 'H', 10116322, '10A4', '8', '7, 8', '9, 7', '8', 7.18, NULL, NULL),
(2148, '12019', 'H', 10117404, '10A4', '10', '10, 7', '10, 7', '9', 8, NULL, NULL),
(2149, '12019', 'H', 10117097, '10A5', '7', '7, 8', '9, 10', '8', 7.64, NULL, NULL),
(2150, '12019', 'H', 10117073, '10A5', '8', '7, 7', '8, 9', '6', 6.73, NULL, NULL),
(2151, '12019', 'H', 10117060, '10A5', '7', '7, 8', '8, 9', '9', 7.55, NULL, NULL),
(2152, '12019', 'H', 10117049, '10A5', '7', '9, 6', '7, 10', '7', 7, NULL, NULL),
(2153, '12019', 'H', 10117098, '10A5', '8', '7, 6', '7, 8', '10', 7.36, NULL, NULL),
(2154, '12019', 'H', 10117040, '10A5', '6', '10, 7', '7, 8', '10', 7.55, NULL, NULL),
(2155, '12019', 'H', 10117370, '10A5', '8', '7, 9', '10, 7', '6', 6.91, NULL, NULL),
(2156, '12019', 'H', 10117018, '10A5', '8', '7, 7', '8, 6', '10', 7.27, NULL, NULL),
(2157, '12019', 'H', 10117371, '10A5', '9', '8, 10', '7, 9', '6', 7, NULL, NULL),
(2158, '12019', 'H', 10117066, '10A5', '9', '10, 8', '7, 6', '6', 6.45, NULL, NULL),
(2159, '12019', 'H', 10117424, '10A5', '10', '6, 6', '10, 7', '7', 7, NULL, NULL),
(2160, '12019', 'H', 10117112, '10A5', '9', '7, 10', '7, 8', '7', 7, NULL, NULL),
(2161, '12019', 'H', 10117059, '10A5', '9', '9, 8', '6, 10', '8', 7.45, NULL, NULL),
(2162, '12019', 'H', 10117004, '10A5', '6', '10, 10', '9, 10', '6', 7.45, NULL, NULL),
(2163, '12019', 'H', 10117089, '10A5', '10', '6, 10', '10, 7', '8', 7.64, NULL, NULL),
(2164, '12019', 'H', 10117038, '11A1', '8', '7, 8', '6, 8', '10', 7.36, NULL, NULL),
(2165, '12019', 'H', 10117071, '11A1', '7', '7, 7', '9, 7', '9', 7.27, NULL, NULL),
(2166, '12019', 'H', 10117067, '11A1', '10', '8, 10', '10, 6', '7', 7.36, NULL, NULL),
(2167, '12019', 'H', 10117399, '11A1', '8', '8, 10', '6, 7', '7', 6.64, NULL, NULL),
(2168, '12019', 'H', 10117034, '11A1', '8', '9, 7', '9, 7', '9', 7.55, NULL, NULL),
(2169, '12019', 'H', 10117115, '11A1', '10', '6, 6', '6, 8', '8', 6.73, NULL, NULL),
(2170, '12019', 'H', 10117152, '11A1', '8', '10, 7', '8, 8', '6', 6.82, NULL, NULL),
(2171, '12019', 'H', 10117375, '11A1', '8', '9, 7', '6, 6', '7', 6.27, NULL, NULL),
(2172, '12019', 'H', 10117376, '11A1', '10', '8, 6', '9, 9', '9', 7.91, NULL, NULL),
(2173, '12019', 'H', 10117101, '11A1', '9', '10, 7', '9, 9', '6', 7.27, NULL, NULL),
(2174, '12019', 'H', 10117243, '11A1', '7', '6, 8', '6, 8', '9', 6.91, NULL, NULL),
(2175, '12019', 'H', 10116158, '11A1', '9', '8, 6', '9, 8', '10', 7.91, NULL, NULL),
(2176, '12019', 'H', 10117143, '11A1', '9', '10, 10', '9, 9', '10', 8.64, NULL, NULL),
(2177, '12019', 'H', 10117053, '11A1', '6', '7, 8', '7, 6', '10', 7, NULL, NULL),
(2178, '12019', 'H', 10117036, '11A1', '9', '7, 8', '6, 10', '6', 6.73, NULL, NULL),
(2179, '12019', 'H', 10117058, '11A2', '10', '7, 6', '6, 6', '6', 5.91, NULL, NULL),
(2180, '12019', 'H', 10117289, '11A2', '10', '6, 7', '7, 9', '10', 7.73, NULL, NULL),
(2181, '12019', 'H', 10117202, '11A2', '9', '10, 9', '9, 10', '7', 7.91, NULL, NULL),
(2182, '12019', 'H', 10117074, '11A2', '9', '7, 10', '7, 7', '6', 6.55, NULL, NULL),
(2183, '12019', 'H', 10117276, '11A2', '10', '7, 10', '9, 10', '7', 7.82, NULL, NULL),
(2184, '12019', 'H', 10117185, '11A2', '9', '9, 7', '6, 7', '9', 7.09, NULL, NULL),
(2185, '12019', 'H', 10117195, '11A2', '8', '8, 9', '9, 7', '7', 7.09, NULL, NULL),
(2186, '12019', 'H', 10117192, '11A2', '9', '9, 8', '9, 10', '7', 7.73, NULL, NULL),
(2187, '12019', 'H', 10117125, '11A2', '8', '10, 10', '9, 8', '7', 7.55, NULL, NULL),
(2188, '12019', 'H', 10117199, '11A2', '9', '7, 9', '9, 10', '8', 7.91, NULL, NULL),
(2189, '12019', 'H', 10117003, '11A2', '9', '8, 9', '6, 7', '10', 7.45, NULL, NULL),
(2190, '12019', 'H', 10117196, '11A2', '9', '7, 8', '10, 10', '6', 7.45, NULL, NULL),
(2191, '12019', 'H', 10117052, '11A2', '8', '9, 9', '9, 9', '8', 7.82, NULL, NULL),
(2192, '12019', 'H', 10117223, '11A2', '7', '9, 7', '9, 8', '8', 7.36, NULL, NULL),
(2193, '12019', 'H', 10117263, '11A2', '6', '6, 6', '10, 8', '6', 6.55, NULL, NULL),
(2194, '12019', 'H', 10117234, '11A3', '9', '7, 6', '8, 8', '9', 7.36, NULL, NULL),
(2195, '12019', 'H', 10117368, '11A3', '6', '6, 9', '6, 7', '8', 6.45, NULL, NULL),
(2196, '12019', 'H', 10117055, '11A3', '10', '8, 10', '10, 9', '10', 8.73, NULL, NULL),
(2197, '12019', 'H', 10117162, '11A3', '7', '7, 9', '9, 7', '7', 6.91, NULL, NULL),
(2198, '12019', 'H', 10117390, '11A3', '8', '8, 10', '9, 6', '7', 7, NULL, NULL),
(2199, '12019', 'H', 10117369, '11A3', '6', '7, 6', '10, 7', '6', 6.45, NULL, NULL),
(2200, '12019', 'H', 10117286, '11A3', '6', '8, 10', '8, 7', '8', 7.09, NULL, NULL),
(2201, '12019', 'H', 10117007, '11A3', '8', '10, 10', '8, 7', '6', 6.91, NULL, NULL),
(2202, '12019', 'H', 10117262, '11A3', '8', '8, 8', '8, 7', '9', 7.36, NULL, NULL),
(2203, '12019', 'H', 10117133, '11A3', '7', '8, 6', '8, 6', '6', 6.09, NULL, NULL),
(2204, '12019', 'H', 10117253, '11A3', '7', '10, 6', '7, 7', '8', 6.82, NULL, NULL),
(2205, '12019', 'H', 10117379, '11A3', '10', '8, 8', '9, 6', '10', 7.82, NULL, NULL),
(2206, '12019', 'H', 10117216, '11A3', '9', '7, 7', '10, 7', '10', 7.91, NULL, NULL),
(2207, '12019', 'H', 10117275, '11A3', '7', '10, 9', '7, 8', '9', 7.55, NULL, NULL),
(2208, '12019', 'H', 10117136, '11A3', '9', '6, 9', '10, 7', '8', 7.45, NULL, NULL),
(2209, '12019', 'H', 10117167, '11A4', '7', '7, 8', '7, 10', '7', 7, NULL, NULL),
(2210, '12019', 'H', 10117039, '11A4', '10', '9, 7', '7, 9', '7', 7.18, NULL, NULL),
(2211, '12019', 'H', 10117041, '11A4', '7', '9, 7', '7, 8', '8', 7, NULL, NULL),
(2212, '12019', 'H', 10117080, '11A4', '7', '6, 6', '8, 6', '8', 6.45, NULL, NULL),
(2213, '12019', 'H', 10116219, '11A4', '10', '8, 6', '8, 7', '7', 6.82, NULL, NULL),
(2214, '12019', 'H', 10117088, '11A4', '6', '9, 6', '6, 8', '7', 6.36, NULL, NULL),
(2215, '12019', 'H', 10117373, '11A4', '6', '6, 9', '6, 8', '10', 7.18, NULL, NULL),
(2216, '12019', 'H', 10117177, '11A4', '10', '10, 7', '7, 6', '6', 6.45, NULL, NULL),
(2217, '12019', 'H', 10117090, '11A4', '8', '6, 8', '10, 9', '7', 7.36, NULL, NULL),
(2218, '12019', 'H', 10117420, '11A4', '7', '6, 7', '6, 10', '6', 6.36, NULL, NULL),
(2219, '12019', 'H', 11417090, '11A4', '9', '10, 9', '9, 9', '9', 8.27, NULL, NULL),
(2220, '12019', 'H', 10117241, '11A4', '7', '9, 8', '8, 8', '10', 7.82, NULL, NULL),
(2221, '12019', 'H', 10117198, '11A4', '8', '8, 6', '9, 10', '9', 7.91, NULL, NULL),
(2222, '12019', 'H', 10117238, '11A4', '7', '6, 9', '8, 8', '10', 7.64, NULL, NULL),
(2223, '12019', 'H', 10117118, '11A4', '8', '7, 10', '6, 10', '10', 7.91, NULL, NULL),
(2224, '12019', 'H', 10117225, '12A1', '6', '10, 10', '10, 7', '7', 7.36, NULL, NULL),
(2225, '12019', 'H', 10117139, '12A1', '7', '6, 6', '10, 6', '7', 6.55, NULL, NULL),
(2226, '12019', 'H', 10117082, '12A1', '6', '10, 7', '6, 10', '7', 6.91, NULL, NULL),
(2227, '12019', 'H', 10117070, '12A1', '10', '7, 10', '8, 10', '8', 7.91, NULL, NULL),
(2228, '12019', 'H', 10117166, '12A1', '6', '10, 7', '7, 7', '8', 6.82, NULL, NULL),
(2229, '12019', 'H', 10117163, '12A1', '7', '8, 10', '7, 8', '10', 7.73, NULL, NULL),
(2230, '12019', 'H', 10117178, '12A1', '7', '6, 6', '8, 10', '10', 7.73, NULL, NULL),
(2231, '12019', 'H', 10117022, '12A1', '9', '7, 6', '10, 10', '10', 8.36, NULL, NULL),
(2232, '12019', 'H', 10117095, '12A1', '6', '6, 6', '7, 7', '10', 6.91, NULL, NULL),
(2233, '12019', 'H', 10117282, '12A1', '6', '6, 9', '8, 6', '9', 6.91, NULL, NULL),
(2234, '12019', 'H', 10117179, '12A1', '9', '7, 6', '8, 8', '10', 7.64, NULL, NULL),
(2235, '12019', 'H', 10117247, '12A1', '10', '10, 6', '8, 7', '9', 7.55, NULL, NULL),
(2236, '12019', 'H', 10117142, '12A1', '7', '10, 7', '10, 8', '8', 7.64, NULL, NULL),
(2237, '12019', 'H', 10117410, '12A1', '6', '6, 6', '9, 7', '8', 6.73, NULL, NULL),
(2238, '12019', 'H', 10117256, '12A1', '9', '7, 10', '8, 10', '9', 8.09, NULL, NULL),
(2239, '12019', 'H', 10117025, '12A2', '7', '10, 10', '8, 7', '7', 7.09, NULL, NULL),
(2240, '12019', 'H', 10117207, '12A2', '10', '8, 9', '9, 8', '6', 7.18, NULL, NULL),
(2241, '12019', 'H', 10117248, '12A2', '6', '9, 10', '8, 10', '10', 8.27, NULL, NULL),
(2242, '12019', 'H', 11217347, '12A2', '6', '8, 9', '9, 7', '10', 7.73, NULL, NULL),
(2243, '12019', 'H', 10117193, '12A2', '8', '9, 6', '7, 7', '10', 7.36, NULL, NULL),
(2244, '12019', 'H', 10117175, '12A2', '6', '10, 6', '7, 7', '7', 6.45, NULL, NULL),
(2245, '12019', 'H', 10117020, '12A2', '6', '6, 6', '6, 8', '10', 6.91, NULL, NULL),
(2246, '12019', 'H', 10117151, '12A2', '9', '6, 10', '9, 7', '9', 7.64, NULL, NULL),
(2247, '12019', 'H', 10117181, '12A2', '10', '9, 8', '7, 8', '9', 7.64, NULL, NULL),
(2248, '12019', 'H', 10117189, '12A2', '7', '10, 7', '7, 10', '9', 7.73, NULL, NULL),
(2249, '12019', 'H', 10117161, '12A2', '8', '8, 9', '7, 8', '7', 6.91, NULL, NULL),
(2250, '12019', 'H', 10117381, '12A2', '8', '10, 8', '10, 7', '10', 8.18, NULL, NULL),
(2251, '12019', 'H', 10117254, '12A2', '9', '10, 6', '9, 8', '7', 7.27, NULL, NULL),
(2252, '12019', 'H', 10117102, '12A2', '9', '8, 6', '7, 9', '9', 7.45, NULL, NULL),
(2253, '12019', 'H', 10117398, '12A2', '10', '6, 10', '6, 7', '10', 7.45, NULL, NULL),
(2254, '12019', 'H', 11217376, '12A3', '9', '10, 6', '9, 10', '7', 7.64, NULL, NULL),
(2255, '12019', 'H', 10117037, '12A3', '10', '10, 10', '8, 10', '8', 8.18, NULL, NULL),
(2256, '12019', 'H', 10117264, '12A3', '9', '8, 7', '9, 10', '10', 8.36, NULL, NULL),
(2257, '12019', 'H', 10117145, '12A3', '9', '8, 9', '9, 7', '10', 8, NULL, NULL),
(2258, '12019', 'H', 10117406, '12A3', '7', '6, 9', '8, 10', '7', 7.18, NULL, NULL),
(2259, '12019', 'H', 10117383, '12A3', '9', '9, 7', '6, 10', '10', 7.91, NULL, NULL),
(2260, '12019', 'H', 10117135, '12A3', '6', '9, 10', '8, 8', '8', 7.36, NULL, NULL),
(2261, '12019', 'H', 10117086, '12A3', '6', '10, 8', '7, 8', '7', 6.82, NULL, NULL),
(2262, '12019', 'H', 10117054, '12A3', '8', '7, 10', '7, 9', '8', 7.36, NULL, NULL),
(2263, '12019', 'H', 10117150, '12A3', '9', '9, 8', '7, 8', '8', 7.27, NULL, NULL),
(2264, '12019', 'S', 10117367, '10A1', '9', '9, 6', '8, 9', '10', 8, NULL, NULL),
(2265, '12019', 'S', 10117173, '10A1', '6', '10, 10', '10, 9', '6', 7.45, NULL, NULL),
(2266, '12019', 'S', 10117155, '10A1', '8', '7, 8', '7, 10', '9', 7.64, NULL, NULL),
(2267, '12019', 'S', 10117214, '10A1', '10', '9, 9', '9, 9', '6', 7.45, NULL, NULL),
(2268, '12019', 'S', 10117159, '10A1', '7', '6, 7', '10, 6', '7', 6.64, NULL, NULL),
(2269, '12019', 'S', 10117224, '10A1', '8', '7, 10', '9, 7', '9', 7.64, NULL, NULL),
(2270, '12019', 'S', 10117160, '10A1', '6', '6, 8', '10, 9', '6', 6.91, NULL, NULL),
(2271, '12019', 'S', 10117211, '10A1', '7', '10, 6', '10, 7', '10', 7.91, NULL, NULL),
(2272, '12019', 'S', 10117414, '10A1', '10', '6, 9', '7, 9', '6', 6.82, NULL, NULL),
(2273, '12019', 'S', 10117378, '10A1', '8', '9, 8', '6, 9', '6', 6.64, NULL, NULL),
(2274, '12019', 'S', 10117121, '10A1', '6', '10, 10', '10, 9', '6', 7.45, NULL, NULL),
(2275, '12019', 'S', 10117230, '10A1', '7', '9, 7', '6, 7', '9', 6.91, NULL, NULL),
(2276, '12019', 'S', 10117154, '10A1', '6', '10, 8', '6, 10', '6', 6.73, NULL, NULL),
(2277, '12019', 'S', 10117394, '10A1', '8', '7, 6', '9, 8', '6', 6.64, NULL, NULL),
(2278, '12019', 'S', 10117203, '10A1', '9', '10, 6', '9, 6', '8', 7.18, NULL, NULL),
(2279, '12019', 'S', 10117197, '10A2', '7', '9, 10', '6, 8', '10', 7.64, NULL, NULL),
(2280, '12019', 'S', 10117215, '10A2', '7', '10, 9', '6, 9', '10', 7.82, NULL, NULL),
(2281, '12019', 'S', 10117396, '10A2', '8', '7, 7', '10, 8', '9', 7.73, NULL, NULL),
(2282, '12019', 'S', 10117416, '10A2', '9', '9, 7', '10, 10', '6', 7.55, NULL, NULL),
(2283, '12019', 'S', 10117063, '10A2', '6', '6, 6', '9, 10', '8', 7.27, NULL, NULL),
(2284, '12019', 'S', 10117174, '10A2', '10', '8, 7', '6, 7', '9', 7.09, NULL, NULL),
(2285, '12019', 'S', 10117227, '10A2', '6', '7, 10', '9, 10', '10', 8.27, NULL, NULL),
(2286, '12019', 'S', 10117279, '10A2', '10', '9, 7', '8, 7', '10', 7.82, NULL, NULL),
(2287, '12019', 'S', 10117277, '10A2', '8', '9, 10', '9, 7', '10', 8.09, NULL, NULL),
(2288, '12019', 'S', 10117208, '10A2', '8', '7, 8', '8, 8', '6', 6.64, NULL, NULL),
(2289, '12019', 'S', 10117200, '10A2', '6', '9, 10', '8, 8', '6', 6.82, NULL, NULL),
(2290, '12019', 'S', 10117413, '10A2', '6', '7, 10', '10, 9', '6', 7.18, NULL, NULL),
(2291, '12019', 'S', 10117244, '10A2', '10', '7, 8', '7, 6', '7', 6.55, NULL, NULL),
(2292, '12019', 'S', 10117228, '10A2', '10', '7, 10', '7, 10', '10', 8.27, NULL, NULL),
(2293, '12019', 'S', 10117237, '10A2', '9', '9, 7', '6, 6', '8', 6.64, NULL, NULL),
(2294, '12019', 'S', 10117285, '10A3', '8', '9, 9', '9, 10', '8', 8, NULL, NULL),
(2295, '12019', 'S', 10117352, '10A3', '10', '9, 6', '8, 10', '6', 7.18, NULL, NULL),
(2296, '12019', 'S', 10117355, '10A3', '6', '6, 9', '9, 9', '7', 7.09, NULL, NULL),
(2297, '12019', 'S', 10117141, '10A3', '7', '6, 10', '9, 7', '8', 7.18, NULL, NULL),
(2298, '12019', 'S', 10117240, '10A3', '10', '10, 9', '6, 9', '6', 7, NULL, NULL),
(2299, '12019', 'S', 10117209, '10A3', '10', '9, 9', '8, 9', '9', 8.09, NULL, NULL),
(2300, '12019', 'S', 10117232, '10A3', '6', '8, 9', '7, 9', '10', 7.73, NULL, NULL),
(2301, '12019', 'S', 10117113, '10A3', '8', '10, 9', '6, 10', '9', 7.82, NULL, NULL),
(2302, '12019', 'S', 10117391, '10A3', '6', '8, 8', '6, 7', '7', 6.27, NULL, NULL),
(2303, '12019', 'S', 10117385, '10A3', '10', '8, 7', '9, 7', '10', 7.91, NULL, NULL),
(2304, '12019', 'S', 10117190, '10A3', '9', '6, 9', '8, 8', '10', 7.82, NULL, NULL),
(2305, '12019', 'S', 10117392, '10A3', '8', '10, 10', '10, 8', '7', 7.73, NULL, NULL),
(2306, '12019', 'S', 10117168, '10A3', '7', '7, 6', '9, 6', '10', 7.27, NULL, NULL),
(2307, '12019', 'S', 10117050, '10A3', '10', '10, 6', '9, 10', '8', 8, NULL, NULL),
(2308, '12019', 'S', 10117077, '10A4', '8', '8, 8', '8, 8', '7', 7, NULL, NULL),
(2309, '12019', 'S', 10117015, '10A4', '10', '6, 7', '8, 10', '6', 7, NULL, NULL),
(2310, '12019', 'S', 10117056, '10A4', '9', '9, 7', '6, 6', '7', 6.36, NULL, NULL),
(2311, '12019', 'S', 10116175, '10A4', '7', '6, 7', '7, 6', '8', 6.36, NULL, NULL),
(2312, '12019', 'S', 10117006, '10A4', '8', '6, 7', '6, 10', '7', 6.73, NULL, NULL),
(2313, '12019', 'S', 10117029, '10A4', '6', '8, 9', '9, 7', '9', 7.45, NULL, NULL),
(2314, '12019', 'S', 10117408, '10A4', '6', '6, 8', '9, 6', '6', 6.18, NULL, NULL),
(2315, '12019', 'S', 10117252, '10A4', '8', '10, 8', '7, 8', '9', 7.55, NULL, NULL),
(2316, '12019', 'S', 10117009, '10A4', '10', '6, 8', '10, 10', '6', 7.45, NULL, NULL),
(2317, '12019', 'S', 10117005, '10A4', '6', '8, 9', '9, 8', '9', 7.64, NULL, NULL),
(2318, '12019', 'S', 10616111, '10A4', '9', '7, 10', '10, 6', '6', 6.91, NULL, NULL),
(2319, '12019', 'S', 10116199, '10A4', '9', '6, 9', '9, 7', '10', 7.82, NULL, NULL),
(2320, '12019', 'S', 10117085, '10A4', '8', '8, 8', '7, 10', '8', 7.45, NULL, NULL),
(2321, '12019', 'S', 10116322, '10A4', '7', '9, 8', '9, 8', '6', 6.91, NULL, NULL),
(2322, '12019', 'S', 10117404, '10A4', '9', '6, 8', '10, 6', '7', 6.91, NULL, NULL),
(2323, '12019', 'S', 10117097, '10A5', '8', '8, 7', '9, 9', '7', 7.27, NULL, NULL),
(2324, '12019', 'S', 10117073, '10A5', '10', '7, 9', '7, 8', '9', 7.55, NULL, NULL),
(2325, '12019', 'S', 10117060, '10A5', '9', '8, 6', '6, 8', '9', 7.09, NULL, NULL),
(2326, '12019', 'S', 10117049, '10A5', '9', '7, 8', '6, 10', '7', 7, NULL, NULL),
(2327, '12019', 'S', 10117098, '10A5', '8', '10, 10', '10, 6', '8', 7.64, NULL, NULL),
(2328, '12019', 'S', 10117040, '10A5', '8', '10, 10', '6, 10', '6', 7.09, NULL, NULL),
(2329, '12019', 'S', 10117370, '10A5', '7', '9, 6', '9, 8', '7', 7, NULL, NULL),
(2330, '12019', 'S', 10117018, '10A5', '7', '6, 10', '10, 6', '9', 7.45, NULL, NULL),
(2331, '12019', 'S', 10117371, '10A5', '7', '10, 6', '7, 6', '8', 6.64, NULL, NULL),
(2332, '12019', 'S', 10117066, '10A5', '10', '9, 10', '9, 7', '7', 7.45, NULL, NULL),
(2333, '12019', 'S', 10117424, '10A5', '8', '7, 8', '7, 8', '10', 7.55, NULL, NULL),
(2334, '12019', 'S', 10117112, '10A5', '6', '8, 9', '7, 8', '9', 7.27, NULL, NULL),
(2335, '12019', 'S', 10117059, '10A5', '7', '8, 10', '8, 6', '7', 6.73, NULL, NULL),
(2336, '12019', 'S', 10117004, '10A5', '9', '7, 8', '9, 9', '8', 7.64, NULL, NULL),
(2337, '12019', 'S', 10117089, '10A5', '8', '9, 6', '10, 8', '9', 7.82, NULL, NULL),
(2338, '12019', 'S', 10117038, '11A1', '9', '6, 6', '10, 7', '6', 6.64, NULL, NULL),
(2339, '12019', 'S', 10117071, '11A1', '8', '9, 10', '6, 7', '10', 7.55, NULL, NULL),
(2340, '12019', 'S', 10117067, '11A1', '10', '6, 8', '10, 6', '8', 7.27, NULL, NULL),
(2341, '12019', 'S', 10117399, '11A1', '10', '8, 8', '6, 8', '8', 7.09, NULL, NULL),
(2342, '12019', 'S', 10117034, '11A1', '10', '7, 7', '10, 8', '10', 8.18, NULL, NULL),
(2343, '12019', 'S', 10117115, '11A1', '6', '7, 7', '8, 9', '6', 6.55, NULL, NULL),
(2344, '12019', 'S', 10117152, '11A1', '9', '9, 8', '7, 7', '10', 7.64, NULL, NULL),
(2345, '12019', 'S', 10117375, '11A1', '7', '9, 10', '7, 6', '9', 7.18, NULL, NULL),
(2346, '12019', 'S', 10117376, '11A1', '6', '7, 7', '9, 7', '6', 6.36, NULL, NULL),
(2347, '12019', 'S', 10117101, '11A1', '6', '7, 8', '9, 10', '9', 7.82, NULL, NULL),
(2348, '12019', 'S', 10117243, '11A1', '10', '6, 6', '6, 7', '9', 6.82, NULL, NULL),
(2349, '12019', 'S', 10116158, '11A1', '6', '6, 8', '7, 10', '6', 6.55, NULL, NULL),
(2350, '12019', 'S', 10117143, '11A1', '9', '8, 10', '6, 10', '8', 7.55, NULL, NULL),
(2351, '12019', 'S', 10117053, '11A1', '10', '7, 7', '10, 8', '9', 7.91, NULL, NULL),
(2352, '12019', 'S', 10117036, '11A1', '9', '6, 7', '9, 8', '9', 7.55, NULL, NULL),
(2353, '12019', 'S', 10117058, '11A2', '6', '8, 8', '8, 6', '6', 6.18, NULL, NULL),
(2354, '12019', 'S', 10117289, '11A2', '9', '10, 6', '7, 7', '6', 6.45, NULL, NULL),
(2355, '12019', 'S', 10117202, '11A2', '7', '8, 8', '7, 6', '7', 6.36, NULL, NULL),
(2356, '12019', 'S', 10117074, '11A2', '7', '9, 7', '9, 9', '8', 7.55, NULL, NULL),
(2357, '12019', 'S', 10117276, '11A2', '8', '10, 6', '9, 10', '10', 8.36, NULL, NULL),
(2358, '12019', 'S', 10117185, '11A2', '7', '9, 10', '9, 9', '10', 8.36, NULL, NULL),
(2359, '12019', 'S', 10117195, '11A2', '10', '9, 7', '9, 10', '10', 8.55, NULL, NULL),
(2360, '12019', 'S', 10117192, '11A2', '9', '10, 7', '9, 7', '6', 6.91, NULL, NULL),
(2361, '12019', 'S', 10117125, '11A2', '9', '8, 8', '8, 9', '10', 8.09, NULL, NULL),
(2362, '12019', 'S', 10117199, '11A2', '8', '9, 9', '9, 8', '9', 7.91, NULL, NULL),
(2363, '12019', 'S', 10117003, '11A2', '9', '9, 10', '7, 9', '8', 7.64, NULL, NULL),
(2364, '12019', 'S', 10117196, '11A2', '10', '10, 7', '8, 9', '7', 7.45, NULL, NULL),
(2365, '12019', 'S', 10117052, '11A2', '8', '9, 8', '10, 7', '7', 7.27, NULL, NULL),
(2366, '12019', 'S', 10117223, '11A2', '7', '7, 10', '9, 7', '9', 7.55, NULL, NULL),
(2367, '12019', 'S', 10117263, '11A2', '9', '6, 7', '6, 7', '7', 6.27, NULL, NULL),
(2368, '12019', 'S', 10117234, '11A3', '6', '6, 10', '7, 6', '8', 6.55, NULL, NULL),
(2369, '12019', 'S', 10117368, '11A3', '7', '9, 9', '6, 7', '8', 6.82, NULL, NULL),
(2370, '12019', 'S', 10117055, '11A3', '7', '10, 10', '9, 8', '6', 7.18, NULL, NULL),
(2371, '12019', 'S', 10117162, '11A3', '10', '8, 10', '7, 7', '8', 7.27, NULL, NULL),
(2372, '12019', 'S', 10117390, '11A3', '8', '8, 8', '7, 7', '6', 6.36, NULL, NULL),
(2373, '12019', 'S', 10117369, '11A3', '9', '7, 9', '9, 10', '7', 7.64, NULL, NULL),
(2374, '12019', 'S', 10117286, '11A3', '8', '7, 8', '8, 7', '7', 6.73, NULL, NULL),
(2375, '12019', 'S', 10117007, '11A3', '7', '9, 8', '6, 7', '6', 6.18, NULL, NULL),
(2376, '12019', 'S', 10117262, '11A3', '10', '8, 8', '9, 7', '7', 7.18, NULL, NULL),
(2377, '12019', 'S', 10117133, '11A3', '7', '9, 10', '8, 9', '8', 7.64, NULL, NULL),
(2378, '12019', 'S', 10117253, '11A3', '6', '8, 10', '9, 8', '8', 7.45, NULL, NULL),
(2379, '12019', 'S', 10117379, '11A3', '6', '9, 8', '9, 9', '9', 7.82, NULL, NULL),
(2380, '12019', 'S', 10117216, '11A3', '9', '6, 6', '7, 6', '7', 6.18, NULL, NULL),
(2381, '12019', 'S', 10117275, '11A3', '8', '10, 9', '10, 7', '9', 8, NULL, NULL),
(2382, '12019', 'S', 10117136, '11A3', '6', '8, 7', '8, 6', '6', 6.09, NULL, NULL),
(2383, '12019', 'S', 10117167, '11A4', '9', '9, 10', '8, 9', '6', 7.27, NULL, NULL),
(2384, '12019', 'S', 10117039, '11A4', '6', '6, 10', '10, 6', '7', 6.82, NULL, NULL),
(2385, '12019', 'S', 10117041, '11A4', '8', '8, 6', '10, 8', '9', 7.73, NULL, NULL),
(2386, '12019', 'S', 10117080, '11A4', '6', '8, 10', '8, 9', '8', 7.45, NULL, NULL),
(2387, '12019', 'S', 10116219, '11A4', '7', '8, 7', '9, 10', '9', 7.91, NULL, NULL),
(2388, '12019', 'S', 10117088, '11A4', '6', '8, 10', '8, 8', '10', 7.82, NULL, NULL),
(2389, '12019', 'S', 10117373, '11A4', '10', '6, 7', '7, 6', '7', 6.36, NULL, NULL),
(2390, '12019', 'S', 10117177, '11A4', '9', '9, 6', '7, 10', '10', 8, NULL, NULL),
(2391, '12019', 'S', 10117090, '11A4', '8', '7, 7', '9, 6', '6', 6.36, NULL, NULL),
(2392, '12019', 'S', 10117420, '11A4', '7', '9, 9', '9, 6', '9', 7.45, NULL, NULL),
(2393, '12019', 'S', 11417090, '11A4', '6', '8, 9', '10, 8', '9', 7.82, NULL, NULL),
(2394, '12019', 'S', 10117241, '11A4', '6', '10, 6', '6, 8', '9', 7, NULL, NULL),
(2395, '12019', 'S', 10117198, '11A4', '8', '9, 10', '10, 8', '10', 8.45, NULL, NULL),
(2396, '12019', 'S', 10117238, '11A4', '8', '9, 10', '10, 7', '7', 7.45, NULL, NULL),
(2397, '12019', 'S', 10117118, '11A4', '8', '9, 10', '7, 10', '8', 7.73, NULL, NULL),
(2398, '12019', 'S', 10117225, '12A1', '7', '9, 7', '9, 7', '7', 6.91, NULL, NULL),
(2399, '12019', 'S', 10117139, '12A1', '8', '7, 10', '7, 10', '9', 7.82, NULL, NULL),
(2400, '12019', 'S', 10117082, '12A1', '10', '7, 7', '9, 6', '6', 6.55, NULL, NULL),
(2401, '12019', 'S', 10117070, '12A1', '7', '8, 6', '8, 9', '8', 7.18, NULL, NULL),
(2402, '12019', 'S', 10117166, '12A1', '6', '8, 7', '6, 7', '7', 6.18, NULL, NULL);
INSERT INTO `diem` (`id`, `MaHocKy`, `MaMonHoc`, `MaHS`, `MaLopHoc`, `DiemMieng`, `Diem15Phut`, `Diem1Tiet`, `DiemHK`, `DiemTB`, `created_at`, `updated_at`) VALUES
(2403, '12019', 'S', 10117163, '12A1', '9', '9, 7', '8, 9', '7', 7.27, NULL, NULL),
(2404, '12019', 'S', 10117178, '12A1', '7', '10, 7', '6, 8', '7', 6.64, NULL, NULL),
(2405, '12019', 'S', 10117022, '12A1', '6', '9, 8', '6, 6', '7', 6.18, NULL, NULL),
(2406, '12019', 'S', 10117095, '12A1', '8', '7, 6', '10, 9', '6', 7, NULL, NULL),
(2407, '12019', 'S', 10117282, '12A1', '10', '6, 8', '6, 9', '8', 7.09, NULL, NULL),
(2408, '12019', 'S', 10117179, '12A1', '8', '8, 8', '7, 9', '8', 7.27, NULL, NULL),
(2409, '12019', 'S', 10117247, '12A1', '7', '6, 9', '7, 8', '10', 7.45, NULL, NULL),
(2410, '12019', 'S', 10117142, '12A1', '7', '7, 9', '7, 9', '9', 7.45, NULL, NULL),
(2411, '12019', 'S', 10117410, '12A1', '8', '6, 6', '8, 10', '9', 7.55, NULL, NULL),
(2412, '12019', 'S', 10117256, '12A1', '8', '7, 9', '9, 9', '6', 7.09, NULL, NULL),
(2413, '12019', 'S', 10117025, '12A2', '10', '10, 10', '7, 7', '10', 8, NULL, NULL),
(2414, '12019', 'S', 10117207, '12A2', '6', '9, 9', '8, 8', '10', 7.82, NULL, NULL),
(2415, '12019', 'S', 10117248, '12A2', '8', '10, 8', '9, 8', '9', 7.91, NULL, NULL),
(2416, '12019', 'S', 11217347, '12A2', '6', '9, 7', '10, 6', '7', 6.82, NULL, NULL),
(2417, '12019', 'S', 10117193, '12A2', '10', '6, 9', '7, 10', '6', 7, NULL, NULL),
(2418, '12019', 'S', 10117175, '12A2', '6', '10, 6', '10, 10', '9', 8.09, NULL, NULL),
(2419, '12019', 'S', 10117020, '12A2', '9', '8, 10', '8, 7', '7', 7.09, NULL, NULL),
(2420, '12019', 'S', 10117151, '12A2', '9', '7, 6', '8, 9', '10', 7.82, NULL, NULL),
(2421, '12019', 'S', 10117181, '12A2', '8', '8, 7', '8, 6', '9', 7.09, NULL, NULL),
(2422, '12019', 'S', 10117189, '12A2', '9', '6, 10', '8, 6', '6', 6.45, NULL, NULL),
(2423, '12019', 'S', 10117161, '12A2', '8', '6, 7', '9, 6', '8', 6.82, NULL, NULL),
(2424, '12019', 'S', 10117381, '12A2', '10', '10, 7', '6, 10', '10', 8.09, NULL, NULL),
(2425, '12019', 'S', 10117254, '12A2', '7', '6, 7', '6, 8', '9', 6.82, NULL, NULL),
(2426, '12019', 'S', 10117102, '12A2', '8', '10, 10', '6, 10', '8', 7.64, NULL, NULL),
(2427, '12019', 'S', 10117398, '12A2', '8', '8, 6', '10, 6', '7', 6.82, NULL, NULL),
(2428, '12019', 'S', 11217376, '12A3', '10', '8, 7', '7, 10', '9', 7.82, NULL, NULL),
(2429, '12019', 'S', 10117037, '12A3', '8', '9, 7', '10, 8', '9', 7.91, NULL, NULL),
(2430, '12019', 'S', 10117264, '12A3', '7', '9, 6', '7, 9', '8', 7.09, NULL, NULL),
(2431, '12019', 'S', 10117145, '12A3', '7', '6, 8', '6, 10', '6', 6.45, NULL, NULL),
(2432, '12019', 'S', 10117406, '12A3', '7', '7, 10', '8, 10', '9', 7.91, NULL, NULL),
(2433, '12019', 'S', 10117383, '12A3', '6', '8, 9', '7, 6', '9', 6.91, NULL, NULL),
(2434, '12019', 'S', 10117135, '12A3', '6', '6, 8', '10, 9', '8', 7.45, NULL, NULL),
(2435, '12019', 'S', 10117086, '12A3', '9', '7, 6', '10, 6', '10', 7.64, NULL, NULL),
(2436, '12019', 'S', 10117054, '12A3', '10', '7, 9', '8, 8', '6', 6.91, NULL, NULL),
(2437, '12019', 'S', 10117150, '12A3', '9', '6, 9', '8, 6', '8', 6.91, NULL, NULL),
(2438, '12019', 'Si', 10117367, '10A1', '9', '7, 6', '10, 9', '9', 7.91, NULL, NULL),
(2439, '12019', 'Si', 10117173, '10A1', '9', '6, 10', '8, 6', '10', 7.55, NULL, NULL),
(2440, '12019', 'Si', 10117155, '10A1', '10', '10, 9', '10, 9', '7', 8, NULL, NULL),
(2441, '12019', 'Si', 10117214, '10A1', '7', '10, 10', '8, 6', '8', 7.18, NULL, NULL),
(2442, '12019', 'Si', 10117159, '10A1', '10', '8, 10', '9, 7', '8', 7.64, NULL, NULL),
(2443, '12019', 'Si', 10117224, '10A1', '10', '9, 8', '9, 9', '10', 8.45, NULL, NULL),
(2444, '12019', 'Si', 10117160, '10A1', '7', '10, 7', '7, 6', '10', 7.27, NULL, NULL),
(2445, '12019', 'Si', 10117211, '10A1', '7', '6, 9', '8, 6', '7', 6.45, NULL, NULL),
(2446, '12019', 'Si', 10117414, '10A1', '9', '9, 9', '7, 6', '10', 7.55, NULL, NULL),
(2447, '12019', 'Si', 10117378, '10A1', '8', '6, 9', '7, 8', '9', 7.27, NULL, NULL),
(2448, '12019', 'Si', 10117121, '10A1', '7', '9, 9', '10, 9', '9', 8.18, NULL, NULL),
(2449, '12019', 'Si', 10117230, '10A1', '9', '6, 6', '8, 8', '7', 6.73, NULL, NULL),
(2450, '12019', 'Si', 10117154, '10A1', '10', '7, 8', '7, 10', '8', 7.55, NULL, NULL),
(2451, '12019', 'Si', 10117394, '10A1', '8', '6, 6', '10, 7', '7', 6.82, NULL, NULL),
(2452, '12019', 'Si', 10117203, '10A1', '8', '9, 9', '8, 10', '7', 7.55, NULL, NULL),
(2453, '12019', 'Si', 10117197, '10A2', '10', '8, 9', '8, 6', '9', 7.45, NULL, NULL),
(2454, '12019', 'Si', 10117215, '10A2', '8', '10, 7', '8, 10', '7', 7.45, NULL, NULL),
(2455, '12019', 'Si', 10117396, '10A2', '7', '9, 7', '6, 7', '6', 6.09, NULL, NULL),
(2456, '12019', 'Si', 10117416, '10A2', '9', '6, 9', '6, 7', '6', 6.18, NULL, NULL),
(2457, '12019', 'Si', 10117063, '10A2', '9', '8, 10', '10, 6', '8', 7.55, NULL, NULL),
(2458, '12019', 'Si', 10117174, '10A2', '10', '6, 7', '10, 9', '10', 8.27, NULL, NULL),
(2459, '12019', 'Si', 10117227, '10A2', '10', '6, 7', '6, 8', '7', 6.55, NULL, NULL),
(2460, '12019', 'Si', 10117279, '10A2', '7', '7, 10', '7, 10', '8', 7.45, NULL, NULL),
(2461, '12019', 'Si', 10117277, '10A2', '8', '6, 10', '8, 8', '9', 7.55, NULL, NULL),
(2462, '12019', 'Si', 10117208, '10A2', '6', '9, 10', '6, 10', '7', 7.09, NULL, NULL),
(2463, '12019', 'Si', 10117200, '10A2', '7', '10, 9', '6, 8', '10', 7.64, NULL, NULL),
(2464, '12019', 'Si', 10117413, '10A2', '10', '10, 10', '6, 7', '8', 7.27, NULL, NULL),
(2465, '12019', 'Si', 10117244, '10A2', '9', '6, 10', '7, 6', '6', 6.27, NULL, NULL),
(2466, '12019', 'Si', 10117228, '10A2', '6', '10, 8', '9, 10', '9', 8.09, NULL, NULL),
(2467, '12019', 'Si', 10117237, '10A2', '10', '10, 10', '8, 6', '8', 7.45, NULL, NULL),
(2468, '12019', 'Si', 10117285, '10A3', '6', '9, 6', '8, 8', '6', 6.45, NULL, NULL),
(2469, '12019', 'Si', 10117352, '10A3', '10', '8, 10', '8, 9', '7', 7.55, NULL, NULL),
(2470, '12019', 'Si', 10117355, '10A3', '9', '8, 10', '6, 8', '6', 6.64, NULL, NULL),
(2471, '12019', 'Si', 10117141, '10A3', '6', '8, 9', '6, 7', '9', 6.91, NULL, NULL),
(2472, '12019', 'Si', 10117240, '10A3', '7', '8, 6', '8, 7', '9', 7.09, NULL, NULL),
(2473, '12019', 'Si', 10117209, '10A3', '8', '10, 7', '10, 6', '8', 7.36, NULL, NULL),
(2474, '12019', 'Si', 10117232, '10A3', '7', '8, 10', '8, 9', '9', 7.82, NULL, NULL),
(2475, '12019', 'Si', 10117113, '10A3', '7', '9, 10', '7, 7', '10', 7.64, NULL, NULL),
(2476, '12019', 'Si', 10117391, '10A3', '8', '8, 10', '8, 10', '7', 7.55, NULL, NULL),
(2477, '12019', 'Si', 10117385, '10A3', '7', '10, 8', '7, 8', '7', 6.91, NULL, NULL),
(2478, '12019', 'Si', 10117190, '10A3', '10', '6, 10', '8, 6', '6', 6.55, NULL, NULL),
(2479, '12019', 'Si', 10117392, '10A3', '7', '8, 10', '10, 8', '7', 7.45, NULL, NULL),
(2480, '12019', 'Si', 10117168, '10A3', '7', '10, 10', '9, 6', '9', 7.64, NULL, NULL),
(2481, '12019', 'Si', 10117050, '10A3', '10', '6, 10', '9, 6', '7', 7, NULL, NULL),
(2482, '12019', 'Si', 10117077, '10A4', '7', '7, 7', '8, 8', '7', 6.73, NULL, NULL),
(2483, '12019', 'Si', 10117015, '10A4', '6', '8, 10', '6, 8', '10', 7.45, NULL, NULL),
(2484, '12019', 'Si', 10117056, '10A4', '10', '7, 10', '6, 8', '6', 6.64, NULL, NULL),
(2485, '12019', 'Si', 10116175, '10A4', '7', '7, 6', '7, 9', '6', 6.36, NULL, NULL),
(2486, '12019', 'Si', 10117006, '10A4', '9', '10, 10', '7, 7', '8', 7.36, NULL, NULL),
(2487, '12019', 'Si', 10117029, '10A4', '7', '7, 6', '7, 7', '8', 6.55, NULL, NULL),
(2488, '12019', 'Si', 10117408, '10A4', '8', '9, 6', '6, 9', '8', 7, NULL, NULL),
(2489, '12019', 'Si', 10117252, '10A4', '9', '8, 10', '9, 7', '9', 7.82, NULL, NULL),
(2490, '12019', 'Si', 10117009, '10A4', '9', '9, 7', '8, 7', '9', 7.45, NULL, NULL),
(2491, '12019', 'Si', 10117005, '10A4', '9', '6, 9', '6, 8', '8', 6.91, NULL, NULL),
(2492, '12019', 'Si', 10616111, '10A4', '9', '7, 7', '6, 9', '9', 7.27, NULL, NULL),
(2493, '12019', 'Si', 10116199, '10A4', '7', '9, 6', '10, 10', '8', 7.82, NULL, NULL),
(2494, '12019', 'Si', 10117085, '10A4', '8', '6, 10', '9, 7', '10', 7.82, NULL, NULL),
(2495, '12019', 'Si', 10116322, '10A4', '6', '9, 6', '10, 8', '7', 7.09, NULL, NULL),
(2496, '12019', 'Si', 10117404, '10A4', '7', '6, 8', '8, 7', '8', 6.82, NULL, NULL),
(2497, '12019', 'Si', 10117097, '10A5', '10', '8, 10', '7, 7', '6', 6.73, NULL, NULL),
(2498, '12019', 'Si', 10117073, '10A5', '6', '10, 8', '6, 7', '8', 6.73, NULL, NULL),
(2499, '12019', 'Si', 10117060, '10A5', '9', '9, 8', '8, 8', '7', 7.18, NULL, NULL),
(2500, '12019', 'Si', 10117049, '10A5', '7', '10, 7', '9, 9', '8', 7.64, NULL, NULL),
(2501, '12019', 'Si', 10117098, '10A5', '7', '6, 7', '10, 9', '8', 7.45, NULL, NULL),
(2502, '12019', 'Si', 10117040, '10A5', '9', '10, 8', '6, 10', '7', 7.27, NULL, NULL),
(2503, '12019', 'Si', 10117370, '10A5', '9', '10, 10', '8, 6', '8', 7.36, NULL, NULL),
(2504, '12019', 'Si', 10117018, '10A5', '8', '6, 6', '8, 10', '9', 7.55, NULL, NULL),
(2505, '12019', 'Si', 10117371, '10A5', '8', '7, 10', '9, 10', '9', 8.18, NULL, NULL),
(2506, '12019', 'Si', 10117066, '10A5', '7', '10, 7', '8, 6', '8', 6.91, NULL, NULL),
(2507, '12019', 'Si', 10117424, '10A5', '7', '7, 9', '8, 10', '9', 7.82, NULL, NULL),
(2508, '12019', 'Si', 10117112, '10A5', '6', '7, 9', '7, 9', '8', 7.09, NULL, NULL),
(2509, '12019', 'Si', 10117059, '10A5', '7', '9, 6', '7, 7', '7', 6.45, NULL, NULL),
(2510, '12019', 'Si', 10117004, '10A5', '7', '6, 7', '10, 9', '10', 8, NULL, NULL),
(2511, '12019', 'Si', 10117089, '10A5', '9', '7, 9', '10, 8', '10', 8.27, NULL, NULL),
(2512, '12019', 'Si', 10117038, '11A1', '6', '7, 6', '9, 6', '9', 6.91, NULL, NULL),
(2513, '12019', 'Si', 10117071, '11A1', '6', '6, 6', '8, 6', '8', 6.36, NULL, NULL),
(2514, '12019', 'Si', 10117067, '11A1', '10', '6, 8', '10, 7', '8', 7.45, NULL, NULL),
(2515, '12019', 'Si', 10117399, '11A1', '7', '10, 6', '10, 8', '7', 7.27, NULL, NULL),
(2516, '12019', 'Si', 10117034, '11A1', '8', '9, 8', '7, 9', '10', 7.91, NULL, NULL),
(2517, '12019', 'Si', 10117115, '11A1', '6', '6, 9', '10, 10', '10', 8.27, NULL, NULL),
(2518, '12019', 'Si', 10117152, '11A1', '8', '9, 7', '10, 8', '10', 8.18, NULL, NULL),
(2519, '12019', 'Si', 10117375, '11A1', '10', '6, 10', '7, 9', '10', 8, NULL, NULL),
(2520, '12019', 'Si', 10117376, '11A1', '10', '6, 10', '8, 9', '8', 7.64, NULL, NULL),
(2521, '12019', 'Si', 10117101, '11A1', '10', '7, 10', '8, 9', '6', 7.18, NULL, NULL),
(2522, '12019', 'Si', 10117243, '11A1', '10', '6, 7', '7, 9', '10', 7.73, NULL, NULL),
(2523, '12019', 'Si', 10116158, '11A1', '10', '10, 8', '7, 9', '8', 7.64, NULL, NULL),
(2524, '12019', 'Si', 10117143, '11A1', '10', '6, 9', '9, 10', '6', 7.36, NULL, NULL),
(2525, '12019', 'Si', 10117053, '11A1', '9', '7, 6', '6, 6', '9', 6.64, NULL, NULL),
(2526, '12019', 'Si', 10117036, '11A1', '10', '9, 7', '7, 9', '10', 8, NULL, NULL),
(2527, '12019', 'Si', 10117058, '11A2', '8', '7, 8', '10, 10', '8', 7.91, NULL, NULL),
(2528, '12019', 'Si', 10117289, '11A2', '6', '8, 8', '6, 6', '8', 6.36, NULL, NULL),
(2529, '12019', 'Si', 10117202, '11A2', '7', '9, 7', '7, 7', '10', 7.36, NULL, NULL),
(2530, '12019', 'Si', 10117074, '11A2', '9', '7, 9', '10, 6', '8', 7.36, NULL, NULL),
(2531, '12019', 'Si', 10117276, '11A2', '7', '7, 6', '9, 10', '10', 8, NULL, NULL),
(2532, '12019', 'Si', 10117185, '11A2', '6', '9, 9', '7, 6', '8', 6.73, NULL, NULL),
(2533, '12019', 'Si', 10117195, '11A2', '7', '9, 10', '9, 7', '7', 7.18, NULL, NULL),
(2534, '12019', 'Si', 10117192, '11A2', '6', '6, 6', '8, 10', '6', 6.55, NULL, NULL),
(2535, '12019', 'Si', 10117125, '11A2', '8', '6, 6', '7, 8', '7', 6.45, NULL, NULL),
(2536, '12019', 'Si', 10117199, '11A2', '6', '8, 7', '10, 9', '7', 7.27, NULL, NULL),
(2537, '12019', 'Si', 10117003, '11A2', '7', '6, 9', '8, 7', '7', 6.64, NULL, NULL),
(2538, '12019', 'Si', 10117196, '11A2', '9', '6, 7', '6, 7', '8', 6.55, NULL, NULL),
(2539, '12019', 'Si', 10117052, '11A2', '10', '10, 6', '10, 10', '7', 7.91, NULL, NULL),
(2540, '12019', 'Si', 10117223, '11A2', '9', '10, 6', '9, 9', '8', 7.73, NULL, NULL),
(2541, '12019', 'Si', 10117263, '11A2', '9', '6, 6', '6, 10', '6', 6.45, NULL, NULL),
(2542, '12019', 'Si', 10117234, '11A3', '9', '9, 10', '6, 9', '7', 7.18, NULL, NULL),
(2543, '12019', 'Si', 10117368, '11A3', '10', '6, 10', '10, 6', '10', 8, NULL, NULL),
(2544, '12019', 'Si', 10117055, '11A3', '8', '6, 7', '8, 6', '6', 6.09, NULL, NULL),
(2545, '12019', 'Si', 10117162, '11A3', '10', '10, 7', '6, 8', '10', 7.73, NULL, NULL),
(2546, '12019', 'Si', 10117390, '11A3', '8', '9, 9', '7, 10', '7', 7.36, NULL, NULL),
(2547, '12019', 'Si', 10117369, '11A3', '8', '8, 6', '6, 6', '8', 6.36, NULL, NULL),
(2548, '12019', 'Si', 10117286, '11A3', '10', '8, 10', '8, 9', '9', 8.09, NULL, NULL),
(2549, '12019', 'Si', 10117007, '11A3', '7', '7, 8', '9, 8', '6', 6.73, NULL, NULL),
(2550, '12019', 'Si', 10117262, '11A3', '7', '8, 8', '10, 9', '10', 8.27, NULL, NULL),
(2551, '12019', 'Si', 10117133, '11A3', '9', '8, 7', '10, 9', '10', 8.36, NULL, NULL),
(2552, '12019', 'Si', 10117253, '11A3', '7', '6, 9', '9, 8', '8', 7.27, NULL, NULL),
(2553, '12019', 'Si', 10117379, '11A3', '7', '10, 6', '9, 7', '10', 7.73, NULL, NULL),
(2554, '12019', 'Si', 10117216, '11A3', '6', '10, 10', '6, 8', '10', 7.64, NULL, NULL),
(2555, '12019', 'Si', 10117275, '11A3', '10', '10, 6', '9, 8', '9', 7.91, NULL, NULL),
(2556, '12019', 'Si', 10117136, '11A3', '6', '10, 7', '10, 7', '10', 7.91, NULL, NULL),
(2557, '12019', 'Si', 10117167, '11A4', '9', '10, 8', '8, 6', '6', 6.64, NULL, NULL),
(2558, '12019', 'Si', 10117039, '11A4', '10', '10, 8', '10, 10', '9', 8.64, NULL, NULL),
(2559, '12019', 'Si', 10117041, '11A4', '8', '6, 6', '9, 9', '8', 7.27, NULL, NULL),
(2560, '12019', 'Si', 10117080, '11A4', '10', '7, 8', '6, 9', '9', 7.45, NULL, NULL),
(2561, '12019', 'Si', 10116219, '11A4', '8', '10, 6', '10, 6', '10', 7.82, NULL, NULL),
(2562, '12019', 'Si', 10117088, '11A4', '9', '8, 8', '7, 9', '7', 7.09, NULL, NULL),
(2563, '12019', 'Si', 10117373, '11A4', '9', '9, 7', '7, 10', '7', 7.27, NULL, NULL),
(2564, '12019', 'Si', 10117177, '11A4', '8', '9, 6', '10, 7', '10', 7.91, NULL, NULL),
(2565, '12019', 'Si', 10117090, '11A4', '8', '7, 8', '7, 6', '8', 6.64, NULL, NULL),
(2566, '12019', 'Si', 10117420, '11A4', '6', '9, 10', '7, 10', '8', 7.55, NULL, NULL),
(2567, '12019', 'Si', 11417090, '11A4', '9', '7, 9', '7, 10', '7', 7.27, NULL, NULL),
(2568, '12019', 'Si', 10117241, '11A4', '7', '10, 9', '9, 9', '8', 7.82, NULL, NULL),
(2569, '12019', 'Si', 10117198, '11A4', '7', '10, 8', '8, 7', '7', 6.91, NULL, NULL),
(2570, '12019', 'Si', 10117238, '11A4', '7', '6, 7', '8, 7', '9', 7, NULL, NULL),
(2571, '12019', 'Si', 10117118, '11A4', '9', '7, 6', '8, 9', '10', 7.82, NULL, NULL),
(2572, '12019', 'Si', 10117225, '12A1', '7', '7, 6', '10, 6', '10', 7.45, NULL, NULL),
(2573, '12019', 'Si', 10117139, '12A1', '8', '8, 10', '6, 8', '7', 6.82, NULL, NULL),
(2574, '12019', 'Si', 10117082, '12A1', '10', '10, 8', '8, 9', '8', 7.82, NULL, NULL),
(2575, '12019', 'Si', 10117070, '12A1', '7', '8, 10', '9, 8', '10', 8.09, NULL, NULL),
(2576, '12019', 'Si', 10117166, '12A1', '6', '7, 9', '6, 9', '9', 7.18, NULL, NULL),
(2577, '12019', 'Si', 10117163, '12A1', '8', '8, 8', '10, 10', '10', 8.55, NULL, NULL),
(2578, '12019', 'Si', 10117178, '12A1', '9', '10, 9', '7, 6', '7', 6.82, NULL, NULL),
(2579, '12019', 'Si', 10117022, '12A1', '9', '8, 6', '8, 6', '8', 6.82, NULL, NULL),
(2580, '12019', 'Si', 10117095, '12A1', '6', '6, 7', '6, 8', '9', 6.73, NULL, NULL),
(2581, '12019', 'Si', 10117282, '12A1', '7', '10, 6', '7, 6', '6', 6.09, NULL, NULL),
(2582, '12019', 'Si', 10117179, '12A1', '6', '9, 8', '9, 10', '8', 7.73, NULL, NULL),
(2583, '12019', 'Si', 10117247, '12A1', '10', '6, 10', '9, 8', '6', 7.09, NULL, NULL),
(2584, '12019', 'Si', 10117142, '12A1', '9', '10, 6', '6, 8', '10', 7.55, NULL, NULL),
(2585, '12019', 'Si', 10117410, '12A1', '10', '9, 6', '7, 8', '10', 7.73, NULL, NULL),
(2586, '12019', 'Si', 10117256, '12A1', '10', '8, 8', '8, 8', '8', 7.45, NULL, NULL),
(2587, '12019', 'Si', 10117025, '12A2', '8', '9, 8', '7, 9', '8', 7.36, NULL, NULL),
(2588, '12019', 'Si', 10117207, '12A2', '10', '6, 8', '7, 8', '9', 7.36, NULL, NULL),
(2589, '12019', 'Si', 10117248, '12A2', '7', '6, 7', '9, 9', '8', 7.27, NULL, NULL),
(2590, '12019', 'Si', 11217347, '12A2', '8', '9, 6', '8, 6', '10', 7.36, NULL, NULL),
(2591, '12019', 'Si', 10117193, '12A2', '8', '8, 10', '6, 8', '6', 6.55, NULL, NULL),
(2592, '12019', 'Si', 10117175, '12A2', '7', '7, 8', '6, 8', '6', 6.18, NULL, NULL),
(2593, '12019', 'Si', 10117020, '12A2', '6', '7, 9', '9, 8', '10', 7.82, NULL, NULL),
(2594, '12019', 'Si', 10117151, '12A2', '10', '9, 6', '8, 10', '10', 8.27, NULL, NULL),
(2595, '12019', 'Si', 10117181, '12A2', '6', '8, 8', '7, 6', '6', 6, NULL, NULL),
(2596, '12019', 'Si', 10117189, '12A2', '7', '6, 6', '7, 6', '6', 5.73, NULL, NULL),
(2597, '12019', 'Si', 10117161, '12A2', '9', '8, 7', '9, 10', '10', 8.36, NULL, NULL),
(2598, '12019', 'Si', 10117381, '12A2', '6', '10, 7', '7, 9', '6', 6.64, NULL, NULL),
(2599, '12019', 'Si', 10117254, '12A2', '10', '7, 9', '10, 8', '9', 8.09, NULL, NULL),
(2600, '12019', 'Si', 10117102, '12A2', '7', '6, 9', '9, 7', '7', 6.82, NULL, NULL),
(2601, '12019', 'Si', 10117398, '12A2', '8', '10, 6', '8, 9', '9', 7.73, NULL, NULL),
(2602, '12019', 'Si', 11217376, '12A3', '8', '10, 10', '6, 10', '10', 8.18, NULL, NULL),
(2603, '12019', 'Si', 10117037, '12A3', '7', '9, 6', '9, 10', '8', 7.64, NULL, NULL),
(2604, '12019', 'Si', 10117264, '12A3', '9', '7, 7', '9, 8', '7', 7.09, NULL, NULL),
(2605, '12019', 'Si', 10117145, '12A3', '10', '7, 7', '7, 7', '10', 7.45, NULL, NULL),
(2606, '12019', 'Si', 10117406, '12A3', '8', '10, 7', '7, 6', '7', 6.55, NULL, NULL),
(2607, '12019', 'Si', 10117383, '12A3', '8', '10, 8', '7, 10', '7', 7.36, NULL, NULL),
(2608, '12019', 'Si', 10117135, '12A3', '9', '10, 6', '9, 10', '10', 8.45, NULL, NULL),
(2609, '12019', 'Si', 10117086, '12A3', '8', '7, 8', '10, 10', '10', 8.45, NULL, NULL),
(2610, '12019', 'Si', 10117054, '12A3', '7', '6, 10', '10, 10', '7', 7.64, NULL, NULL),
(2611, '12019', 'Si', 10117150, '12A3', '10', '10, 7', '9, 8', '7', 7.45, NULL, NULL),
(2612, '12019', 'T', 10117367, '10A1', '10', '6, 8', '10, 7', '10', 8, NULL, NULL),
(2613, '12019', 'T', 10117173, '10A1', '8', '9, 10', '7, 9', '7', 7.27, NULL, NULL),
(2614, '12019', 'T', 10117155, '10A1', '9', '10, 8', '6, 6', '8', 6.82, NULL, NULL),
(2615, '12019', 'T', 10117214, '10A1', '8', '10, 6', '8, 6', '6', 6.36, NULL, NULL),
(2616, '12019', 'T', 10117159, '10A1', '6', '7, 9', '10, 8', '10', 8, NULL, NULL),
(2617, '12019', 'T', 10117224, '10A1', '9', '9, 8', '10, 8', '6', 7.27, NULL, NULL),
(2618, '12019', 'T', 10117160, '10A1', '6', '9, 6', '9, 9', '10', 7.91, NULL, NULL),
(2619, '12019', 'T', 10117211, '10A1', '10', '8, 7', '7, 10', '10', 8.09, NULL, NULL),
(2620, '12019', 'T', 10117414, '10A1', '6', '9, 7', '8, 10', '9', 7.73, NULL, NULL),
(2621, '12019', 'T', 10117378, '10A1', '9', '9, 7', '7, 6', '6', 6.27, NULL, NULL),
(2622, '12019', 'T', 10117121, '10A1', '7', '9, 8', '6, 6', '6', 6, NULL, NULL),
(2623, '12019', 'T', 10117230, '10A1', '7', '9, 7', '10, 9', '8', 7.73, NULL, NULL),
(2624, '12019', 'T', 10117154, '10A1', '10', '8, 7', '6, 6', '8', 6.64, NULL, NULL),
(2625, '12019', 'T', 10117394, '10A1', '9', '7, 7', '6, 7', '8', 6.64, NULL, NULL),
(2626, '12019', 'T', 10117203, '10A1', '8', '8, 8', '6, 6', '10', 7.09, NULL, NULL),
(2627, '12019', 'T', 10117197, '10A2', '7', '6, 6', '10, 9', '8', 7.36, NULL, NULL),
(2628, '12019', 'T', 10117215, '10A2', '7', '6, 9', '6, 7', '7', 6.27, NULL, NULL),
(2629, '12019', 'T', 10117396, '10A2', '6', '6, 10', '10, 8', '10', 8, NULL, NULL),
(2630, '12019', 'T', 10117416, '10A2', '9', '8, 10', '10, 10', '10', 8.82, NULL, NULL),
(2631, '12019', 'T', 10117063, '10A2', '8', '7, 9', '8, 10', '8', 7.64, NULL, NULL),
(2632, '12019', 'T', 10117174, '10A2', '7', '7, 8', '10, 7', '8', 7.27, NULL, NULL),
(2633, '12019', 'T', 10117227, '10A2', '6', '10, 10', '7, 8', '7', 7, NULL, NULL),
(2634, '12019', 'T', 10117279, '10A2', '7', '9, 10', '10, 8', '6', 7.27, NULL, NULL),
(2635, '12019', 'T', 10117277, '10A2', '8', '8, 7', '6, 7', '8', 6.64, NULL, NULL),
(2636, '12019', 'T', 10117208, '10A2', '8', '8, 9', '10, 8', '10', 8.27, NULL, NULL),
(2637, '12019', 'T', 10117200, '10A2', '7', '6, 7', '7, 7', '8', 6.55, NULL, NULL),
(2638, '12019', 'T', 10117413, '10A2', '8', '9, 8', '9, 10', '7', 7.64, NULL, NULL),
(2639, '12019', 'T', 10117244, '10A2', '6', '9, 6', '8, 10', '10', 7.91, NULL, NULL),
(2640, '12019', 'T', 10117228, '10A2', '10', '6, 8', '8, 8', '9', 7.55, NULL, NULL),
(2641, '12019', 'T', 10117237, '10A2', '9', '8, 8', '10, 6', '9', 7.64, NULL, NULL),
(2642, '12019', 'T', 10117285, '10A3', '6', '9, 10', '7, 7', '7', 6.73, NULL, NULL),
(2643, '12019', 'T', 10117352, '10A3', '9', '10, 8', '7, 10', '6', 7.18, NULL, NULL),
(2644, '12019', 'T', 10117355, '10A3', '7', '8, 7', '8, 6', '7', 6.45, NULL, NULL),
(2645, '12019', 'T', 10117141, '10A3', '10', '8, 10', '7, 7', '9', 7.55, NULL, NULL),
(2646, '12019', 'T', 10117240, '10A3', '8', '9, 6', '9, 8', '9', 7.64, NULL, NULL),
(2647, '12019', 'T', 10117209, '10A3', '6', '9, 7', '7, 8', '10', 7.45, NULL, NULL),
(2648, '12019', 'T', 10117232, '10A3', '8', '6, 7', '8, 6', '7', 6.36, NULL, NULL),
(2649, '12019', 'T', 10117113, '10A3', '10', '6, 8', '7, 6', '6', 6.18, NULL, NULL),
(2650, '12019', 'T', 10117391, '10A3', '6', '8, 9', '10, 8', '6', 7, NULL, NULL),
(2651, '12019', 'T', 10117385, '10A3', '6', '10, 10', '6, 7', '9', 7.18, NULL, NULL),
(2652, '12019', 'T', 10117190, '10A3', '9', '7, 6', '10, 7', '10', 7.82, NULL, NULL),
(2653, '12019', 'T', 10117392, '10A3', '9', '9, 9', '7, 6', '7', 6.73, NULL, NULL),
(2654, '12019', 'T', 10117168, '10A3', '6', '8, 10', '7, 8', '7', 6.82, NULL, NULL),
(2655, '12019', 'T', 10117050, '10A3', '10', '6, 7', '10, 9', '10', 8.27, NULL, NULL),
(2656, '12019', 'T', 10117077, '10A4', '7', '8, 6', '6, 9', '10', 7.36, NULL, NULL),
(2657, '12019', 'T', 10117015, '10A4', '8', '10, 8', '7, 7', '6', 6.55, NULL, NULL),
(2658, '12019', 'T', 10117056, '10A4', '7', '6, 6', '8, 9', '6', 6.45, NULL, NULL),
(2659, '12019', 'T', 10116175, '10A4', '7', '8, 9', '8, 8', '10', 7.82, NULL, NULL),
(2660, '12019', 'T', 10117006, '10A4', '9', '10, 6', '6, 7', '9', 7.09, NULL, NULL),
(2661, '12019', 'T', 10117029, '10A4', '7', '9, 8', '6, 10', '7', 7, NULL, NULL),
(2662, '12019', 'T', 10117408, '10A4', '8', '7, 9', '6, 9', '6', 6.55, NULL, NULL),
(2663, '12019', 'T', 10117252, '10A4', '6', '7, 6', '9, 8', '9', 7.27, NULL, NULL),
(2664, '12019', 'T', 10117009, '10A4', '8', '6, 8', '10, 6', '8', 7.09, NULL, NULL),
(2665, '12019', 'T', 10117005, '10A4', '7', '9, 6', '8, 7', '8', 6.91, NULL, NULL),
(2666, '12019', 'T', 10616111, '10A4', '6', '9, 7', '8, 7', '9', 7.18, NULL, NULL),
(2667, '12019', 'T', 10116199, '10A4', '10', '10, 8', '9, 9', '8', 8, NULL, NULL),
(2668, '12019', 'T', 10117085, '10A4', '7', '9, 10', '9, 6', '10', 7.82, NULL, NULL),
(2669, '12019', 'T', 10116322, '10A4', '8', '10, 8', '10, 7', '10', 8.18, NULL, NULL),
(2670, '12019', 'T', 10117404, '10A4', '6', '10, 10', '6, 9', '8', 7.27, NULL, NULL),
(2671, '12019', 'T', 10117097, '10A5', '6', '9, 9', '8, 10', '9', 7.91, NULL, NULL),
(2672, '12019', 'T', 10117073, '10A5', '10', '9, 6', '6, 8', '8', 7, NULL, NULL),
(2673, '12019', 'T', 10117060, '10A5', '6', '6, 10', '10, 6', '7', 6.82, NULL, NULL),
(2674, '12019', 'T', 10117049, '10A5', '6', '9, 9', '10, 7', '10', 8, NULL, NULL),
(2675, '12019', 'T', 10117098, '10A5', '9', '10, 8', '7, 8', '7', 7.09, NULL, NULL),
(2676, '12019', 'T', 10117040, '10A5', '6', '7, 9', '7, 8', '7', 6.64, NULL, NULL),
(2677, '12019', 'T', 10117370, '10A5', '7', '10, 7', '10, 10', '6', 7.45, NULL, NULL),
(2678, '12019', 'T', 10117018, '10A5', '9', '6, 6', '7, 7', '7', 6.36, NULL, NULL),
(2679, '12019', 'T', 10117371, '10A5', '9', '8, 10', '6, 9', '7', 7.09, NULL, NULL),
(2680, '12019', 'T', 10117066, '10A5', '6', '7, 7', '6, 6', '7', 5.91, NULL, NULL),
(2681, '12019', 'T', 10117424, '10A5', '10', '9, 9', '7, 8', '7', 7.18, NULL, NULL),
(2682, '12019', 'T', 10117112, '10A5', '9', '6, 10', '8, 6', '8', 7, NULL, NULL),
(2683, '12019', 'T', 10117059, '10A5', '7', '8, 7', '7, 10', '10', 7.82, NULL, NULL),
(2684, '12019', 'T', 10117004, '10A5', '6', '9, 6', '6, 6', '8', 6.27, NULL, NULL),
(2685, '12019', 'T', 10117089, '10A5', '9', '10, 6', '7, 8', '9', 7.45, NULL, NULL),
(2686, '12019', 'T', 10117038, '11A1', '8', '6, 6', '9, 9', '8', 7.27, NULL, NULL),
(2687, '12019', 'T', 10117071, '11A1', '8', '10, 8', '7, 7', '8', 7.09, NULL, NULL),
(2688, '12019', 'T', 10117067, '11A1', '9', '7, 7', '10, 8', '8', 7.55, NULL, NULL),
(2689, '12019', 'T', 10117399, '11A1', '7', '10, 8', '10, 9', '7', 7.64, NULL, NULL),
(2690, '12019', 'T', 10117034, '11A1', '7', '9, 7', '8, 9', '7', 7.09, NULL, NULL),
(2691, '12019', 'T', 10117115, '11A1', '8', '6, 7', '9, 9', '8', 7.36, NULL, NULL),
(2692, '12019', 'T', 10117152, '11A1', '6', '10, 6', '8, 9', '6', 6.73, NULL, NULL),
(2693, '12019', 'T', 10117375, '11A1', '9', '6, 8', '7, 6', '9', 6.91, NULL, NULL),
(2694, '12019', 'T', 10117376, '11A1', '10', '10, 9', '7, 9', '9', 8, NULL, NULL),
(2695, '12019', 'T', 10117101, '11A1', '10', '8, 8', '10, 10', '10', 8.73, NULL, NULL),
(2696, '12019', 'T', 10117243, '11A1', '10', '8, 7', '10, 8', '10', 8.27, NULL, NULL),
(2697, '12019', 'T', 10116158, '11A1', '9', '6, 7', '10, 7', '6', 6.73, NULL, NULL),
(2698, '12019', 'T', 10117143, '11A1', '6', '6, 7', '6, 8', '8', 6.45, NULL, NULL),
(2699, '12019', 'T', 10117053, '11A1', '6', '9, 9', '8, 6', '8', 6.91, NULL, NULL),
(2700, '12019', 'T', 10117036, '11A1', '9', '10, 6', '8, 10', '9', 8, NULL, NULL),
(2701, '12019', 'T', 10117058, '11A2', '8', '6, 10', '8, 8', '9', 7.55, NULL, NULL),
(2702, '12019', 'T', 10117289, '11A2', '8', '8, 10', '8, 7', '6', 6.73, NULL, NULL),
(2703, '12019', 'T', 10117202, '11A2', '8', '9, 10', '7, 8', '8', 7.36, NULL, NULL),
(2704, '12019', 'T', 10117074, '11A2', '6', '7, 10', '6, 6', '8', 6.45, NULL, NULL),
(2705, '12019', 'T', 10117276, '11A2', '9', '6, 7', '7, 8', '6', 6.36, NULL, NULL),
(2706, '12019', 'T', 10117185, '11A2', '6', '8, 10', '9, 6', '10', 7.64, NULL, NULL),
(2707, '12019', 'T', 10117195, '11A2', '10', '6, 9', '9, 9', '8', 7.73, NULL, NULL),
(2708, '12019', 'T', 10117192, '11A2', '9', '9, 9', '9, 7', '9', 7.82, NULL, NULL),
(2709, '12019', 'T', 10117125, '11A2', '8', '7, 7', '8, 10', '7', 7.18, NULL, NULL),
(2710, '12019', 'T', 10117199, '11A2', '10', '10, 7', '7, 6', '9', 7.27, NULL, NULL),
(2711, '12019', 'T', 10117003, '11A2', '9', '9, 6', '7, 9', '7', 7, NULL, NULL),
(2712, '12019', 'T', 10117196, '11A2', '8', '10, 9', '8, 8', '8', 7.55, NULL, NULL),
(2713, '12019', 'T', 10117052, '11A2', '6', '8, 7', '8, 10', '7', 7.09, NULL, NULL),
(2714, '12019', 'T', 10117223, '11A2', '10', '6, 8', '7, 10', '10', 8, NULL, NULL),
(2715, '12019', 'T', 10117263, '11A2', '7', '8, 7', '10, 6', '7', 6.82, NULL, NULL),
(2716, '12019', 'T', 10117234, '11A3', '6', '9, 8', '9, 7', '7', 6.91, NULL, NULL),
(2717, '12019', 'T', 10117368, '11A3', '10', '8, 7', '7, 10', '8', 7.55, NULL, NULL),
(2718, '12019', 'T', 10117055, '11A3', '8', '10, 8', '6, 7', '7', 6.64, NULL, NULL),
(2719, '12019', 'T', 10117162, '11A3', '9', '7, 7', '8, 8', '10', 7.73, NULL, NULL),
(2720, '12019', 'T', 10117390, '11A3', '8', '10, 8', '9, 8', '6', 7.09, NULL, NULL),
(2721, '12019', 'T', 10117369, '11A3', '9', '10, 6', '6, 6', '7', 6.36, NULL, NULL),
(2722, '12019', 'T', 10117286, '11A3', '10', '8, 6', '10, 7', '6', 6.91, NULL, NULL),
(2723, '12019', 'T', 10117007, '11A3', '9', '9, 9', '10, 9', '7', 7.82, NULL, NULL),
(2724, '12019', 'T', 10117262, '11A3', '7', '9, 7', '6, 10', '6', 6.64, NULL, NULL),
(2725, '12019', 'T', 10117133, '11A3', '10', '7, 7', '6, 7', '7', 6.45, NULL, NULL),
(2726, '12019', 'T', 10117253, '11A3', '10', '10, 7', '9, 9', '6', 7.36, NULL, NULL),
(2727, '12019', 'T', 10117379, '11A3', '7', '7, 8', '9, 9', '7', 7.18, NULL, NULL),
(2728, '12019', 'T', 10117216, '11A3', '8', '9, 10', '10, 10', '10', 8.82, NULL, NULL),
(2729, '12019', 'T', 10117275, '11A3', '8', '10, 10', '10, 10', '7', 8.09, NULL, NULL),
(2730, '12019', 'T', 10117136, '11A3', '9', '7, 7', '7, 9', '7', 6.91, NULL, NULL),
(2731, '12019', 'T', 10117167, '11A4', '9', '7, 7', '9, 8', '9', 7.64, NULL, NULL),
(2732, '12019', 'T', 10117039, '11A4', '8', '10, 6', '10, 10', '10', 8.55, NULL, NULL),
(2733, '12019', 'T', 10117041, '11A4', '8', '9, 9', '6, 8', '9', 7.36, NULL, NULL),
(2734, '12019', 'T', 10117080, '11A4', '8', '9, 6', '6, 8', '6', 6.27, NULL, NULL),
(2735, '12019', 'T', 10116219, '11A4', '7', '8, 9', '6, 8', '6', 6.36, NULL, NULL),
(2736, '12019', 'T', 10117088, '11A4', '9', '7, 7', '8, 8', '10', 7.73, NULL, NULL),
(2737, '12019', 'T', 10117373, '11A4', '8', '7, 6', '10, 6', '6', 6.45, NULL, NULL),
(2738, '12019', 'T', 10117177, '11A4', '10', '9, 9', '6, 10', '9', 7.91, NULL, NULL),
(2739, '12019', 'T', 10117090, '11A4', '8', '6, 10', '8, 8', '9', 7.55, NULL, NULL),
(2740, '12019', 'T', 10117420, '11A4', '6', '6, 10', '9, 9', '8', 7.45, NULL, NULL),
(2741, '12019', 'T', 11417090, '11A4', '9', '10, 7', '6, 7', '9', 7.18, NULL, NULL),
(2742, '12019', 'T', 10117241, '11A4', '10', '6, 7', '9, 7', '6', 6.64, NULL, NULL),
(2743, '12019', 'T', 10117198, '11A4', '9', '7, 6', '7, 9', '9', 7.36, NULL, NULL),
(2744, '12019', 'T', 10117238, '11A4', '9', '6, 7', '8, 10', '7', 7.18, NULL, NULL),
(2745, '12019', 'T', 10117118, '11A4', '6', '10, 8', '10, 10', '10', 8.55, NULL, NULL),
(2746, '12019', 'T', 10117225, '12A1', '6', '6, 8', '9, 9', '9', 7.55, NULL, NULL),
(2747, '12019', 'T', 10117139, '12A1', '9', '8, 6', '10, 8', '9', 7.82, NULL, NULL),
(2748, '12019', 'T', 10117082, '12A1', '6', '8, 9', '9, 6', '8', 7, NULL, NULL),
(2749, '12019', 'T', 10117070, '12A1', '7', '10, 8', '9, 7', '10', 7.91, NULL, NULL),
(2750, '12019', 'T', 10117166, '12A1', '7', '10, 6', '10, 6', '7', 6.91, NULL, NULL),
(2751, '12019', 'T', 10117163, '12A1', '7', '8, 9', '7, 10', '9', 7.73, NULL, NULL),
(2752, '12019', 'T', 10117178, '12A1', '9', '10, 7', '7, 9', '8', 7.45, NULL, NULL),
(2753, '12019', 'T', 10117022, '12A1', '6', '7, 9', '8, 8', '8', 7.09, NULL, NULL),
(2754, '12019', 'T', 10117095, '12A1', '8', '10, 9', '8, 9', '9', 8, NULL, NULL),
(2755, '12019', 'T', 10117282, '12A1', '7', '10, 9', '8, 6', '9', 7.36, NULL, NULL),
(2756, '12019', 'T', 10117179, '12A1', '10', '8, 8', '7, 7', '7', 6.82, NULL, NULL),
(2757, '12019', 'T', 10117247, '12A1', '8', '8, 7', '10, 8', '8', 7.55, NULL, NULL),
(2758, '12019', 'T', 10117142, '12A1', '10', '7, 7', '10, 8', '8', 7.64, NULL, NULL),
(2759, '12019', 'T', 10117410, '12A1', '6', '10, 8', '9, 6', '8', 7.09, NULL, NULL),
(2760, '12019', 'T', 10117256, '12A1', '10', '9, 8', '6, 7', '6', 6.45, NULL, NULL),
(2761, '12019', 'T', 10117025, '12A2', '7', '9, 10', '7, 9', '9', 7.73, NULL, NULL),
(2762, '12019', 'T', 10117207, '12A2', '10', '7, 10', '8, 6', '6', 6.64, NULL, NULL),
(2763, '12019', 'T', 10117248, '12A2', '7', '8, 9', '7, 6', '8', 6.73, NULL, NULL),
(2764, '12019', 'T', 11217347, '12A2', '6', '8, 10', '10, 10', '9', 8.27, NULL, NULL),
(2765, '12019', 'T', 10117193, '12A2', '10', '10, 6', '6, 6', '8', 6.73, NULL, NULL),
(2766, '12019', 'T', 10117175, '12A2', '6', '6, 10', '6, 10', '7', 6.82, NULL, NULL),
(2767, '12019', 'T', 10117020, '12A2', '7', '8, 7', '9, 6', '7', 6.64, NULL, NULL),
(2768, '12019', 'T', 10117151, '12A2', '9', '8, 10', '7, 6', '9', 7.27, NULL, NULL),
(2769, '12019', 'T', 10117181, '12A2', '9', '7, 6', '8, 7', '8', 6.91, NULL, NULL),
(2770, '12019', 'T', 10117189, '12A2', '7', '7, 10', '8, 7', '6', 6.55, NULL, NULL),
(2771, '12019', 'T', 10117161, '12A2', '8', '6, 6', '10, 6', '10', 7.45, NULL, NULL),
(2772, '12019', 'T', 10117381, '12A2', '6', '10, 6', '10, 8', '6', 6.91, NULL, NULL),
(2773, '12019', 'T', 10117254, '12A2', '7', '7, 7', '8, 8', '7', 6.73, NULL, NULL),
(2774, '12019', 'T', 10117102, '12A2', '9', '7, 10', '6, 7', '6', 6.36, NULL, NULL),
(2775, '12019', 'T', 10117398, '12A2', '10', '10, 6', '8, 8', '9', 7.73, NULL, NULL),
(2776, '12019', 'T', 11217376, '12A3', '9', '7, 8', '8, 6', '7', 6.64, NULL, NULL),
(2777, '12019', 'T', 10117037, '12A3', '7', '8, 10', '7, 10', '10', 8.09, NULL, NULL),
(2778, '12019', 'T', 10117264, '12A3', '10', '7, 10', '8, 6', '9', 7.45, NULL, NULL),
(2779, '12019', 'T', 10117145, '12A3', '9', '8, 7', '10, 9', '6', 7.27, NULL, NULL),
(2780, '12019', 'T', 10117406, '12A3', '8', '9, 6', '6, 7', '8', 6.64, NULL, NULL),
(2781, '12019', 'T', 10117383, '12A3', '7', '6, 7', '7, 7', '10', 7.09, NULL, NULL),
(2782, '12019', 'T', 10117135, '12A3', '8', '8, 6', '9, 7', '8', 7.09, NULL, NULL),
(2783, '12019', 'T', 10117086, '12A3', '9', '10, 8', '10, 7', '6', 7.18, NULL, NULL),
(2784, '12019', 'T', 10117054, '12A3', '6', '10, 8', '7, 6', '6', 6.18, NULL, NULL),
(2785, '12019', 'T', 10117150, '12A3', '7', '8, 10', '7, 10', '7', 7.27, NULL, NULL),
(2786, '12019', 'Ti', 10117367, '10A1', '10', '7, 8', '10, 7', '9', 7.82, NULL, NULL),
(2787, '12019', 'Ti', 10117173, '10A1', '8', '8, 8', '7, 9', '6', 6.73, NULL, NULL),
(2788, '12019', 'Ti', 10117155, '10A1', '6', '7, 9', '8, 7', '10', 7.45, NULL, NULL),
(2789, '12019', 'Ti', 10117214, '10A1', '8', '6, 7', '6, 10', '8', 7, NULL, NULL),
(2790, '12019', 'Ti', 10117159, '10A1', '8', '9, 10', '8, 6', '8', 7.18, NULL, NULL),
(2791, '12019', 'Ti', 10117224, '10A1', '10', '9, 9', '8, 6', '7', 7, NULL, NULL),
(2792, '12019', 'Ti', 10117160, '10A1', '7', '6, 9', '7, 7', '8', 6.73, NULL, NULL),
(2793, '12019', 'Ti', 10117211, '10A1', '6', '6, 10', '9, 9', '9', 7.73, NULL, NULL),
(2794, '12019', 'Ti', 10117414, '10A1', '8', '8, 8', '9, 10', '10', 8.36, NULL, NULL),
(2795, '12019', 'Ti', 10117378, '10A1', '6', '9, 6', '9, 6', '10', 7.36, NULL, NULL),
(2796, '12019', 'Ti', 10117121, '10A1', '7', '6, 10', '10, 10', '8', 7.91, NULL, NULL),
(2797, '12019', 'Ti', 10117230, '10A1', '8', '7, 10', '10, 10', '6', 7.55, NULL, NULL),
(2798, '12019', 'Ti', 10117154, '10A1', '8', '6, 6', '9, 9', '9', 7.55, NULL, NULL),
(2799, '12019', 'Ti', 10117394, '10A1', '8', '8, 8', '6, 8', '9', 7.18, NULL, NULL),
(2800, '12019', 'Ti', 10117203, '10A1', '9', '8, 6', '8, 7', '8', 7, NULL, NULL),
(2801, '12019', 'Ti', 10117197, '10A2', '9', '7, 10', '9, 6', '9', 7.55, NULL, NULL),
(2802, '12019', 'Ti', 10117215, '10A2', '7', '6, 8', '9, 6', '7', 6.55, NULL, NULL),
(2803, '12019', 'Ti', 10117396, '10A2', '9', '7, 10', '9, 10', '9', 8.27, NULL, NULL),
(2804, '12019', 'Ti', 10117416, '10A2', '8', '6, 8', '9, 10', '7', 7.36, NULL, NULL),
(2805, '12019', 'Ti', 10117063, '10A2', '7', '10, 10', '6, 7', '7', 6.73, NULL, NULL),
(2806, '12019', 'Ti', 10117174, '10A2', '8', '10, 10', '7, 8', '8', 7.45, NULL, NULL),
(2807, '12019', 'Ti', 10117227, '10A2', '7', '6, 10', '7, 7', '9', 7.09, NULL, NULL),
(2808, '12019', 'Ti', 10117279, '10A2', '7', '9, 7', '6, 8', '10', 7.36, NULL, NULL),
(2809, '12019', 'Ti', 10117277, '10A2', '6', '7, 7', '6, 10', '9', 7.18, NULL, NULL),
(2810, '12019', 'Ti', 10117208, '10A2', '6', '9, 8', '6, 9', '7', 6.73, NULL, NULL),
(2811, '12019', 'Ti', 10117200, '10A2', '6', '6, 6', '6, 7', '6', 5.64, NULL, NULL),
(2812, '12019', 'Ti', 10117413, '10A2', '10', '10, 9', '9, 9', '7', 7.82, NULL, NULL),
(2813, '12019', 'Ti', 10117244, '10A2', '6', '6, 7', '7, 6', '10', 6.82, NULL, NULL),
(2814, '12019', 'Ti', 10117228, '10A2', '8', '7, 7', '8, 7', '7', 6.64, NULL, NULL),
(2815, '12019', 'Ti', 10117237, '10A2', '8', '9, 8', '6, 9', '7', 6.91, NULL, NULL),
(2816, '12019', 'Ti', 10117285, '10A3', '8', '7, 7', '7, 7', '6', 6.18, NULL, NULL),
(2817, '12019', 'Ti', 10117352, '10A3', '10', '10, 7', '8, 9', '6', 7.18, NULL, NULL),
(2818, '12019', 'Ti', 10117355, '10A3', '8', '7, 9', '10, 10', '8', 8, NULL, NULL),
(2819, '12019', 'Ti', 10117141, '10A3', '7', '9, 9', '8, 9', '6', 7, NULL, NULL),
(2820, '12019', 'Ti', 10117240, '10A3', '10', '9, 9', '8, 8', '7', 7.36, NULL, NULL),
(2821, '12019', 'Ti', 10117209, '10A3', '9', '10, 6', '10, 8', '8', 7.73, NULL, NULL),
(2822, '12019', 'Ti', 10117232, '10A3', '6', '8, 10', '7, 10', '6', 6.91, NULL, NULL),
(2823, '12019', 'Ti', 10117113, '10A3', '8', '10, 8', '10, 8', '7', 7.55, NULL, NULL),
(2824, '12019', 'Ti', 10117391, '10A3', '6', '7, 10', '7, 6', '10', 7.18, NULL, NULL),
(2825, '12019', 'Ti', 10117385, '10A3', '7', '8, 7', '8, 9', '10', 7.82, NULL, NULL),
(2826, '12019', 'Ti', 10117190, '10A3', '10', '9, 10', '6, 10', '6', 7.18, NULL, NULL),
(2827, '12019', 'Ti', 10117392, '10A3', '6', '8, 10', '6, 10', '8', 7.27, NULL, NULL),
(2828, '12019', 'Ti', 10117168, '10A3', '10', '9, 9', '8, 8', '9', 7.91, NULL, NULL),
(2829, '12019', 'Ti', 10117050, '10A3', '6', '9, 8', '10, 7', '9', 7.64, NULL, NULL),
(2830, '12019', 'Ti', 10117077, '10A4', '7', '9, 7', '10, 8', '6', 7, NULL, NULL),
(2831, '12019', 'Ti', 10117015, '10A4', '6', '6, 8', '7, 7', '10', 7.09, NULL, NULL),
(2832, '12019', 'Ti', 10117056, '10A4', '7', '9, 8', '7, 7', '10', 7.45, NULL, NULL),
(2833, '12019', 'Ti', 10116175, '10A4', '10', '6, 7', '9, 7', '9', 7.45, NULL, NULL),
(2834, '12019', 'Ti', 10117006, '10A4', '6', '10, 9', '8, 7', '8', 7.18, NULL, NULL),
(2835, '12019', 'Ti', 10117029, '10A4', '10', '7, 10', '10, 6', '9', 7.82, NULL, NULL),
(2836, '12019', 'Ti', 10117408, '10A4', '7', '7, 7', '10, 9', '7', 7.27, NULL, NULL),
(2837, '12019', 'Ti', 10117252, '10A4', '9', '6, 7', '10, 6', '8', 7.09, NULL, NULL),
(2838, '12019', 'Ti', 10117009, '10A4', '7', '7, 8', '9, 6', '7', 6.64, NULL, NULL),
(2839, '12019', 'Ti', 10117005, '10A4', '9', '7, 6', '10, 10', '6', 7.27, NULL, NULL),
(2840, '12019', 'Ti', 10616111, '10A4', '7', '9, 7', '10, 6', '6', 6.64, NULL, NULL),
(2841, '12019', 'Ti', 10116199, '10A4', '8', '7, 8', '8, 9', '10', 7.91, NULL, NULL),
(2842, '12019', 'Ti', 10117085, '10A4', '10', '9, 8', '8, 10', '10', 8.45, NULL, NULL),
(2843, '12019', 'Ti', 10116322, '10A4', '6', '8, 6', '10, 9', '7', 7.18, NULL, NULL),
(2844, '12019', 'Ti', 10117404, '10A4', '6', '6, 8', '8, 10', '8', 7.27, NULL, NULL),
(2845, '12019', 'Ti', 10117097, '10A5', '10', '6, 10', '8, 7', '6', 6.73, NULL, NULL),
(2846, '12019', 'Ti', 10117073, '10A5', '9', '9, 6', '9, 7', '10', 7.82, NULL, NULL),
(2847, '12019', 'Ti', 10117060, '10A5', '10', '7, 7', '6, 9', '7', 6.82, NULL, NULL),
(2848, '12019', 'Ti', 10117049, '10A5', '6', '8, 7', '10, 6', '9', 7.27, NULL, NULL),
(2849, '12019', 'Ti', 10117098, '10A5', '6', '6, 9', '9, 9', '9', 7.64, NULL, NULL),
(2850, '12019', 'Ti', 10117040, '10A5', '7', '6, 9', '9, 9', '6', 6.91, NULL, NULL),
(2851, '12019', 'Ti', 10117370, '10A5', '7', '8, 10', '10, 6', '7', 7.09, NULL, NULL),
(2852, '12019', 'Ti', 10117018, '10A5', '8', '9, 8', '8, 7', '10', 7.73, NULL, NULL),
(2853, '12019', 'Ti', 10117371, '10A5', '10', '6, 7', '9, 7', '8', 7.18, NULL, NULL),
(2854, '12019', 'Ti', 10117066, '10A5', '8', '9, 6', '9, 9', '6', 7, NULL, NULL),
(2855, '12019', 'Ti', 10117424, '10A5', '10', '6, 8', '8, 7', '7', 6.82, NULL, NULL),
(2856, '12019', 'Ti', 10117112, '10A5', '8', '6, 7', '10, 9', '9', 7.82, NULL, NULL),
(2857, '12019', 'Ti', 10117059, '10A5', '6', '10, 9', '6, 6', '8', 6.64, NULL, NULL),
(2858, '12019', 'Ti', 10117004, '10A5', '6', '9, 6', '9, 9', '7', 7.09, NULL, NULL),
(2859, '12019', 'Ti', 10117089, '10A5', '9', '6, 7', '10, 6', '10', 7.64, NULL, NULL),
(2860, '12019', 'Ti', 10117038, '11A1', '8', '10, 10', '8, 10', '8', 8, NULL, NULL),
(2861, '12019', 'Ti', 10117071, '11A1', '8', '8, 9', '7, 8', '10', 7.73, NULL, NULL),
(2862, '12019', 'Ti', 10117067, '11A1', '7', '8, 6', '7, 8', '8', 6.82, NULL, NULL),
(2863, '12019', 'Ti', 10117399, '11A1', '10', '9, 8', '7, 8', '9', 7.64, NULL, NULL),
(2864, '12019', 'Ti', 10117034, '11A1', '8', '7, 9', '10, 9', '10', 8.36, NULL, NULL),
(2865, '12019', 'Ti', 10117115, '11A1', '10', '7, 10', '10, 9', '10', 8.64, NULL, NULL),
(2866, '12019', 'Ti', 10117152, '11A1', '10', '8, 10', '9, 7', '8', 7.64, NULL, NULL),
(2867, '12019', 'Ti', 10117375, '11A1', '7', '7, 10', '8, 6', '7', 6.64, NULL, NULL),
(2868, '12019', 'Ti', 10117376, '11A1', '8', '10, 6', '9, 10', '10', 8.36, NULL, NULL),
(2869, '12019', 'Ti', 10117101, '11A1', '6', '7, 6', '8, 9', '9', 7.27, NULL, NULL),
(2870, '12019', 'Ti', 10117243, '11A1', '9', '10, 8', '8, 10', '6', 7.36, NULL, NULL),
(2871, '12019', 'Ti', 10116158, '11A1', '9', '8, 7', '10, 9', '7', 7.55, NULL, NULL),
(2872, '12019', 'Ti', 10117143, '11A1', '10', '9, 8', '9, 6', '10', 7.91, NULL, NULL),
(2873, '12019', 'Ti', 10117053, '11A1', '7', '9, 10', '7, 9', '7', 7.18, NULL, NULL),
(2874, '12019', 'Ti', 10117036, '11A1', '6', '6, 7', '6, 8', '7', 6.18, NULL, NULL),
(2875, '12019', 'Ti', 10117058, '11A2', '6', '7, 8', '8, 10', '6', 6.82, NULL, NULL),
(2876, '12019', 'Ti', 10117289, '11A2', '9', '10, 10', '8, 9', '8', 7.91, NULL, NULL),
(2877, '12019', 'Ti', 10117202, '11A2', '8', '7, 7', '9, 7', '6', 6.55, NULL, NULL),
(2878, '12019', 'Ti', 10117074, '11A2', '8', '6, 10', '7, 10', '7', 7.18, NULL, NULL),
(2879, '12019', 'Ti', 10117276, '11A2', '6', '6, 7', '7, 9', '10', 7.36, NULL, NULL),
(2880, '12019', 'Ti', 10117185, '11A2', '7', '7, 9', '7, 10', '10', 7.91, NULL, NULL),
(2881, '12019', 'Ti', 10117195, '11A2', '7', '7, 9', '7, 7', '7', 6.55, NULL, NULL),
(2882, '12019', 'Ti', 10117192, '11A2', '10', '6, 8', '8, 7', '9', 7.36, NULL, NULL),
(2883, '12019', 'Ti', 10117125, '11A2', '8', '8, 6', '8, 10', '9', 7.73, NULL, NULL),
(2884, '12019', 'Ti', 10117199, '11A2', '9', '6, 7', '10, 8', '9', 7.73, NULL, NULL),
(2885, '12019', 'Ti', 10117003, '11A2', '8', '7, 9', '7, 8', '6', 6.55, NULL, NULL),
(2886, '12019', 'Ti', 10117196, '11A2', '9', '6, 6', '7, 6', '10', 7, NULL, NULL),
(2887, '12019', 'Ti', 10117052, '11A2', '10', '10, 8', '9, 7', '10', 8.18, NULL, NULL),
(2888, '12019', 'Ti', 10117223, '11A2', '8', '7, 7', '6, 6', '6', 5.82, NULL, NULL),
(2889, '12019', 'Ti', 10117263, '11A2', '9', '7, 7', '7, 7', '7', 6.55, NULL, NULL),
(2890, '12019', 'Ti', 10117234, '11A3', '6', '8, 7', '9, 8', '6', 6.64, NULL, NULL),
(2891, '12019', 'Ti', 10117368, '11A3', '6', '10, 10', '10, 7', '9', 7.91, NULL, NULL),
(2892, '12019', 'Ti', 10117055, '11A3', '6', '10, 9', '7, 9', '6', 6.82, NULL, NULL),
(2893, '12019', 'Ti', 10117162, '11A3', '8', '8, 9', '9, 6', '10', 7.73, NULL, NULL),
(2894, '12019', 'Ti', 10117390, '11A3', '10', '6, 9', '7, 8', '10', 7.73, NULL, NULL),
(2895, '12019', 'Ti', 10117369, '11A3', '7', '8, 9', '10, 10', '10', 8.55, NULL, NULL),
(2896, '12019', 'Ti', 10117286, '11A3', '9', '7, 9', '10, 10', '6', 7.55, NULL, NULL),
(2897, '12019', 'Ti', 10117007, '11A3', '10', '10, 7', '9, 10', '6', 7.55, NULL, NULL),
(2898, '12019', 'Ti', 10117262, '11A3', '10', '10, 10', '10, 8', '6', 7.64, NULL, NULL),
(2899, '12019', 'Ti', 10117133, '11A3', '6', '9, 8', '10, 8', '6', 7, NULL, NULL),
(2900, '12019', 'Ti', 10117253, '11A3', '7', '10, 8', '9, 6', '6', 6.64, NULL, NULL),
(2901, '12019', 'Ti', 10117379, '11A3', '7', '7, 8', '7, 8', '10', 7.45, NULL, NULL),
(2902, '12019', 'Ti', 10117216, '11A3', '6', '6, 10', '6, 7', '9', 6.82, NULL, NULL),
(2903, '12019', 'Ti', 10117275, '11A3', '7', '8, 10', '9, 10', '7', 7.64, NULL, NULL),
(2904, '12019', 'Ti', 10117136, '11A3', '6', '7, 10', '6, 10', '7', 6.91, NULL, NULL),
(2905, '12019', 'Ti', 10117167, '11A4', '9', '9, 7', '6, 9', '7', 6.91, NULL, NULL),
(2906, '12019', 'Ti', 10117039, '11A4', '10', '6, 8', '8, 7', '8', 7.09, NULL, NULL),
(2907, '12019', 'Ti', 10117041, '11A4', '9', '6, 9', '10, 6', '9', 7.55, NULL, NULL),
(2908, '12019', 'Ti', 10117080, '11A4', '9', '7, 8', '8, 10', '9', 7.91, NULL, NULL),
(2909, '12019', 'Ti', 10116219, '11A4', '10', '9, 8', '7, 9', '7', 7.27, NULL, NULL),
(2910, '12019', 'Ti', 10117088, '11A4', '10', '10, 9', '9, 9', '6', 7.55, NULL, NULL),
(2911, '12019', 'Ti', 10117373, '11A4', '7', '10, 6', '6, 7', '7', 6.36, NULL, NULL),
(2912, '12019', 'Ti', 10117177, '11A4', '6', '7, 7', '7, 6', '8', 6.36, NULL, NULL),
(2913, '12019', 'Ti', 10117090, '11A4', '10', '7, 6', '7, 8', '9', 7.27, NULL, NULL),
(2914, '12019', 'Ti', 10117420, '11A4', '9', '6, 8', '9, 7', '6', 6.64, NULL, NULL),
(2915, '12019', 'Ti', 11417090, '11A4', '6', '8, 8', '8, 6', '10', 7.27, NULL, NULL),
(2916, '12019', 'Ti', 10117241, '11A4', '6', '9, 6', '6, 8', '10', 7.18, NULL, NULL),
(2917, '12019', 'Ti', 10117198, '11A4', '6', '8, 7', '6, 7', '9', 6.73, NULL, NULL),
(2918, '12019', 'Ti', 10117238, '11A4', '9', '7, 8', '6, 6', '6', 6, NULL, NULL),
(2919, '12019', 'Ti', 10117118, '11A4', '10', '10, 10', '6, 8', '10', 8, NULL, NULL),
(2920, '12019', 'Ti', 10117225, '12A1', '7', '10, 9', '10, 6', '6', 6.91, NULL, NULL),
(2921, '12019', 'Ti', 10117139, '12A1', '7', '8, 10', '10, 6', '10', 7.91, NULL, NULL),
(2922, '12019', 'Ti', 10117082, '12A1', '10', '7, 8', '6, 6', '6', 6.09, NULL, NULL),
(2923, '12019', 'Ti', 10117070, '12A1', '10', '7, 8', '8, 6', '7', 6.73, NULL, NULL),
(2924, '12019', 'Ti', 10117166, '12A1', '8', '7, 9', '7, 10', '9', 7.73, NULL, NULL),
(2925, '12019', 'Ti', 10117163, '12A1', '8', '10, 7', '7, 6', '9', 7.09, NULL, NULL),
(2926, '12019', 'Ti', 10117178, '12A1', '7', '10, 9', '7, 8', '6', 6.73, NULL, NULL),
(2927, '12019', 'Ti', 10117022, '12A1', '6', '10, 9', '10, 8', '7', 7.45, NULL, NULL),
(2928, '12019', 'Ti', 10117095, '12A1', '9', '10, 9', '8, 8', '6', 7.09, NULL, NULL),
(2929, '12019', 'Ti', 10117282, '12A1', '6', '6, 8', '9, 8', '8', 7.09, NULL, NULL),
(2930, '12019', 'Ti', 10117179, '12A1', '9', '7, 8', '6, 8', '9', 7.18, NULL, NULL),
(2931, '12019', 'Ti', 10117247, '12A1', '8', '9, 7', '6, 8', '8', 6.91, NULL, NULL),
(2932, '12019', 'Ti', 10117142, '12A1', '6', '7, 9', '8, 8', '10', 7.64, NULL, NULL),
(2933, '12019', 'Ti', 10117410, '12A1', '6', '10, 8', '9, 8', '7', 7.18, NULL, NULL),
(2934, '12019', 'Ti', 10117256, '12A1', '7', '6, 6', '10, 9', '6', 6.82, NULL, NULL),
(2935, '12019', 'Ti', 10117025, '12A2', '8', '6, 10', '8, 6', '9', 7.18, NULL, NULL),
(2936, '12019', 'Ti', 10117207, '12A2', '6', '9, 8', '7, 6', '10', 7.18, NULL, NULL),
(2937, '12019', 'Ti', 10117248, '12A2', '7', '6, 6', '9, 10', '9', 7.64, NULL, NULL),
(2938, '12019', 'Ti', 11217347, '12A2', '9', '8, 8', '10, 6', '9', 7.64, NULL, NULL),
(2939, '12019', 'Ti', 10117193, '12A2', '6', '9, 10', '7, 9', '6', 6.82, NULL, NULL),
(2940, '12019', 'Ti', 10117175, '12A2', '9', '6, 9', '8, 10', '7', 7.36, NULL, NULL),
(2941, '12019', 'Ti', 10117020, '12A2', '8', '8, 9', '6, 10', '9', 7.64, NULL, NULL),
(2942, '12019', 'Ti', 10117151, '12A2', '7', '8, 6', '7, 9', '6', 6.45, NULL, NULL),
(2943, '12019', 'Ti', 10117181, '12A2', '10', '6, 9', '7, 6', '8', 6.82, NULL, NULL),
(2944, '12019', 'Ti', 10117189, '12A2', '7', '10, 10', '9, 7', '7', 7.27, NULL, NULL),
(2945, '12019', 'Ti', 10117161, '12A2', '8', '9, 9', '10, 9', '8', 8, NULL, NULL),
(2946, '12019', 'Ti', 10117381, '12A2', '10', '7, 10', '8, 8', '8', 7.55, NULL, NULL),
(2947, '12019', 'Ti', 10117254, '12A2', '7', '9, 9', '8, 7', '7', 6.91, NULL, NULL),
(2948, '12019', 'Ti', 10117102, '12A2', '9', '6, 7', '9, 6', '9', 7.18, NULL, NULL),
(2949, '12019', 'Ti', 10117398, '12A2', '7', '9, 9', '10, 9', '6', 7.36, NULL, NULL),
(2950, '12019', 'Ti', 11217376, '12A3', '6', '9, 9', '10, 9', '8', 7.82, NULL, NULL),
(2951, '12019', 'Ti', 10117037, '12A3', '9', '7, 10', '10, 6', '7', 7.18, NULL, NULL),
(2952, '12019', 'Ti', 10117264, '12A3', '9', '6, 8', '6, 8', '6', 6.27, NULL, NULL),
(2953, '12019', 'Ti', 10117145, '12A3', '10', '7, 10', '9, 6', '8', 7.36, NULL, NULL),
(2954, '12019', 'Ti', 10117406, '12A3', '10', '10, 9', '8, 6', '7', 7.09, NULL, NULL),
(2955, '12019', 'Ti', 10117383, '12A3', '6', '6, 6', '10, 7', '10', 7.45, NULL, NULL),
(2956, '12019', 'Ti', 10117135, '12A3', '9', '10, 10', '8, 9', '7', 7.64, NULL, NULL),
(2957, '12019', 'Ti', 10117086, '12A3', '7', '7, 10', '10, 8', '10', 8.18, NULL, NULL),
(2958, '12019', 'Ti', 10117054, '12A3', '6', '7, 6', '8, 6', '6', 5.91, NULL, NULL),
(2959, '12019', 'Ti', 10117150, '12A3', '9', '10, 9', '7, 6', '6', 6.55, NULL, NULL),
(2960, '12019', 'V', 10117367, '10A1', '6', '7, 7', '8, 10', '8', 7.27, NULL, NULL),
(2961, '12019', 'V', 10117173, '10A1', '8', '8, 9', '9, 9', '8', 7.73, NULL, NULL),
(2962, '12019', 'V', 10117155, '10A1', '8', '7, 6', '6, 7', '10', 7, NULL, NULL),
(2963, '12019', 'V', 10117214, '10A1', '8', '10, 8', '7, 8', '8', 7.27, NULL, NULL),
(2964, '12019', 'V', 10117159, '10A1', '10', '9, 8', '10, 9', '9', 8.36, NULL, NULL),
(2965, '12019', 'V', 10117224, '10A1', '6', '10, 10', '9, 10', '6', 7.45, NULL, NULL),
(2966, '12019', 'V', 10117160, '10A1', '6', '10, 9', '6, 6', '8', 6.64, NULL, NULL),
(2967, '12019', 'V', 10117211, '10A1', '9', '8, 6', '9, 6', '10', 7.55, NULL, NULL),
(2968, '12019', 'V', 10117414, '10A1', '8', '6, 7', '8, 8', '8', 7, NULL, NULL),
(2969, '12019', 'V', 10117378, '10A1', '7', '6, 8', '10, 10', '6', 7.18, NULL, NULL),
(2970, '12019', 'V', 10117121, '10A1', '6', '10, 6', '7, 8', '10', 7.45, NULL, NULL),
(2971, '12019', 'V', 10117230, '10A1', '7', '10, 8', '10, 7', '8', 7.55, NULL, NULL),
(2972, '12019', 'V', 10117154, '10A1', '10', '6, 6', '7, 6', '8', 6.55, NULL, NULL),
(2973, '12019', 'V', 10117394, '10A1', '7', '10, 10', '6, 6', '9', 7.09, NULL, NULL),
(2974, '12019', 'V', 10117203, '10A1', '8', '6, 6', '9, 9', '9', 7.55, NULL, NULL),
(2975, '12019', 'V', 10117197, '10A2', '7', '8, 7', '8, 8', '7', 6.82, NULL, NULL),
(2976, '12019', 'V', 10117215, '10A2', '7', '9, 8', '6, 7', '8', 6.73, NULL, NULL),
(2977, '12019', 'V', 10117396, '10A2', '8', '8, 6', '9, 7', '10', 7.64, NULL, NULL),
(2978, '12019', 'V', 10117416, '10A2', '10', '8, 6', '8, 6', '8', 6.91, NULL, NULL),
(2979, '12019', 'V', 10117063, '10A2', '6', '8, 8', '7, 8', '10', 7.45, NULL, NULL),
(2980, '12019', 'V', 10117174, '10A2', '8', '7, 7', '10, 8', '7', 7.18, NULL, NULL),
(2981, '12019', 'V', 10117227, '10A2', '8', '9, 7', '10, 6', '9', 7.55, NULL, NULL),
(2982, '12019', 'V', 10117279, '10A2', '9', '6, 8', '10, 6', '6', 6.64, NULL, NULL),
(2983, '12019', 'V', 10117277, '10A2', '7', '10, 6', '8, 7', '8', 7, NULL, NULL),
(2984, '12019', 'V', 10117208, '10A2', '6', '7, 7', '10, 7', '9', 7.36, NULL, NULL),
(2985, '12019', 'V', 10117200, '10A2', '10', '10, 8', '10, 9', '8', 8.18, NULL, NULL),
(2986, '12019', 'V', 10117413, '10A2', '8', '6, 9', '6, 9', '9', 7.27, NULL, NULL),
(2987, '12019', 'V', 10117244, '10A2', '10', '7, 7', '8, 6', '8', 6.91, NULL, NULL),
(2988, '12019', 'V', 10117228, '10A2', '7', '6, 9', '10, 8', '6', 6.91, NULL, NULL),
(2989, '12019', 'V', 10117237, '10A2', '8', '7, 6', '9, 10', '6', 7, NULL, NULL),
(2990, '12019', 'V', 10117285, '10A3', '10', '10, 6', '7, 9', '7', 7.18, NULL, NULL),
(2991, '12019', 'V', 10117352, '10A3', '10', '9, 10', '10, 9', '7', 8, NULL, NULL),
(2992, '12019', 'V', 10117355, '10A3', '9', '8, 8', '7, 7', '7', 6.73, NULL, NULL),
(2993, '12019', 'V', 10117141, '10A3', '8', '7, 7', '10, 9', '9', 7.91, NULL, NULL),
(2994, '12019', 'V', 10117240, '10A3', '9', '10, 7', '9, 9', '6', 7.27, NULL, NULL),
(2995, '12019', 'V', 10117209, '10A3', '10', '6, 7', '10, 9', '6', 7.18, NULL, NULL),
(2996, '12019', 'V', 10117232, '10A3', '10', '8, 9', '7, 9', '8', 7.55, NULL, NULL),
(2997, '12019', 'V', 10117113, '10A3', '8', '9, 9', '9, 6', '6', 6.73, NULL, NULL),
(2998, '12019', 'V', 10117391, '10A3', '8', '6, 10', '10, 6', '7', 7, NULL, NULL);
INSERT INTO `diem` (`id`, `MaHocKy`, `MaMonHoc`, `MaHS`, `MaLopHoc`, `DiemMieng`, `Diem15Phut`, `Diem1Tiet`, `DiemHK`, `DiemTB`, `created_at`, `updated_at`) VALUES
(2999, '12019', 'V', 10117385, '10A3', '10', '10, 6', '7, 8', '10', 7.82, NULL, NULL),
(3000, '12019', 'V', 10117190, '10A3', '8', '8, 8', '6, 6', '7', 6.27, NULL, NULL),
(3001, '12019', 'V', 10117392, '10A3', '7', '6, 7', '9, 7', '8', 6.91, NULL, NULL),
(3002, '12019', 'V', 10117168, '10A3', '10', '10, 10', '6, 10', '6', 7.27, NULL, NULL),
(3003, '12019', 'V', 10117050, '10A3', '9', '8, 8', '6, 8', '9', 7.27, NULL, NULL),
(3004, '12019', 'V', 10117077, '10A4', '9', '8, 6', '6, 7', '9', 6.91, NULL, NULL),
(3005, '12019', 'V', 10117015, '10A4', '9', '10, 8', '7, 8', '10', 7.91, NULL, NULL),
(3006, '12019', 'V', 10117056, '10A4', '9', '7, 10', '9, 8', '8', 7.64, NULL, NULL),
(3007, '12019', 'V', 10116175, '10A4', '10', '6, 10', '8, 10', '6', 7.27, NULL, NULL),
(3008, '12019', 'V', 10117006, '10A4', '8', '6, 7', '6, 7', '7', 6.18, NULL, NULL),
(3009, '12019', 'V', 10117029, '10A4', '10', '9, 9', '6, 9', '6', 6.91, NULL, NULL),
(3010, '12019', 'V', 10117408, '10A4', '10', '7, 6', '8, 9', '10', 7.91, NULL, NULL),
(3011, '12019', 'V', 10117252, '10A4', '7', '6, 8', '9, 8', '8', 7.18, NULL, NULL),
(3012, '12019', 'V', 10117009, '10A4', '6', '8, 7', '10, 6', '10', 7.55, NULL, NULL),
(3013, '12019', 'V', 10117005, '10A4', '7', '7, 9', '6, 8', '7', 6.55, NULL, NULL),
(3014, '12019', 'V', 10616111, '10A4', '7', '6, 8', '7, 9', '7', 6.73, NULL, NULL),
(3015, '12019', 'V', 10116199, '10A4', '7', '9, 6', '8, 6', '8', 6.73, NULL, NULL),
(3016, '12019', 'V', 10117085, '10A4', '6', '7, 10', '10, 10', '9', 8.18, NULL, NULL),
(3017, '12019', 'V', 10116322, '10A4', '6', '7, 8', '9, 9', '7', 7.09, NULL, NULL),
(3018, '12019', 'V', 10117404, '10A4', '8', '9, 9', '10, 7', '7', 7.36, NULL, NULL),
(3019, '12019', 'V', 10117097, '10A5', '9', '9, 6', '8, 9', '9', 7.73, NULL, NULL),
(3020, '12019', 'V', 10117073, '10A5', '8', '8, 9', '10, 10', '7', 7.82, NULL, NULL),
(3021, '12019', 'V', 10117060, '10A5', '8', '9, 9', '6, 9', '10', 7.82, NULL, NULL),
(3022, '12019', 'V', 10117049, '10A5', '9', '8, 10', '8, 7', '10', 7.91, NULL, NULL),
(3023, '12019', 'V', 10117098, '10A5', '10', '8, 8', '7, 9', '8', 7.45, NULL, NULL),
(3024, '12019', 'V', 10117040, '10A5', '10', '8, 10', '10, 10', '9', 8.64, NULL, NULL),
(3025, '12019', 'V', 10117370, '10A5', '7', '6, 10', '7, 8', '9', 7.27, NULL, NULL),
(3026, '12019', 'V', 10117018, '10A5', '7', '10, 6', '10, 9', '6', 7.18, NULL, NULL),
(3027, '12019', 'V', 10117371, '10A5', '7', '7, 9', '10, 6', '10', 7.73, NULL, NULL),
(3028, '12019', 'V', 10117066, '10A5', '7', '6, 9', '6, 8', '6', 6.18, NULL, NULL),
(3029, '12019', 'V', 10117424, '10A5', '8', '9, 7', '6, 10', '10', 7.82, NULL, NULL),
(3030, '12019', 'V', 10117112, '10A5', '9', '10, 8', '7, 10', '9', 8, NULL, NULL),
(3031, '12019', 'V', 10117059, '10A5', '7', '6, 9', '6, 10', '6', 6.55, NULL, NULL),
(3032, '12019', 'V', 10117004, '10A5', '7', '10, 7', '8, 7', '8', 7.09, NULL, NULL),
(3033, '12019', 'V', 10117089, '10A5', '7', '9, 9', '9, 9', '9', 8, NULL, NULL),
(3034, '12019', 'V', 10117038, '11A1', '7', '10, 7', '10, 7', '8', 7.45, NULL, NULL),
(3035, '12019', 'V', 10117071, '11A1', '6', '10, 9', '10, 7', '7', 7.27, NULL, NULL),
(3036, '12019', 'V', 10117067, '11A1', '6', '9, 8', '9, 6', '8', 7, NULL, NULL),
(3037, '12019', 'V', 10117399, '11A1', '9', '8, 9', '10, 7', '10', 8.18, NULL, NULL),
(3038, '12019', 'V', 10117034, '11A1', '10', '9, 7', '7, 9', '6', 6.91, NULL, NULL),
(3039, '12019', 'V', 10117115, '11A1', '10', '7, 7', '7, 6', '10', 7.27, NULL, NULL),
(3040, '12019', 'V', 10117152, '11A1', '6', '7, 9', '8, 10', '6', 6.91, NULL, NULL),
(3041, '12019', 'V', 10117375, '11A1', '9', '8, 10', '8, 10', '10', 8.45, NULL, NULL),
(3042, '12019', 'V', 10117376, '11A1', '8', '10, 8', '9, 7', '9', 7.73, NULL, NULL),
(3043, '12019', 'V', 10117101, '11A1', '10', '9, 6', '6, 10', '10', 7.91, NULL, NULL),
(3044, '12019', 'V', 10117243, '11A1', '6', '6, 8', '9, 6', '7', 6.45, NULL, NULL),
(3045, '12019', 'V', 10116158, '11A1', '7', '6, 7', '9, 8', '9', 7.36, NULL, NULL),
(3046, '12019', 'V', 10117143, '11A1', '6', '9, 8', '10, 9', '7', 7.45, NULL, NULL),
(3047, '12019', 'V', 10117053, '11A1', '7', '7, 6', '6, 6', '7', 5.91, NULL, NULL),
(3048, '12019', 'V', 10117036, '11A1', '8', '7, 7', '6, 9', '9', 7.18, NULL, NULL),
(3049, '12019', 'V', 10117058, '11A2', '10', '9, 8', '8, 9', '9', 8, NULL, NULL),
(3050, '12019', 'V', 10117289, '11A2', '9', '7, 9', '10, 6', '10', 7.91, NULL, NULL),
(3051, '12019', 'V', 10117202, '11A2', '6', '8, 10', '10, 7', '7', 7.18, NULL, NULL),
(3052, '12019', 'V', 10117074, '11A2', '6', '6, 7', '6, 8', '6', 5.91, NULL, NULL),
(3053, '12019', 'V', 10117276, '11A2', '6', '6, 8', '6, 10', '10', 7.45, NULL, NULL),
(3054, '12019', 'V', 10117185, '11A2', '10', '10, 7', '8, 8', '7', 7.27, NULL, NULL),
(3055, '12019', 'V', 10117195, '11A2', '7', '8, 7', '6, 8', '7', 6.45, NULL, NULL),
(3056, '12019', 'V', 10117192, '11A2', '9', '10, 9', '10, 6', '10', 8.18, NULL, NULL),
(3057, '12019', 'V', 10117125, '11A2', '8', '7, 9', '8, 7', '9', 7.36, NULL, NULL),
(3058, '12019', 'V', 10117199, '11A2', '10', '7, 7', '10, 8', '9', 7.91, NULL, NULL),
(3059, '12019', 'V', 10117003, '11A2', '10', '6, 7', '8, 7', '10', 7.55, NULL, NULL),
(3060, '12019', 'V', 10117196, '11A2', '9', '6, 9', '8, 9', '6', 6.91, NULL, NULL),
(3061, '12019', 'V', 10117052, '11A2', '6', '6, 10', '6, 7', '9', 6.82, NULL, NULL),
(3062, '12019', 'V', 10117223, '11A2', '10', '9, 6', '6, 10', '9', 7.64, NULL, NULL),
(3063, '12019', 'V', 10117263, '11A2', '10', '10, 9', '9, 7', '7', 7.45, NULL, NULL),
(3064, '12019', 'V', 10117234, '11A3', '10', '9, 6', '10, 7', '6', 7, NULL, NULL),
(3065, '12019', 'V', 10117368, '11A3', '6', '6, 10', '6, 8', '7', 6.45, NULL, NULL),
(3066, '12019', 'V', 10117055, '11A3', '6', '8, 8', '8, 9', '9', 7.55, NULL, NULL),
(3067, '12019', 'V', 10117162, '11A3', '9', '9, 9', '8, 9', '7', 7.45, NULL, NULL),
(3068, '12019', 'V', 10117390, '11A3', '6', '9, 8', '6, 10', '8', 7.18, NULL, NULL),
(3069, '12019', 'V', 10117369, '11A3', '9', '8, 7', '7, 8', '8', 7.09, NULL, NULL),
(3070, '12019', 'V', 10117286, '11A3', '7', '8, 10', '6, 6', '6', 6.09, NULL, NULL),
(3071, '12019', 'V', 10117007, '11A3', '8', '8, 8', '10, 7', '10', 8, NULL, NULL),
(3072, '12019', 'V', 10117262, '11A3', '9', '7, 8', '10, 7', '7', 7.18, NULL, NULL),
(3073, '12019', 'V', 10117133, '11A3', '9', '7, 7', '7, 10', '10', 7.91, NULL, NULL),
(3074, '12019', 'V', 10117253, '11A3', '7', '10, 10', '9, 6', '10', 7.91, NULL, NULL),
(3075, '12019', 'V', 10117379, '11A3', '6', '9, 9', '9, 9', '8', 7.64, NULL, NULL),
(3076, '12019', 'V', 10117216, '11A3', '9', '9, 9', '6, 6', '6', 6.27, NULL, NULL),
(3077, '12019', 'V', 10117275, '11A3', '6', '10, 10', '7, 10', '6', 7.09, NULL, NULL),
(3078, '12019', 'V', 10117136, '11A3', '9', '9, 7', '9, 10', '8', 7.91, NULL, NULL),
(3079, '12019', 'V', 10117167, '11A4', '6', '7, 7', '7, 7', '7', 6.27, NULL, NULL),
(3080, '12019', 'V', 10117039, '11A4', '9', '7, 7', '10, 6', '7', 6.91, NULL, NULL),
(3081, '12019', 'V', 10117041, '11A4', '6', '10, 10', '6, 7', '8', 6.91, NULL, NULL),
(3082, '12019', 'V', 10117080, '11A4', '6', '6, 9', '7, 9', '10', 7.55, NULL, NULL),
(3083, '12019', 'V', 10116219, '11A4', '7', '9, 10', '8, 9', '10', 8.18, NULL, NULL),
(3084, '12019', 'V', 10117088, '11A4', '9', '10, 8', '7, 10', '7', 7.45, NULL, NULL),
(3085, '12019', 'V', 10117373, '11A4', '10', '9, 10', '6, 8', '7', 7.09, NULL, NULL),
(3086, '12019', 'V', 10117177, '11A4', '6', '6, 9', '7, 7', '6', 6.09, NULL, NULL),
(3087, '12019', 'V', 10117090, '11A4', '6', '7, 7', '8, 7', '6', 6.18, NULL, NULL),
(3088, '12019', 'V', 10117420, '11A4', '6', '10, 9', '7, 9', '7', 7.09, NULL, NULL),
(3089, '12019', 'V', 11417090, '11A4', '6', '10, 10', '7, 8', '7', 7, NULL, NULL),
(3090, '12019', 'V', 10117241, '11A4', '8', '10, 6', '8, 6', '7', 6.64, NULL, NULL),
(3091, '12019', 'V', 10117198, '11A4', '9', '8, 10', '6, 9', '7', 7.09, NULL, NULL),
(3092, '12019', 'V', 10117238, '11A4', '8', '8, 6', '8, 10', '9', 7.73, NULL, NULL),
(3093, '12019', 'V', 10117118, '11A4', '9', '9, 7', '6, 8', '10', 7.55, NULL, NULL),
(3094, '12019', 'V', 10117225, '12A1', '9', '10, 6', '7, 8', '7', 6.91, NULL, NULL),
(3095, '12019', 'V', 10117139, '12A1', '10', '7, 10', '8, 6', '10', 7.73, NULL, NULL),
(3096, '12019', 'V', 10117082, '12A1', '6', '9, 8', '8, 7', '6', 6.45, NULL, NULL),
(3097, '12019', 'V', 10117070, '12A1', '6', '10, 8', '7, 10', '10', 8, NULL, NULL),
(3098, '12019', 'V', 10117166, '12A1', '6', '10, 9', '8, 9', '7', 7.27, NULL, NULL),
(3099, '12019', 'V', 10117163, '12A1', '8', '9, 6', '8, 8', '10', 7.73, NULL, NULL),
(3100, '12019', 'V', 10117178, '12A1', '9', '7, 8', '7, 8', '7', 6.82, NULL, NULL),
(3101, '12019', 'V', 10117022, '12A1', '6', '7, 8', '7, 8', '10', 7.36, NULL, NULL),
(3102, '12019', 'V', 10117095, '12A1', '10', '6, 6', '7, 8', '7', 6.64, NULL, NULL),
(3103, '12019', 'V', 10117282, '12A1', '6', '8, 9', '8, 8', '10', 7.73, NULL, NULL),
(3104, '12019', 'V', 10117179, '12A1', '8', '10, 7', '10, 8', '7', 7.45, NULL, NULL),
(3105, '12019', 'V', 10117247, '12A1', '9', '7, 8', '6, 10', '8', 7.27, NULL, NULL),
(3106, '12019', 'V', 10117142, '12A1', '10', '7, 10', '7, 7', '9', 7.45, NULL, NULL),
(3107, '12019', 'V', 10117410, '12A1', '8', '6, 9', '8, 8', '7', 6.91, NULL, NULL),
(3108, '12019', 'V', 10117256, '12A1', '10', '8, 6', '8, 8', '6', 6.73, NULL, NULL),
(3109, '12019', 'V', 10117025, '12A2', '8', '6, 9', '8, 10', '9', 7.82, NULL, NULL),
(3110, '12019', 'V', 10117207, '12A2', '7', '7, 8', '9, 9', '7', 7.18, NULL, NULL),
(3111, '12019', 'V', 10117248, '12A2', '9', '9, 7', '8, 8', '9', 7.64, NULL, NULL),
(3112, '12019', 'V', 11217347, '12A2', '8', '9, 10', '10, 9', '7', 7.82, NULL, NULL),
(3113, '12019', 'V', 10117193, '12A2', '7', '8, 7', '6, 7', '10', 7.09, NULL, NULL),
(3114, '12019', 'V', 10117175, '12A2', '10', '8, 6', '8, 8', '9', 7.55, NULL, NULL),
(3115, '12019', 'V', 10117020, '12A2', '8', '6, 7', '6, 9', '7', 6.55, NULL, NULL),
(3116, '12019', 'V', 10117151, '12A2', '6', '6, 10', '9, 8', '9', 7.55, NULL, NULL),
(3117, '12019', 'V', 10117181, '12A2', '9', '7, 10', '8, 9', '8', 7.64, NULL, NULL),
(3118, '12019', 'V', 10117189, '12A2', '9', '10, 10', '7, 7', '6', 6.82, NULL, NULL),
(3119, '12019', 'V', 10117161, '12A2', '7', '9, 10', '9, 9', '8', 7.82, NULL, NULL),
(3120, '12019', 'V', 10117381, '12A2', '10', '6, 9', '6, 6', '7', 6.36, NULL, NULL),
(3121, '12019', 'V', 10117254, '12A2', '10', '10, 8', '7, 10', '9', 8.09, NULL, NULL),
(3122, '12019', 'V', 10117102, '12A2', '8', '7, 8', '6, 10', '7', 6.91, NULL, NULL),
(3123, '12019', 'V', 10117398, '12A2', '6', '10, 7', '9, 10', '10', 8.27, NULL, NULL),
(3124, '12019', 'V', 11217376, '12A3', '7', '8, 9', '7, 6', '10', 7.27, NULL, NULL),
(3125, '12019', 'V', 10117037, '12A3', '10', '10, 9', '8, 9', '10', 8.45, NULL, NULL),
(3126, '12019', 'V', 10117264, '12A3', '8', '10, 6', '9, 7', '9', 7.55, NULL, NULL),
(3127, '12019', 'V', 10117145, '12A3', '9', '6, 9', '9, 10', '8', 7.82, NULL, NULL),
(3128, '12019', 'V', 10117406, '12A3', '9', '10, 8', '7, 7', '6', 6.64, NULL, NULL),
(3129, '12019', 'V', 10117383, '12A3', '6', '6, 7', '8, 9', '9', 7.27, NULL, NULL),
(3130, '12019', 'V', 10117135, '12A3', '6', '8, 7', '7, 8', '8', 6.82, NULL, NULL),
(3131, '12019', 'V', 10117086, '12A3', '7', '7, 8', '10, 6', '7', 6.82, NULL, NULL),
(3132, '12019', 'V', 10117054, '12A3', '7', '6, 7', '8, 7', '10', 7.27, NULL, NULL),
(3133, '12019', 'V', 10117150, '12A3', '10', '7, 9', '10, 9', '7', 7.73, NULL, NULL),
(3134, '12019', 'A', 10117385, '12A3', '8, 9', '7, 7', '9, 8', '8', 7.8, '2020-07-01 20:45:00', '2020-07-01 20:45:00');

-- --------------------------------------------------------

--
-- Cấu trúc bảng cho bảng `diemdanh`
--

CREATE TABLE `diemdanh` (
  `MaDD` int(11) NOT NULL,
  `MaLopHoc` varchar(10) COLLATE utf8mb4_vietnamese_ci NOT NULL,
  `Magv` varchar(8) COLLATE utf8mb4_vietnamese_ci NOT NULL,
  `Buoi` varchar(4) COLLATE utf8mb4_vietnamese_ci NOT NULL,
  `NgayDD` date NOT NULL,
  `created_at` timestamp NULL DEFAULT NULL,
  `updated_at` timestamp NULL DEFAULT NULL
) ENGINE=InnoDB DEFAULT CHARSET=utf8mb4 COLLATE=utf8mb4_vietnamese_ci;

--
-- Đang đổ dữ liệu cho bảng `diemdanh`
--

INSERT INTO `diemdanh` (`MaDD`, `MaLopHoc`, `Magv`, `Buoi`, `NgayDD`, `created_at`, `updated_at`) VALUES
(5, '12A3', '123123', 'Sang', '2020-07-01', '2020-06-30 19:18:35', '2020-06-30 19:18:35'),
(10, '10A3', '123123', 'Sang', '2020-07-04', '2020-07-03 19:35:12', '2020-07-03 19:35:12');

-- --------------------------------------------------------

--
-- Cấu trúc bảng cho bảng `giaovien`
--

CREATE TABLE `giaovien` (
  `Magv` varchar(8) COLLATE utf8_vietnamese_ci NOT NULL,
  `MaMonHoc` varchar(5) COLLATE utf8_vietnamese_ci NOT NULL,
  `Tengv` varchar(50) COLLATE utf8_vietnamese_ci NOT NULL,
  `DiaChi` varchar(50) COLLATE utf8_vietnamese_ci NOT NULL,
  `SDT` varchar(11) COLLATE utf8_vietnamese_ci NOT NULL,
  `passwordgv` varchar(80) COLLATE utf8_vietnamese_ci NOT NULL,
  `created_at` timestamp NULL DEFAULT NULL,
  `updated_at` timestamp NULL DEFAULT NULL
) ENGINE=InnoDB DEFAULT CHARSET=utf8 COLLATE=utf8_vietnamese_ci;

--
-- Đang đổ dữ liệu cho bảng `giaovien`
--

INSERT INTO `giaovien` (`Magv`, `MaMonHoc`, `Tengv`, `DiaChi`, `SDT`, `passwordgv`, `created_at`, `updated_at`) VALUES
('1010', 'T', 'Lê Thị Ngọc Hoa', '285 Cao Lỗ Phường 4 Quận 8 Hồ Chí Minh       ', '01226156288', 'nhan', NULL, NULL),
('1012', 'A', 'Đinh Thị Ngoc Diệp', '123 Bis Phạm Hùng Quận 8 Hồ Chí Minh      ', '0190919008', '123456', NULL, NULL),
('123123', 'T', 'Nguyễn Văn An', 'Bắc Phú - Sóc Sơn - Hà Nội', '094512313', 'anvan1', '2020-06-21 08:18:30', '2020-06-28 00:30:27'),
('131313', 'Si', 'Lê Văn Cường', 'Bắc Phú - Sóc Sơn - Hà Nội', '0934534512', '123456789', '2020-05-26 07:37:38', '2020-06-28 00:30:56'),
('1501', 'S', 'Trần Thị Ngọc Sử', '125 Nguyễn Tri Phương Quận 10\r\n  ', '05167654156', '123456', NULL, NULL),
('6006', 'H', 'Tạ Minh Tâm', '84/2 Bình Hưng Hòa Bình Tân   ', '0846965632', '123456789', NULL, NULL);

-- --------------------------------------------------------

--
-- Cấu trúc bảng cho bảng `hocky`
--

CREATE TABLE `hocky` (
  `MaHocKy` varchar(5) COLLATE utf8_vietnamese_ci NOT NULL,
  `TenHocKy` varchar(20) COLLATE utf8_vietnamese_ci NOT NULL,
  `HeSoHK` int(1) NOT NULL,
  `NamHoc` char(10) COLLATE utf8_vietnamese_ci NOT NULL,
  `created_at` timestamp NULL DEFAULT NULL,
  `updated_at` timestamp NULL DEFAULT NULL
) ENGINE=InnoDB DEFAULT CHARSET=utf8 COLLATE=utf8_vietnamese_ci;

--
-- Đang đổ dữ liệu cho bảng `hocky`
--

INSERT INTO `hocky` (`MaHocKy`, `TenHocKy`, `HeSoHK`, `NamHoc`, `created_at`, `updated_at`) VALUES
('12017', 'Học Kỳ 1(2017)', 1, '2017-2018', NULL, NULL),
('12018', 'Học Kỳ 1(2018)', 1, '2018-2019', NULL, NULL),
('12019', 'Học Kỳ 1(2019)', 1, '2019-2020', NULL, NULL),
('22017', 'Học Kỳ 2(2017)', 2, '2017-2018', NULL, NULL),
('22018', 'Học Kỳ 2(2018)', 2, '2018-2019', NULL, NULL),
('22019', 'Học Kỳ 2(2019)', 2, '2019-2020', NULL, NULL);

-- --------------------------------------------------------

--
-- Cấu trúc bảng cho bảng `hocsinh`
--

CREATE TABLE `hocsinh` (
  `MaHS` int(8) NOT NULL,
  `MaLopHoc` varchar(10) COLLATE utf8_vietnamese_ci NOT NULL,
  `TenHS` varchar(50) COLLATE utf8_vietnamese_ci NOT NULL,
  `GioiTinh` varchar(5) COLLATE utf8_vietnamese_ci NOT NULL,
  `NgaySinh` date NOT NULL,
  `noisinh` varchar(50) COLLATE utf8_vietnamese_ci NOT NULL,
  `dantoc` varchar(10) COLLATE utf8_vietnamese_ci NOT NULL,
  `hotencha` varchar(50) COLLATE utf8_vietnamese_ci NOT NULL,
  `hotenme` varchar(50) COLLATE utf8_vietnamese_ci NOT NULL,
  `passwordhs` varchar(80) COLLATE utf8_vietnamese_ci NOT NULL,
  `created_at` timestamp NULL DEFAULT NULL,
  `updated_at` timestamp NULL DEFAULT NULL
) ENGINE=InnoDB DEFAULT CHARSET=utf8 COLLATE=utf8_vietnamese_ci;

--
-- Đang đổ dữ liệu cho bảng `hocsinh`
--

INSERT INTO `hocsinh` (`MaHS`, `MaLopHoc`, `TenHS`, `GioiTinh`, `NgaySinh`, `noisinh`, `dantoc`, `hotencha`, `hotenme`, `passwordhs`, `created_at`, `updated_at`) VALUES
(10116158, '11A1', 'Ngô Tuấn Anh', 'Nam', '1997-12-04', 'Ứng Hòa, Hà Nội', 'Kinh', 'Ngô Tuấn Thắng', 'Nguyễn Thị Huân', '$2y$10$fS6JISaFkVWN6W/SflzXS.T73AK5pMq/J6MuGZqJdyJIPquVfvuRm', NULL, '2020-07-20 01:12:05'),
(10116175, '10A4', 'Phạm Khắc Đại', 'Nam', '1998-04-18', 'TP. Hưng Yên, Hưng Yên', 'Kinh', 'Phạm Khắc Ánh', 'Phạm Thị Linh', '984162053', NULL, NULL),
(10116199, '10A4', 'Chu Văn Huy', 'Nam', '1998-02-10', 'Văn Giang, Hưng Yên', 'Kinh', 'Chu Văn Đạt', 'Nguyễn Thị Nguyên', '1674372663', NULL, NULL),
(10116219, '11A4', 'Đoàn Tràng Quyết', 'Nam', '1998-02-01', 'Khoái Châu, Hưng Yên', 'Kinh', 'Đoàn Tràng Tấn', 'Chu Thị Đăng', '1646610098', NULL, NULL),
(10116322, '10A4', 'Nguyễn Tiến Hưng', 'Nam', '1998-11-21', 'Kim Động, Hưng Yên', 'Kinh', 'Nguyễn Tiến Giang', 'Đào Thị Quỹ', '936881730', NULL, NULL),
(10117003, '11A2', 'Nguyễn Kiêm Hiếu', 'Nam', '2000-02-18', 'Khoái Châu, Hưng Yên', 'Kinh', 'Nguyễn Kiêm Đức', 'Lê Thị Nam', '963559069', NULL, NULL),
(10117004, '10A5', 'Lê Xuân Thắng', 'Nam', '2001-05-30', 'Văn Giang, Hưng Yên', 'Kinh', 'Lê Xuân Lộc', 'Đào Thị Bình', '971574029', NULL, NULL),
(10117005, '10A4', 'Nguyễn Đức Hiếu', 'Nam', '2001-05-16', 'Yên Mỹ, Hưng Yên', 'Kinh', 'Nguyễn Đức Cương', 'Lưu Thị Nam', '1682585866', NULL, NULL),
(10117006, '10A4', 'Nguyễn Hải Đăng', 'Nam', '2001-03-31', 'Văn Giang, Hưng Yên', 'Kinh', 'Nguyễn Hải Bằng', 'Trần Thị Thanh Linh', '1652340838', NULL, NULL),
(10117007, '11A3', 'Nguyễn Thị Hồng Lĩnh', 'Nữ', '2000-08-15', 'Văn Lâm, Hưng Yên', 'Kinh', 'Nguyễn Thị Hồng Khải', 'Chu Thị Trang', '979612031', NULL, NULL),
(10117009, '10A4', 'Nguyễn Văn Đức', 'Nam', '2001-08-01', 'TP. Hưng Yên, Hưng Yên', 'Kinh', 'Nguyễn Văn Chuyện', 'Nguyễn Thị Minh', '962282864', NULL, NULL),
(10117015, '10A4', 'Dương Văn Chung', 'Nam', '1998-09-22', 'Kim Động, Hưng Yên', 'Kinh', 'Dương Văn Anh', 'Đào Thị Khang', '921321937', NULL, NULL),
(10117018, '10A5', 'Lê Quang Minh', 'Nam', '2001-01-30', 'Khoái Châu, Hưng Yên', 'Kinh', 'Lê Quang Hưng', 'Vũ Thị Anh', '965413387', NULL, NULL),
(10117020, '12A2', 'Hoàng Công Mạnh', 'Nam', '1999-09-16', 'Thuận Thành, Bắc Ninh', 'Kinh', 'Hoàng Công Linh', 'Nguyễn Thị Nghĩa', '978015294', NULL, NULL),
(10117022, '12A1', 'Lê Văn Hải', 'Nam', '1999-12-08', 'Khoái Châu, Hưng Yên', 'Kinh', 'Lê Văn Đăng', 'Nguyễn Thị Minh', '1652773238', NULL, NULL),
(10117025, '12A2', 'Đặng Việt Hưng', 'Nam', '1999-07-11', 'TP. Hưng Yên, Hưng Yên', 'Kinh', 'Đặng Việt Huy', 'Phùng Thị Thái', '966348117', NULL, NULL),
(10117029, '10A4', 'Nguyễn Tiến Đạt', 'Nam', '2001-09-29', 'Yên Mỹ, Hưng Yên', 'Kinh', 'Nguyễn Tiến Bình', 'Nguyễn Thị Long', '1643938262', NULL, NULL),
(10117034, '11A1', 'Trương Công Tuyền', 'Nam', '2000-08-26', 'Yên Mỹ, Hưng Yên', 'Kinh', 'Trương Công Nam', 'Trần Thị Đạt', '1692899439', NULL, NULL),
(10117036, '11A1', 'Đỗ Hải Bằng', 'Nam', '2000-02-23', 'Tiên Lữ, Hưng Yên', 'Kinh', 'Đỗ Hải Toàn', 'Đào Thị Hưng', '1667998057', NULL, NULL),
(10117037, '12A3', 'Phạm Thế Thao', 'Nam', '1999-10-13', 'Yên Mỹ, Hưng Yên', 'Kinh', 'Phạm Thế Thắng', 'Nguyễn Thị Trang', '1642361071', NULL, NULL),
(10117038, '11A1', 'Vũ Quang Thái', 'Nam', '2000-11-12', 'TP. Sơn La, Sơn La', 'Kinh', 'Vũ Quang Lợi', 'Đào Thị Chuyện', '1299873121', NULL, NULL),
(10117039, '11A4', 'Nguyễn Tuấn Ngọc', 'Nam', '2000-04-28', 'Khoái Châu, Hưng Yên', 'Kinh', 'Nguyễn Tuấn Phong', 'Lê Thị Chung', '962608357', NULL, NULL),
(10117040, '10A5', 'Nguyễn Văn Long', 'Nam', '2001-02-01', 'Nghĩa Hưng, Nam Định', 'Kinh', 'Nguyễn Văn Hùng', 'Vũ Thị Tuyền', '947816387', NULL, NULL),
(10117041, '11A4', 'Đặng Lâm Phương', 'Nam', '2000-07-06', 'Quỳnh Nhai, Sơn La', 'Kinh', 'Đặng Lâm Quyền', 'Trần Thị Cơ', '964197486', NULL, NULL),
(10117049, '10A5', 'Phạm Thùy Linh', 'Nữ', '2001-07-11', 'Lý Nhân, Hà Nam', 'Kinh', 'Phạm Thùy Hoàng', 'Lê Thị Tuấn', '1638839075', NULL, NULL),
(10117050, '10A3', 'Đỗ Tuấn Anh', 'Nam', '2001-10-06', 'TP. Hưng Yên, Hưng Yên', 'Kinh', 'Đỗ Tuấn Anh', 'Đỗ Thị Hưng', '1667545312', NULL, NULL),
(10117052, '11A2', 'Đào Huy Hoàng', 'Nam', '2000-06-14', 'Văn Lâm, Hưng Yên', 'Kinh', 'Đào Huy Hải', 'Lệ Thị Nghĩa', '971099713', NULL, NULL),
(10117053, '11A1', 'Võ Quang Ánh', 'Nam', '1998-01-02', 'Thanh Chương, Nghệ An', 'Kinh', 'Võ Quang Thế', 'Nguyễn Thị Hưng', '975360846', NULL, NULL),
(10117054, '12A3', 'Phạm Xuân Tùng', 'Nam', '1999-03-16', 'Hiệp Hòa, Bắc Giang', 'Kinh', 'Phạm Xuân Tùng', 'Đào Thị Anh', '1689139005', NULL, NULL),
(10117055, '11A3', 'Tô Văn Hưng', 'Nam', '2000-10-30', 'Yên Phong, Bắc Ninh', 'Kinh', 'Tô Văn Hoàng', 'Phùng Thị Thao', '1679117280', NULL, NULL),
(10117056, '10A4', 'Bùi Đăng Cơ', 'Nam', '2001-07-02', 'Phù Cừ, Hưng Yên', 'Kinh', 'Bùi Đăng Ánh', 'Vũ Thị Ký', '914640422', NULL, NULL),
(10117058, '11A2', 'Bùi Quốc Bình', 'Nam', '2000-04-19', 'Văn Lâm, Hưng Yên', 'Kinh', 'Bùi Quốc Trang', 'Vũ Thị Khôi', '1699231533', NULL, NULL),
(10117059, '10A5', 'Đỗ Đình Quỹ', 'Nam', '2001-09-29', 'Mê Linh, Hà Nội', 'Kinh', 'Đỗ Đình Lĩnh', 'Nguyễn Thị Bình', '961594734', NULL, NULL),
(10117060, '10A5', 'Nguyễn Thị Linh', 'Nữ', '2001-08-02', 'Mê Linh, Hà Nội', 'Kinh', 'Nguyễn Văn Hoàng', 'Lưu Thị Trọng', '967367370', NULL, NULL),
(10117063, '10A2', 'Đỗ Thị Khánh', 'Nữ', '2001-09-22', 'Khoái Châu, Hưng Yên', 'Kinh', 'Đỗ Văn Điền', 'Lê Thị Xê', '01655176481', NULL, NULL),
(10117066, '10A5', 'Lê Thị Bích Nga', 'Nữ', '2001-08-30', 'Văn Giang, Hưng Yên', 'Kinh', 'Lê Thị Bích Kiên', 'Chu Thị Ánh', '1672166368', NULL, NULL),
(10117067, '11A1', 'Nguyễn Quốc Tuấn', 'Nam', '2000-03-01', 'Khoái Châu, Hưng Yên', 'Kinh', 'Nguyễn Quốc Lực', 'Nguyễn Thị Đài', '1687905950', NULL, NULL),
(10117070, '12A1', 'Phạm Thành Đạt', 'Nam', '1999-11-13', 'Kim Động, Hưng Yên', 'Kinh', 'Phạm Thành Châu', 'Nguyễn Thị Linh', '962253830', NULL, NULL),
(10117071, '11A1', 'Hoàng Đình Trọng', 'Nam', '1998-01-21', 'Ân Thi, Hưng Yên', 'Kinh', 'Hoàng Đình Lợi', 'Đỗ Thị Cương', '1669891398', NULL, NULL),
(10117073, '10A5', 'Phạm Văn Ký', 'Nam', '2001-05-25', 'Ân Thi, Hưng Yên', 'Kinh', 'Phạm Văn Hoan', 'Hà Thị Thái', '971548842', NULL, NULL),
(10117074, '11A2', 'Nguyễn Văn Chuyện', 'Nam', '2000-10-07', 'Yên Mỹ, Hưng Yên', 'Kinh', 'Nguyễn Văn Tiến', 'Nguyễn Thị Linh', '1654519808', NULL, NULL),
(10117077, '10A4', 'Lương Nguyễn Châu', 'Nam', '2001-02-12', 'Văn Lâm, Hưng Yên', 'Kinh', 'Lương Nguyễn Anh', 'Nguyễn Thị Hương', '982305534', NULL, NULL),
(10117080, '11A4', 'Cao Bá Quân', 'Nam', '2000-06-06', 'Gia Lâm, Hà Nội', 'Kinh', 'Cao Bá Sơn', 'Nguyễn Thị Đại', '978922841', NULL, NULL),
(10117082, '12A1', 'Cao Thành Đạt', 'Nam', '1999-03-06', 'TP. Hưng Yên, Hưng Yên', 'Kinh', 'Cao Thành Anh', 'Nguyễn Thị Thu Linh', '966762760', NULL, NULL),
(10117085, '10A4', 'Nguyễn Hữu Huy', 'Nam', '2001-03-09', 'Văn Lâm, Hưng Yên', 'Kinh', 'Nguyễn Hữu Đạt', 'Lê Thị Phục', '1679128070', NULL, NULL),
(10117086, '12A3', 'Nguyễn Văn Tuyến', 'Nam', '1999-03-15', 'Văn Giang, Hưng Yên', 'Kinh', 'Nguyễn Văn Tuyền', 'Nguyễn Thị Thanh', '1682468342', NULL, NULL),
(10117088, '11A4', 'Tạ Anh Sơn', 'Nam', '2000-08-18', 'Tiên Lữ, Hưng Yên', 'Kinh', 'Tạ Anh Thao', 'Trần Thị Kim Đạt', '1655032090', NULL, NULL),
(10117089, '10A5', 'Trần Quang Thắng', 'Nam', '2001-02-15', 'Kim Động, Hưng Yên', 'Kinh', 'Trần Quang Lâm', 'Nguyễn Thị Bình', '1628966963', NULL, NULL),
(10117090, '11A4', 'Nguyễn Văn Thế', 'Nam', '2000-12-07', 'Yên Mỹ, Hưng Yên', 'Kinh', 'Nguyễn Văn Toản', 'Dương Thị Đức', '979298161', NULL, NULL),
(10117095, '12A1', 'Nguyễn Văn Hà', 'Nam', '1999-10-14', 'Yên Mỹ, Hưng Yên', 'Kinh', 'Nguyễn Văn Đạt', 'Lê Thị Nam', '1686927649', NULL, NULL),
(10117097, '10A5', 'Hoàng Trọng Khang', 'Nam', '2001-05-05', 'TP. Hưng Yên, Hưng Yên', 'Kinh', 'Hoàng Trọng Hiếu', 'Ngô Thị Thắng', '974973541', NULL, NULL),
(10117098, '10A5', 'Lê Văn Long', 'Nam', '2001-08-03', 'Phù Cừ, Hưng Yên', 'Kinh', 'Lê Văn Huân', 'Phùng Thị Tuyền', '1235794803', NULL, NULL),
(10117101, '11A1', 'Đặng Tuấn Anh', 'Nam', '2000-04-20', 'Mỹ Hào, Hưng Yên', 'Kinh', 'Đặng Tuấn Quyết', 'Đỗ Thị Hoàng', '1629913426', NULL, NULL),
(10117102, '12A2', 'Đỗ Hoàng Sơn', 'Nam', '1999-12-09', 'Văn Giang, Hưng Yên', 'Kinh', 'Đỗ Hoàng Nguyên', 'Nguyễn Thị Toản', '975424935', NULL, NULL),
(10117112, '10A5', 'Nguyễn Văn Phục', 'Nam', '2001-06-08', 'Văn Lâm, Hưng Yên', 'Kinh', 'Nguyễn Văn Linh', 'Nguyễn Thị Bằng', '966553703', NULL, NULL),
(10117113, '10A3', 'Đàm Văn Tuân', 'Nam', '2001-01-11', 'Văn Giang, Hưng Yên', 'Kinh', 'Đàm Văn Tình', 'Chu Thị Xuân', '0975389409', NULL, NULL),
(10117115, '11A1', 'Nguyễn Thanh Tùng', 'Nam', '2000-08-13', 'Tiên Lữ, Hưng Yên', 'Kinh', 'Nguyễn Thanh Nghĩa', 'Nguyễn Thị Giang', '1643905082', NULL, NULL),
(10117118, '11A4', 'Đặng Văn Tú', 'Nam', '2000-01-07', 'Văn Giang, Hưng Yên', 'Kinh', 'Đặng Văn Việt', 'Phạm Thị Hương', '967160633', NULL, NULL),
(10117121, '10A1', 'Lê Thị Thanh Hằng', 'Nữ', '2001-06-29', 'Kim Động, Hưng Yên', 'Kinh', 'Lê Văn Hiếu', 'Lưu Thị Hương', '0904337518', NULL, NULL),
(10117125, '11A2', 'Nguyễn Trường Giang', 'Nam', '1998-11-13', 'Phù Cừ, Hưng Yên', 'Kinh', 'Nguyễn Trường Đạt', 'Hoàng Thị Lợi', '949236829', NULL, NULL),
(10117133, '11A3', 'Lưu Tùng Lâm', 'Nam', '1998-04-20', 'Thường Tín, Hà Nội', 'Kinh', 'Lưu Tùng Linh', 'Nguyễn Thị Tuyến', '1647209988', NULL, NULL),
(10117135, '12A3', 'Phạm Ngọc Tuân', 'Nam', '1999-10-05', 'Tiên Lữ, Hưng Yên', 'Kinh', 'Phạm Ngọc Tuyền', 'Dương Thị Huy', '1295978164', NULL, NULL),
(10117136, '11A3', 'Vũ Trường Nam', 'Nam', '2000-09-27', 'Tiên Lữ, Hưng Yên', 'Kinh', 'Vũ Trường Nam', 'Đỗ Thị Anh', '1279226669', NULL, NULL),
(10117139, '12A1', 'Chử Văn Viên', 'Nam', '1999-10-08', 'Văn Giang, Hưng Yên', 'Kinh', 'Chử Văn Thanh', 'Nguyễn Thị Ký', '979951954', NULL, NULL),
(10117141, '10A3', 'Nguyễn Ngọc Tiến', 'Nam', '2001-04-05', 'Khoái Châu, Hưng Yên', 'Kinh', 'Nguyễn Văn Din', 'Nguyễn Thị Hảo', '0964765978', NULL, NULL),
(10117142, '12A1', 'Phạm Đức Hoàng', 'Nam', '1998-11-14', 'Yên Mỹ, Hưng Yên', 'Kinh', 'Phạm Đức Hiếu', 'Hà Thị Quỹ', '988664514', NULL, NULL),
(10117143, '11A1', 'Nguyễn Thị Ngọc Ánh', 'Nữ', '2000-05-20', 'Yên Mỹ, Hưng Yên', 'Kinh', 'Nguyễn Văn Thế', 'Đỗ Thị Hùng', '967005773', NULL, NULL),
(10117145, '12A3', 'Dương Văn Toản', 'Nam', '1999-09-20', 'TP. Hưng Yên, Hưng Yên', 'Kinh', 'Dương Văn Thái', 'Trần Thị Kim Tuyến', '1275562569', NULL, NULL),
(10117150, '12A3', 'Bùi Đức Việt', 'Nam', '1999-10-10', 'Khoái Châu, Hưng Yên', 'Kinh', 'Bùi Đức Tùng', 'Đỗ Thị Hương', '1677375095', NULL, NULL),
(10117151, '12A2', 'Nguyễn Đình Mạnh', 'Nam', '1999-02-28', 'Khoái Châu, Hưng Yên', 'Kinh', 'Nguyễn Đình Long', 'Nguyễn Thị Ngọc', '981074348', NULL, NULL),
(10117152, '11A1', 'Tạ Hữu Tùng', 'Nam', '1998-05-28', 'Yên Mỹ, Hưng Yên', 'Kinh', 'Tạ Hữu Ngọc', 'Chu Thị Hiếu', '978538090', NULL, NULL),
(10117154, '10A1', 'Hoàng Quang Hiếu', 'Nam', '2001-09-11', 'Khoái Châu, Hưng Yên', 'Kinh', 'Hoàng Quang Tuấn', 'Nguyễn Thị Lan', '0912632522', NULL, NULL),
(10117155, '10A1', 'Nguyễn Văn Chiến', 'Nam', '2001-03-26', 'Khoái Châu, Hưng Yên', 'Kinh', 'Nguyễn Kim Quyết', 'Đào Thị Lưu', '01673848836', NULL, NULL),
(10117159, '10A1', 'Nguyễn Quang Duy', 'Nam', '2001-01-15', 'Yên Mỹ, Hưng Yên', 'Kinh', 'Nguyễn Văn Hùng', 'Phạm Thị Yến', '01232250456', NULL, NULL),
(10117160, '10A1', 'Lê Bá Đích', 'Nam', '2001-03-28', 'Khoái Châu, Hưng Yên', 'Kinh', 'Lê Bá Thích', 'Nguyễn Thị Mai', '01665525205', NULL, NULL),
(10117161, '12A2', 'Tạ Minh Nguyên', 'Nam', '1999-08-15', 'Ân Thi, Hưng Yên', 'Kinh', 'Tạ Minh Minh', 'Nguyễn Thị Tấn', '978201938', NULL, NULL),
(10117162, '11A3', 'Vũ Văn Khôi', 'Nam', '2000-12-04', 'Yên Mỹ, Hưng Yên', 'Kinh', 'Vũ Văn Huy', 'Vũ Thị Thao', '1656989877', NULL, NULL),
(10117163, '12A1', 'Lê Anh Đức', 'Nam', '1999-08-06', 'Khoái Châu, Hưng Yên', 'Kinh', 'Lê Anh Cơ', 'Lưu Thị Long', '1653966024', NULL, NULL),
(10117166, '12A1', 'Nguyễn Tiến Duy', 'Nam', '1999-11-14', 'TP. Hưng Yên, Hưng Yên', 'Kinh', 'Nguyễn Tiến Chung', 'Nguyễn Thị Long', '974885718', NULL, NULL),
(10117167, '11A4', 'Mai Hiếu Nghĩa', 'Nam', '2000-12-23', 'Phù Cừ, Hưng Yên', 'Kinh', 'Mai Hiếu Nguyên', 'Nguyễn Thị Châu', '1238481911', NULL, NULL),
(10117168, '10A3', 'Đặng Minh Vương', 'Nam', '2001-03-03', 'Văn Giang, Hưng Yên', 'Kinh', 'Đặng Xuân Văn', 'Nguyễn Thị Hiên', '0974179975', NULL, NULL),
(10117173, '10A1', 'Nguyễn Đức Chiến', 'Nam', '2001-08-06', 'Ân Thi, Hưng Yên', 'Kinh', 'Nguyễn Đức Khiêm', 'Nguyễn Thị Chinh', '01667795707', NULL, NULL),
(10117174, '10A2', 'Trương Quốc Khánh', 'Nam', '2001-08-12', 'Ân Thi, Hưng Yên', 'Kinh', 'Trương Hữu Bằng', 'Phùng Thị Toàn', '01652306431', NULL, NULL),
(10117175, '12A2', 'Nguyễn Quang Linh', 'Nam', '1999-06-30', 'Văn Lâm, Hưng Yên', 'Kinh', 'Nguyễn Quang Linh', 'Chu Thị Nam', '1679214677', NULL, NULL),
(10117177, '11A4', 'Mai Đức Thế', 'Nam', '2000-09-04', 'Phù Cừ, Hưng Yên', 'Kinh', 'Mai Đức Toản', 'Đỗ Thị Duy', '911588925', NULL, NULL),
(10117178, '12A1', 'Nguyễn Trường Giang', 'Nam', '1999-11-06', 'Khoái Châu, Hưng Yên', 'Kinh', 'Nguyễn Trường Đại', 'Hoàng Thị Lực', '1665343119', NULL, NULL),
(10117179, '12A1', 'Lê Văn Hiếu', 'Nam', '1999-03-04', 'Khoái Châu, Hưng Yên', 'Kinh', 'Lê Văn Duy', 'Lệ Thị Nguyên', '965144209', NULL, NULL),
(10117181, '12A2', 'Đặng Nhật Nam', 'Nam', '1999-12-17', 'Mỹ Hào, Hưng Yên', 'Kinh', 'Đặng Nhật Long', 'Nguyễn Thị Phương', '943758116', NULL, NULL),
(10117185, '11A2', 'Phạm Văn Đài', 'Nam', '2000-01-14', 'Yên Mỹ, Hưng Yên', 'Kinh', 'Phạm Văn Tú', 'Nguyễn Thị Lộc', '974011242', NULL, NULL),
(10117189, '12A2', 'Nguyễn Hữu Nam', 'Nam', '1999-06-07', 'Khoái Châu, Hưng Yên', 'Kinh', 'Nguyễn Hữu Lực', 'Đào Thị Sơn', '964566654', NULL, NULL),
(10117190, '10A3', 'Đỗ Văn Việt', 'Nam', '2001-02-26', 'Khoái Châu, Hưng Yên', 'Kinh', 'Đỗ Văn Huy', 'Đỗ Thị Cúc', '0917502844', NULL, NULL),
(10117192, '11A2', 'Lưu Tiến Đạt', 'Nam', '2000-11-15', 'Yên Mỹ, Hưng Yên', 'Kinh', 'Lưu Tiến Đạt', 'Lưu Thị Lợi', '981123102', NULL, NULL),
(10117193, '12A2', 'Nguyễn Nhật Linh', 'Nam', '1999-05-30', 'Văn Lâm, Hưng Yên', 'Kinh', 'Nguyễn Nhật Ký', 'Nguyễn Thị Yến', '1689032483', NULL, NULL),
(10117195, '11A2', 'Nguyễn Đình Đạt', 'Nam', '1997-05-12', 'Khoái Châu, Hưng Yên', 'Kinh', 'Nguyễn Đình Viên', 'Nguyễn Thị Lâm', '1669014128', NULL, NULL),
(10117196, '11A2', 'Đào Văn Hoan', 'Nam', '2000-04-16', 'Mỹ Hào, Hưng Yên', 'Kinh', 'Đào Văn Giang', 'Đào Thị Nam', '987295439', NULL, NULL),
(10117197, '10A2', 'Đỗ Việt Hoàng', 'Nam', '2001-01-30', 'Ba Vì, Hà Nội', 'Kinh', 'Đỗ Văn Ninh', 'Lệ Thị Mận', '0988831822', NULL, NULL),
(10117198, '11A4', 'Trần Văn Trung', 'Nam', '2000-02-27', 'TP. Hưng Yên, Hưng Yên', 'Kinh', 'Trần Văn Tuyến', 'Đào Thị Huy', '911156301', NULL, NULL),
(10117199, '11A2', 'Mai Ngọc Hiếu', 'Nam', '2000-03-18', 'TP. Hưng Yên, Hưng Yên', 'Kinh', 'Mai Ngọc Duy', 'Nguyễn Thị Lực', '962782615', NULL, NULL),
(10117200, '10A2', 'Lại Văn Minh', 'Nam', '2001-03-15', 'Ân Thi, Hưng Yên', 'Kinh', 'Lại Văn Khuê', 'Chu Thị Lợi', '01698059971', NULL, NULL),
(10117202, '11A2', 'Vũ Đức Bình', 'Nam', '1996-10-01', 'Mỹ Hào, Hưng Yên', 'Kinh', 'Vũ Đức Trung', 'Trần Thị Thanh Linh', '1693915787', NULL, NULL),
(10117203, '10A1', 'Đoàn Huy Hoàng', 'Nam', '2001-06-14', 'TP. Hưng Yên, Hưng Yên', 'Kinh', 'Đoàn Văn Dân', 'Đào Thị Hương', '01674158597', NULL, NULL),
(10117207, '12A2', 'Lê Văn Khải', 'Nam', '1999-01-29', 'Khoái Châu, Hưng Yên', 'Kinh', 'Lê Văn Hưng', 'Vũ Thị Trọng', '1656036956', NULL, NULL),
(10117208, '10A2', 'Đỗ Hồng Minh', 'Nam', '2001-01-28', 'Khoái Châu, Hưng Yên', 'Kinh', 'Đỗ Khắc Lộc', 'Nguyễn Thị Hoa', '01699913908', NULL, NULL),
(10117209, '10A3', 'Nguyễn Đức Toàn', 'Nam', '2001-01-08', 'Khoái Châu, Hưng Yên', 'Kinh', 'Nguyễn Đức Thắng', 'Trần Thị Hanh', '0974353640', NULL, NULL),
(10117211, '10A1', 'Nguyễn Hữu Hải', 'Nam', '2001-09-05', 'Phù Cừ, Hưng Yên', 'Kinh', 'Nguyễn Hữu Quyền', 'Nguyễn Thị Thu Hằng', '01299726230', NULL, NULL),
(10117214, '10A1', 'Trần Thị Linh Chi', 'Nữ', '2001-04-20', 'Kiến Xương, Thái Bình', 'Kinh', 'Trần Văn Mợi', 'Vũ Thị Nhung', '01669252509', NULL, NULL),
(10117215, '10A2', 'Đỗ Khánh Huyền', 'Nữ', '2001-10-25', 'Yên Mỹ, Hưng Yên', 'Kinh', 'Đỗ Văn Toản', 'Ngô Thị Tính', '01633285383', NULL, NULL),
(10117216, '11A3', 'Bùi Xuân Lực', 'Nam', '2000-02-26', 'Yên Mỹ, Hưng Yên', 'Kinh', 'Bùi Xuân Mạnh', 'Nguyễn Thị Huy', '1634022399', NULL, NULL),
(10117223, '11A2', 'Trịnh Văn Hoàng', 'Nam', '2000-03-02', 'Yên Định, Thanh Hoá', 'Kinh', 'Trịnh Văn Hà', 'Ngô Thị Ngọc', '961308694', NULL, NULL),
(10117224, '10A1', 'Nguyễn Huy Đạt', 'Nam', '2001-02-26', 'Bình Xuyên, Vĩnh Phúc', 'Kinh', 'Nguyễn Huy Sáng', 'Trần Thị Thanh Huyền', '0984582458', NULL, NULL),
(10117225, '12A1', 'Nguyễn Văn Tú', 'Nam', '1999-01-08', 'Văn Lâm, Hưng Yên', 'Kinh', 'Nguyễn Văn Huy', 'Trần Thị Thanh Khang', '1666626251', NULL, NULL),
(10117227, '10A2', 'Phạm Công Kiên', 'Nam', '2001-03-07', 'Hưng Hà, Thái Bình', 'Kinh', 'Phạm Công Nguyên', 'Vũ Thị Mơ', '0943178365', NULL, NULL),
(10117228, '10A2', 'Nguyễn Minh Quang', 'Nam', '2001-12-26', 'Phù Cừ, Hưng Yên', 'Kinh', 'Nguyễn Văn Nhật', 'Nguyễn Thị Ngời', '01256283771', NULL, NULL),
(10117230, '10A1', 'Hoàng Minh Hiếu', 'Nam', '2001-10-22', 'Phù Cừ, Hưng Yên', 'Kinh', 'Hoàng Văn Hà', 'Hoàng Thị Nhung', '0982530541', NULL, NULL),
(10117232, '10A3', 'Lê Thị Trang', 'Nữ', '2001-11-08', 'Phùng Hưng ,Hưng Yên', 'Kinh', 'Lê Văn Quyết', 'Nguyễn Thị Hoan', '0912312331', NULL, NULL),
(10117234, '11A3', 'Đỗ Phi Hùng', 'Nam', '2000-12-12', 'Lâm Bình, Tuyên Quang', 'Kinh', 'Đỗ Phi Hiếu', 'Lưu Thị Sơn', '1692061716', NULL, NULL),
(10117237, '10A2', 'Nguyễn Đức Thành', 'Nam', '2001-04-07', 'Kim Động, Hưng Yên', 'Kinh', 'Nguyễn Văn Chung', 'Đào Thị Hậu', '0978758215', NULL, NULL),
(10117238, '11A4', 'Đỗ Tiến Tuệ ', 'Nam', '2000-02-28', 'TP. Hà Giang, Hà Giang', 'Kinh', 'Đỗ Tiến Tuệ Tùng', 'Vũ Thị Hưng', '1637780760', NULL, NULL),
(10117240, '10A3', 'Cao Đức Toàn', 'Nam', '2001-06-18', 'TP. Hạ Long, Quảng Ninh', 'Kinh', 'Cao Đức Thành', 'Lê Thị Thái', '0931231212', NULL, NULL),
(10117241, '11A4', 'Nguyễn Thế Trung', 'Nam', '2000-06-21', 'Khoái Châu, Hưng Yên', 'Kinh', 'Nguyễn Thế Tuân', 'Nguyễn Thị Huy', '941126235', NULL, NULL),
(10117243, '11A1', 'Giang Văn Anh', 'Nam', '1996-02-11', 'Khoái Châu, Hưng Yên', 'Kinh', 'Giang Văn Sơn', 'Dương Thị Hoàng', '965579819', NULL, NULL),
(10117244, '10A2', 'Nguyễn Thị  Phương', 'Nữ', '2001-04-18', 'Hưng Hà, Thái Bình', 'Kinh', 'Nguyễn Văn Tân', 'Nguyễn Thị Giang', '01637179238', NULL, NULL),
(10117247, '12A1', 'Phạm Minh Hiếu', 'Nam', '1999-04-27', 'Kim Động, Hưng Yên', 'Kinh', 'Phạm Minh Đức', 'Ngô Thị Phục', '1652424126', NULL, NULL),
(10117248, '12A2', 'Trần Văn Khải', 'Nam', '1999-05-27', 'Kim Động, Hưng Yên', 'Kinh', 'Trần Văn Hương', 'Phan Thị Tuấn', '966026181', NULL, NULL),
(10117252, '10A4', 'Nguyễn Đình Duy', 'Nam', '2001-07-02', 'Kim Động, Hưng Yên', 'Kinh', 'Nguyễn Đình Bình', 'Nguyễn Thị Lực', '1642701215', NULL, NULL),
(10117253, '11A3', 'Lê Văn Lợi', 'Nam', '2000-12-29', 'Khoái Châu, Hưng Yên', 'Kinh', 'Lê Văn Linh', 'Nguyễn Thị Tùng', '1974346141', NULL, NULL),
(10117254, '12A2', 'Lê Minh Quyền', 'Nam', '1999-09-21', 'Khoái Châu, Hưng Yên', 'Kinh', 'Lê Minh Nga', 'Đỗ Thị Thao', '964505324', NULL, NULL),
(10117256, '12A1', 'Đỗ Phi Hùng', 'Nam', '1999-08-15', 'Cát Hải, Hải Phòng', 'Kinh', 'Đỗ Phi Huy', 'Lê Thị Thắng', '989712795', NULL, NULL),
(10117262, '11A3', 'Nguyễn Thế Lộc', 'Nam', '1998-10-30', 'Hưng Hà, Thái Bình', 'Kinh', 'Nguyễn Thế Khải', 'Nguyễn Thị Tuân', '984939231', NULL, NULL),
(10117263, '11A2', 'Phùng Đức Huân', 'Nam', '1998-08-10', 'Sông Lô, Vĩnh Phúc', 'Kinh', 'Phùng Đức Hiếu', 'Hà Thị Phương', '961308694', NULL, NULL),
(10117264, '12A3', 'Đặng Văn Toản', 'Nam', '1999-10-14', 'Văn Lâm, Hưng Yên', 'Kinh', 'Đặng Văn Thắng', 'Chu Thị Tuân', '966764202', NULL, NULL),
(10117275, '11A3', 'Đỗ Thế Nam', 'Nam', '2000-02-14', 'Văn Lâm, Hưng Yên', 'Kinh', 'Đỗ Thế Nam', 'Đào Thị Thanh', '984350810', NULL, NULL),
(10117276, '11A2', 'Nguyễn Văn Cương', 'Nam', '2000-08-12', 'Thuận Thành, Bắc Ninh', 'Kinh', 'Nguyễn Văn Tú', 'Nguyễn Thị Thu Lĩnh', '1627617909', NULL, NULL),
(10117277, '10A2', 'Nguyễn Đức Long', 'Nam', '2001-11-09', 'Thuận Thành, Bắc Ninh', 'Kinh', 'Nguyễn Đức Lâm', 'Vũ Thị Cúc', '0985258848', NULL, NULL),
(10117279, '10A2', 'Bùi Thị Khánh Linh', 'Nữ', '2001-07-14', 'Khoái Châu, Hưng Yên', 'Kinh', 'Bùi Huy Hải', 'Phan Thị Măng', '01696602540', NULL, NULL),
(10117282, '12A1', 'Đoàn Trung Hiếu ', 'Nam', '1999-05-24', 'Quỳnh Phụ, Thái Bình', 'Kinh', 'Đoàn TrungDuyên', 'Đào Thị Nga', '965229245', NULL, NULL),
(10117285, '10A3', 'Nguyễn Văn Thành', 'Nam', '2001-04-22', 'Kim Sơn, Ninh Bình', 'Kinh', 'Nguyễn Văn Cả', 'Nguyễn Thị Soi', '01699562653', NULL, NULL),
(10117286, '11A3', 'Nguyễn Bá Linh', 'Nam', '2000-12-23', 'Mỹ Hào, Hưng Yên', 'Kinh', 'Nguyễn Bá Khải', 'Nguyễn Thị Tâm', '1664280170', NULL, NULL),
(10117289, '11A2', 'Hà Lưu Bình', 'Nam', '2000-06-03', 'Ninh Giang, Hải Dương', 'Kinh', 'Hà Lưu Trung', 'Phạm Thị Kiên', '985024609', NULL, NULL),
(10117352, '10A3', 'Nguyễn Thị Thùy', 'Nữ', '2001-09-09', 'Đông Hưng, Thái Bình', 'Kinh', 'Nguyễn Huy Báu', 'Đào Thị Hường', '01668732704', NULL, NULL),
(10117355, '10A3', 'Vũ Việt Tiến', 'Nam', '1998-01-09', 'Cẩm Giàng, Hải Dương', 'Kinh', 'Vũ Bá Thái', 'Đỗ Thị Hà', '01636999898', NULL, NULL),
(10117367, '10A1', 'Nguyễn Thế Bách', 'Nam', '1997-09-09', 'Khoái Châu, Hưng Yên', 'Kinh', 'Nguyễn Thế Tới', 'Đỗ Thị Nhung', '01636401869', NULL, NULL),
(10117368, '11A3', 'Nguyễn Văn Hưng', 'Nam', '2000-11-11', 'Ân Thi, Hưng Yên', 'Kinh', 'Nguyễn Văn Hiếu', 'Lê Thị Tấn', '1635236374', NULL, NULL),
(10117369, '11A3', 'Chử Văn Linh', 'Nam', '2000-05-26', 'Văn Giang, Hưng Yên', 'Kinh', 'Chử Văn Hưng', 'Vũ Thị Toản', '981013630', NULL, NULL),
(10117370, '10A5', 'Quách Văn Lực', 'Nam', '2001-09-23', 'Phù Cừ, Hưng Yên', 'Kinh', 'Quách Văn Hưng', 'Phan Thị Anh', '1637104694', NULL, NULL),
(10117371, '10A5', 'Bùi Văn Nam', 'Nam', '1998-02-27', 'Tiên Lữ, Hưng Yên', 'Kinh', 'Bùi Văn Khôi', 'Nguyễn Thị Anh', '1655817589', NULL, NULL),
(10117373, '11A4', 'Nguyễn Hữu Thắng', 'Nam', '2000-12-12', 'Yên Mỹ, Hưng Yên', 'Kinh', 'Nguyễn Hữu Thao', 'Lê Thị Duyên', '986054538', NULL, NULL),
(10117375, '11A1', 'Nguyễn Tường Vy', 'Nữ', '2000-07-26', 'Khoái Châu, Hưng Yên', 'Kinh', 'Nguyễn Tường Phương', 'Trần Thị Kim Hiếu', '979526719', NULL, NULL),
(10117376, '11A1', 'Đắc Thị Hải Yến', 'Nữ', '2000-12-24', 'Khoái Châu, Hưng Yên', 'Kinh', 'Đắc VũQuân', 'Lê Thị Hoan', '961394881', NULL, NULL),
(10117378, '10A1', 'Lê Thị Hằng', 'Nữ', '2001-03-26', 'Kim Động, Hưng Yên', 'Kinh', 'Lê Văn Bắc', 'Nguyễn Thị Mong', '0976871376', NULL, NULL),
(10117379, '11A3', 'Phạm Văn Lợi', 'Nam', '2000-03-04', 'TP. Tam Điệp, Ninh Bình', 'Kinh', 'Phạm Văn Mạnh', 'Đào Thị Việt', '1215933089', NULL, NULL),
(10117381, '12A2', 'Phạm Hoàng Phong', 'Nam', '1999-10-11', 'Kim Động, Hưng Yên', 'Kinh', 'Phạm Hoàng Nam', 'Đào Thị Thao', '1257589993', NULL, NULL),
(10117383, '12A3', 'Nguyễn Thị Trang', 'Nữ', '1999-06-20', 'Yên Mỹ, Hưng Yên', 'Kinh', 'Nguyễn Văn Tuấn', 'Đỗ Thị Việt', '1662031256', NULL, NULL),
(10117385, '10A3', 'Nguyễn Xuân Tùng', 'Nam', '2001-11-06', 'Sóc Sơn, Hà Nội', 'Kinh', 'Nguyễn Văn Mão', 'Lê Thị Hằng', '0913342959', NULL, NULL),
(10117390, '11A3', 'Nguyễn Bảo Kiên', 'Nam', '1998-01-10', 'Yên Mỹ, Hưng Yên', 'Kinh', 'Nguyễn Bảo Hùng', 'Phan Thị Toản', '1657620062', NULL, NULL),
(10117391, '10A3', 'Lê Minh Tuấn', 'Nam', '1997-12-10', 'Văn Lâm, Hưng Yên', 'Kinh', 'Lê Xuân Miền', 'Trần Thị Kim Quý', '0984717620', NULL, NULL),
(10117392, '10A3', 'Đào Xuân Vũ', 'Nam', '2001-09-14', 'Khoái Châu, Hưng Yên', 'Kinh', 'Đào Văn Quyết', 'Dương Thị Loan', '01659836962', NULL, NULL),
(10117394, '10A1', 'Nhữ Văn Hiểu', 'Nam', '2001-10-08', 'Bình Giang, Hải Dương', 'Kinh', 'Nhữ Văn Họa', 'Lê Thị Nghiêm', '0972604259', NULL, NULL),
(10117396, '10A2', 'Nhữ Văn Hưng', 'Nam', '2001-03-27', 'Bình Giang, Hải Dương', 'Kinh', 'Nhữ Văn Hợi', 'Hà Thị Tùy', '01695072384', NULL, NULL),
(10117398, '12A2', 'Phạm Văn Tấn', 'Nam', '1999-01-15', 'Thanh Miện, Hải Dương', 'Kinh', 'Phạm Văn Phục', 'Lê Thị Toản', '961638299', NULL, NULL),
(10117399, '11A1', 'Nguyễn Thị Tuyền', 'Nữ', '2000-01-30', 'Khoái Châu, Hưng Yên', 'Kinh', 'Nguyễn Văn Nam', 'Lê Thị Đạt', '1689139005', NULL, NULL),
(10117404, '10A4', 'Hoàng Thu Hương', 'Nữ', '2001-05-10', 'Văn Giang, Hưng Yên', 'Kinh', 'Hoàng Thu Hiếu', 'Lệ Thị Thắng', '965301915', NULL, NULL),
(10117406, '12A3', 'Nguyễn Đức Tâm', 'Nam', '1999-06-08', 'ứng Hòa, Hà Nội', 'Kinh', 'Nguyễn Đức Trọng', 'Lê Thị Tùng', '975902462', NULL, NULL),
(10117408, '10A4', 'Đặng Thị Kim Duyên', 'Nữ', '2001-06-21', 'Yên Mỹ, Hưng Yên', 'Kinh', 'Đặng Văn Bình', 'Nguyễn Thị Thu Long', '1663418994', NULL, NULL),
(10117410, '12A1', 'Nguyễn Văn Huy', 'Nam', '1999-06-14', 'Thuận Châu, Sơn La', 'Kinh', 'Nguyễn Văn Hoàng', 'Lưu Thị Thắng', '1665595093', NULL, NULL),
(10117413, '10A2', 'Nguyễn Chính Nghĩa', 'Nam', '2001-01-09', 'Đông Hưng, Thái Bình', 'Kinh', 'Nguyễn Chính Trị', 'Nguyễn Thị Hà', '01686138743', NULL, NULL),
(10117414, '10A1', 'Nguyễn Thu Hà', 'Nữ', '2001-10-04', 'Yên Mỹ, Hưng Yên', 'Kinh', 'Nguyễn Văn Hanh', 'Nguyễn Thị Nhung', '0987195835', NULL, NULL),
(10117416, '10A2', 'Nguyễn Thị Hương', 'Nữ', '2001-11-01', 'ứng Hòa, Hà Nội', 'Kinh', 'Nguyễn Hữu Lân', 'Lưu Thị Hường', '01637847526', NULL, NULL),
(10117420, '11A4', 'Vũ Khả Toàn', 'Nam', '2000-04-01', 'Mỹ Hào, Hưng Yên', 'Kinh', 'Vũ Khả Tâm', 'Nguyễn Thị Hiếu', '1656523316', NULL, NULL),
(10117424, '10A5', 'Đào Tùng Nguyên', 'Nam', '1997-01-01', 'Yên Thành, Nghệ An', 'Kinh', 'Đào Tùng Linh', 'Nguyễn Thị Ánh', '985318500', NULL, NULL),
(10616111, '10A4', 'Lưu Văn Hoàng', 'Nam', '1998-07-19', 'Hưng Hà, Thái Bình', 'Kinh', 'Lưu Văn Đài', 'Hoàng Thị Nga', '1693321752', NULL, NULL),
(11217347, '12A2', 'Trịnh Xuân Khải', 'Nam', '1999-01-25', 'Phù Cừ, Hưng Yên', 'Kinh', 'Trịnh Xuân Khang', 'Vũ Thị Vy', '1633724667', NULL, NULL),
(11217376, '12A3', 'Nguyễn Văn Thao', 'Nam', '1998-09-14', 'Yên Mỹ, Hưng Yên', 'Kinh', 'Nguyễn Văn Quỹ', 'Trần Thị Tâm', '965600753', NULL, NULL),
(11417090, '11A4', 'Nguyễn Thị Huyền Trang', 'Nữ', '2000-12-29', 'Yên Mỹ, Hưng Yên', 'Kinh', 'Nguyễn Thị Huyền Trang', 'Đỗ Thị Hoàng', '1628439220', NULL, NULL);

-- --------------------------------------------------------

--
-- Cấu trúc bảng cho bảng `lophoc`
--

CREATE TABLE `lophoc` (
  `MaLopHoc` varchar(10) COLLATE utf8_vietnamese_ci NOT NULL,
  `Tenlophoc` varchar(20) COLLATE utf8_vietnamese_ci NOT NULL,
  `KhoiHoc` varchar(10) CHARACTER SET utf8mb4 COLLATE utf8mb4_unicode_ci NOT NULL,
  `created_at` timestamp NULL DEFAULT NULL,
  `updated_at` timestamp NULL DEFAULT NULL
) ENGINE=InnoDB DEFAULT CHARSET=utf8 COLLATE=utf8_vietnamese_ci;

--
-- Đang đổ dữ liệu cho bảng `lophoc`
--

INSERT INTO `lophoc` (`MaLopHoc`, `Tenlophoc`, `KhoiHoc`, `created_at`, `updated_at`) VALUES
('10A1', '10A1', '10', NULL, NULL),
('10A2', '10A2', '10', NULL, NULL),
('10A3', '10A3', '10', NULL, NULL),
('10A4', '10A4', '10', NULL, NULL),
('10A5', '10A5', '10', NULL, NULL),
('11A1', '11A1', '11', '2020-05-11 18:35:16', '2020-05-11 18:35:16'),
('11A2', '11A2', '11', '2020-06-28 00:23:48', '2020-06-28 00:23:48'),
('11A3', '11A3', '11', '2020-05-14 09:01:15', '2020-05-14 09:13:35'),
('11A4', '11A4', '11', '2020-06-28 00:25:59', '2020-06-28 00:25:59'),
('12A1', '12A1', '12', '2020-06-28 00:27:19', '2020-06-28 00:27:19'),
('12A2', '12A2', '12', '2020-06-28 00:27:56', '2020-06-28 00:27:56'),
('12A3', '12A3', '12', '2020-06-28 00:28:13', '2020-06-28 00:28:13');

-- --------------------------------------------------------

--
-- Cấu trúc bảng cho bảng `migrations`
--

CREATE TABLE `migrations` (
  `id` int(10) UNSIGNED NOT NULL,
  `migration` varchar(255) COLLATE utf8mb4_unicode_ci NOT NULL,
  `batch` int(11) NOT NULL
) ENGINE=InnoDB DEFAULT CHARSET=utf8mb4 COLLATE=utf8mb4_unicode_ci;

-- --------------------------------------------------------

--
-- Cấu trúc bảng cho bảng `monhoc`
--

CREATE TABLE `monhoc` (
  `MaMonHoc` varchar(5) COLLATE utf8_vietnamese_ci NOT NULL,
  `TenMonHoc` varchar(20) COLLATE utf8_vietnamese_ci NOT NULL,
  `SoTiet` int(20) NOT NULL,
  `HeSoMonHoc` int(1) NOT NULL,
  `created_at` timestamp NULL DEFAULT NULL,
  `updated_at` timestamp NULL DEFAULT NULL
) ENGINE=InnoDB DEFAULT CHARSET=utf8 COLLATE=utf8_vietnamese_ci;

--
-- Đang đổ dữ liệu cho bảng `monhoc`
--

INSERT INTO `monhoc` (`MaMonHoc`, `TenMonHoc`, `SoTiet`, `HeSoMonHoc`, `created_at`, `updated_at`) VALUES
('A', 'Tiếng Anh', 100, 1, NULL, '2020-06-30 08:08:43'),
('CN', 'Công Nghệ', 50, 1, NULL, NULL),
('GD', 'Giáo Dục Công Dân', 50, 1, NULL, NULL),
('H', 'Hóa Học', 70, 1, NULL, NULL),
('S', 'Lịch Sử', 100, 1, NULL, NULL),
('Si', 'Sinh Học', 75, 1, NULL, NULL),
('T', 'Toán', 100, 2, NULL, NULL),
('Ti', 'Tin Học', 100, 1, NULL, NULL),
('V', 'Văn', 120, 2, NULL, NULL);

-- --------------------------------------------------------

--
-- Cấu trúc đóng vai cho view `top10diem`
-- (See below for the actual view)
--
CREATE TABLE `top10diem` (
`MaHS` int(8)
,`TenHS` varchar(50)
,`MaLopHoc` varchar(10)
,`DiemTB` double(19,2)
);

-- --------------------------------------------------------

--
-- Cấu trúc bảng cho bảng `user`
--

CREATE TABLE `user` (
  `id` int(10) NOT NULL,
  `fullname` varchar(30) COLLATE utf8_vietnamese_ci DEFAULT NULL,
  `username` varchar(50) COLLATE utf8_vietnamese_ci DEFAULT NULL,
  `password` varchar(80) COLLATE utf8_vietnamese_ci NOT NULL,
  `level` int(2) DEFAULT NULL,
  `created_at` timestamp NULL DEFAULT NULL,
  `updated_at` timestamp NULL DEFAULT NULL
) ENGINE=InnoDB DEFAULT CHARSET=utf8 COLLATE=utf8_vietnamese_ci;

--
-- Đang đổ dữ liệu cho bảng `user`
--

INSERT INTO `user` (`id`, `fullname`, `username`, `password`, `level`, `created_at`, `updated_at`) VALUES
(1, 'Nguyễn Xuân Tùng', 'tung12', '$2y$10$D720PUk6fgTLF8Ci2Q.O7O1JNn.3O5OndCywsLkdF.EVXibidLm4y', 0, '2020-05-19 19:52:59', '2020-05-19 19:52:59'),
(2, 'Nguyễn Văn Cường', 'cuongnui', '$2y$10$MPSEAKydSzyegaZ7.yMfWeLtkk7bL6FL3wn3jDKT8YgFvFx1iaSSW', 0, '2020-05-19 19:53:09', '2020-05-19 19:53:09'),
(3, 'qrrqrqr', '19231', '$2y$10$jd6TrUHx//F/.NJeKSMRQerBArH9oiQHA/gliatbtaGrhAvaqdXUC', 1, '2020-05-19 20:10:37', '2020-05-19 20:10:37'),
(4, 'Lê Văn Cường', '131313', '$2y$10$0X0zFcHxoiwGzjvA0l3STO/TMgRadjfQOr6ZTa8Ydvw5odD6/a3Fe', 1, '2020-05-26 07:37:38', '2020-05-26 07:37:38'),
(96, 'Nguyễn Văn An', '123123', '$2y$10$LcOauhBfVIxY6MTmbZ.T.epGieTo8H5Ns1apS.Pjj.W6f2yTPcTGO', 1, '2020-06-21 08:18:30', '2020-06-21 08:18:30'),
(97, 'Trần Thiện Nhân', '10110104', '$2y$10$YXmKxiGFJv0mshO32JMA4e9pWHFr6A63Ag.0IWeZi4gt6YNzN2/6G', 2, '2020-06-25 03:28:23', '2020-06-25 03:28:23'),
(99, 'Nguyễn Trường', 'truong12', '$2y$10$BQ7YpFkzUIHrG6UT4c9TnO7VIzhmZelEK7tvtzDOJAB0ZP4myHZZ2', 0, '2020-06-25 03:53:09', '2020-06-25 03:53:09'),
(101, 'Nguyễn Xuân Tùng', '10117385', '$2y$10$5nJcLRnE1qgn1YYnvvUa/uB4Oq4yYkh4UXgI1Uq0UDPElG/6OqxTq', 2, '2020-07-01 18:26:55', '2020-07-01 18:26:55'),
(102, 'Nguyễn Xuân Tùng', 'tung123123', '$2y$10$wRt6pZR6GalAe6m2C7ork.9njVRgbCQ3CSVk2xHtPs7NSKP2n.uRW', 0, '2020-10-09 19:46:25', '2020-10-09 19:46:25'),
(103, 'Bùi Thị Khánh Linh', 'linh12', '$2y$10$jQQl6TmLTOhgtfWzxCXB0.92VMBbG9aKFLWNADWXz9TGIX4RKyqQ6', 0, '2020-10-10 08:11:17', '2020-10-10 08:11:17'),
(104, '123131', '123131', '$2y$10$u2tVIAIevevOT9liL3ebFOSu6OnRf5aQkNSdgX3Sa4/A1Mo24AKGu', 0, '2020-10-14 04:07:20', '2020-10-14 04:07:20');

-- --------------------------------------------------------

--
-- Cấu trúc bảng cho bảng `users`
--

CREATE TABLE `users` (
  `id` bigint(20) UNSIGNED NOT NULL,
  `name` varchar(255) COLLATE utf8mb4_unicode_ci NOT NULL,
  `email` varchar(255) COLLATE utf8mb4_unicode_ci NOT NULL,
  `email_verified_at` timestamp NULL DEFAULT NULL,
  `password` varchar(255) COLLATE utf8mb4_unicode_ci NOT NULL,
  `remember_token` varchar(100) COLLATE utf8mb4_unicode_ci DEFAULT NULL,
  `created_at` timestamp NULL DEFAULT NULL,
  `updated_at` timestamp NULL DEFAULT NULL
) ENGINE=InnoDB DEFAULT CHARSET=utf8mb4 COLLATE=utf8mb4_unicode_ci;

--
-- Đang đổ dữ liệu cho bảng `users`
--

INSERT INTO `users` (`id`, `name`, `email`, `email_verified_at`, `password`, `remember_token`, `created_at`, `updated_at`) VALUES
(1, 'Tung99', 'nguyenxuantungbp@gmail.com', NULL, '$2y$10$Eb1H4UejKV9981QurCKT5.DLlWLpm62dvNYC8N4O5tbNC5JN15VWG', NULL, '2020-04-19 07:23:28', '2020-04-19 07:23:28');

-- --------------------------------------------------------

--
-- Cấu trúc cho view `top10diem`
--
DROP TABLE IF EXISTS `top10diem`;

CREATE ALGORITHM=UNDEFINED DEFINER=`root`@`localhost` SQL SECURITY DEFINER VIEW `top10diem`  AS  select `hocsinh`.`MaHS` AS `MaHS`,`hocsinh`.`TenHS` AS `TenHS`,`hocsinh`.`MaLopHoc` AS `MaLopHoc`,round(sum(`diem`.`DiemTB`) / count(`hocsinh`.`MaHS`),2) AS `DiemTB` from (`hocsinh` join `diem` on(`hocsinh`.`MaHS` = `diem`.`MaHS`)) where `diem`.`MaHocKy` = '22019' group by `hocsinh`.`MaHS`,`hocsinh`.`TenHS`,`hocsinh`.`MaLopHoc` order by round(sum(`diem`.`DiemTB`) / count(`hocsinh`.`MaHS`),2) desc limit 10 ;

--
-- Chỉ mục cho các bảng đã đổ
--

--
-- Chỉ mục cho bảng `ctdiemdanh`
--
ALTER TABLE `ctdiemdanh`
  ADD PRIMARY KEY (`ID`,`MaDD`,`MaHS`),
  ADD KEY `fk_MaDD` (`MaDD`);

--
-- Chỉ mục cho bảng `day`
--
ALTER TABLE `day`
  ADD PRIMARY KEY (`MaDayHoc`),
  ADD KEY `fk_day_monhoc` (`MaMonHoc`),
  ADD KEY `fk_day_gv` (`Magv`),
  ADD KEY `fk_day_hocky` (`MaHocKy`),
  ADD KEY `fk_day_lophoc` (`MaLopHoc`);

--
-- Chỉ mục cho bảng `diem`
--
ALTER TABLE `diem`
  ADD PRIMARY KEY (`id`),
  ADD KEY `fk_diem_mahk` (`MaHocKy`),
  ADD KEY `fk_diem_monhoc` (`MaMonHoc`),
  ADD KEY `fk_diem_hocsinh` (`MaHS`),
  ADD KEY `MaLopHoc` (`MaLopHoc`);

--
-- Chỉ mục cho bảng `diemdanh`
--
ALTER TABLE `diemdanh`
  ADD PRIMARY KEY (`MaDD`),
  ADD KEY `Magv` (`Magv`),
  ADD KEY `MaMonHoc` (`Buoi`),
  ADD KEY `MaLopHoc` (`MaLopHoc`);

--
-- Chỉ mục cho bảng `giaovien`
--
ALTER TABLE `giaovien`
  ADD PRIMARY KEY (`Magv`),
  ADD UNIQUE KEY `SDT` (`SDT`),
  ADD KEY `fk_gv_mh` (`MaMonHoc`);

--
-- Chỉ mục cho bảng `hocky`
--
ALTER TABLE `hocky`
  ADD PRIMARY KEY (`MaHocKy`);

--
-- Chỉ mục cho bảng `hocsinh`
--
ALTER TABLE `hocsinh`
  ADD PRIMARY KEY (`MaHS`),
  ADD KEY `fk_hs_lh` (`MaLopHoc`);

--
-- Chỉ mục cho bảng `lophoc`
--
ALTER TABLE `lophoc`
  ADD PRIMARY KEY (`MaLopHoc`);

--
-- Chỉ mục cho bảng `migrations`
--
ALTER TABLE `migrations`
  ADD PRIMARY KEY (`id`);

--
-- Chỉ mục cho bảng `monhoc`
--
ALTER TABLE `monhoc`
  ADD PRIMARY KEY (`MaMonHoc`);

--
-- Chỉ mục cho bảng `user`
--
ALTER TABLE `user`
  ADD PRIMARY KEY (`id`);

--
-- Chỉ mục cho bảng `users`
--
ALTER TABLE `users`
  ADD PRIMARY KEY (`id`),
  ADD UNIQUE KEY `users_email_unique` (`email`);

--
-- AUTO_INCREMENT cho các bảng đã đổ
--

--
-- AUTO_INCREMENT cho bảng `ctdiemdanh`
--
ALTER TABLE `ctdiemdanh`
  MODIFY `ID` int(11) NOT NULL AUTO_INCREMENT, AUTO_INCREMENT=75;

--
-- AUTO_INCREMENT cho bảng `diem`
--
ALTER TABLE `diem`
  MODIFY `id` int(6) NOT NULL AUTO_INCREMENT, AUTO_INCREMENT=3135;

--
-- AUTO_INCREMENT cho bảng `diemdanh`
--
ALTER TABLE `diemdanh`
  MODIFY `MaDD` int(11) NOT NULL AUTO_INCREMENT, AUTO_INCREMENT=11;

--
-- AUTO_INCREMENT cho bảng `migrations`
--
ALTER TABLE `migrations`
  MODIFY `id` int(10) UNSIGNED NOT NULL AUTO_INCREMENT;

--
-- AUTO_INCREMENT cho bảng `user`
--
ALTER TABLE `user`
  MODIFY `id` int(10) NOT NULL AUTO_INCREMENT, AUTO_INCREMENT=105;

--
-- Các ràng buộc cho các bảng đã đổ
--

--
-- Các ràng buộc cho bảng `ctdiemdanh`
--
ALTER TABLE `ctdiemdanh`
  ADD CONSTRAINT `fk_MaDD` FOREIGN KEY (`MaDD`) REFERENCES `diemdanh` (`MaDD`) ON DELETE CASCADE ON UPDATE CASCADE;
COMMIT;

/*!40101 SET CHARACTER_SET_CLIENT=@OLD_CHARACTER_SET_CLIENT */;
/*!40101 SET CHARACTER_SET_RESULTS=@OLD_CHARACTER_SET_RESULTS */;
/*!40101 SET COLLATION_CONNECTION=@OLD_COLLATION_CONNECTION */;
